
; file: /home/user0/FIM/deps/goggles-shg-growth/lisp/symbolic/identity_v1.lisp
; in: DEFUN SYMBOLIC-UTF8-OCTETS-V1
;     (LOOP LSIP::FOR LSIP::CH LSIP::ACROSS LSIP::TEXT
;           LSIP::FOR LSIP::CODE = (CHAR-CODE LSIP::CH)
;           DO (COND ((<= LSIP::CODE 127) (LSIP::EMIT LSIP::CODE))
;                    ((<= LSIP::CODE 2047) (LSIP::EMIT (LOGIOR 192 #))
;                     (LSIP::EMIT (LOGIOR 128 #)))
;                    ((<= LSIP::CODE 65535) (LSIP::EMIT (LOGIOR 224 #))
;                     (LSIP::EMIT (LOGIOR 128 #)) (LSIP::EMIT (LOGIOR 128 #)))
;                    ((<= LSIP::CODE 1114111) (LSIP::EMIT (LOGIOR 240 #))
;                     (LSIP::EMIT (LOGIOR 128 #)) (LSIP::EMIT (LOGIOR 128 #))
;                     (LSIP::EMIT (LOGIOR 128 #)))
;                    (T (ERROR "Unsupported character code ~D." LSIP::CODE))))
; --> LET LET LET TAGBODY SB-LOOP::LOOP-DESETQ SETQ THE AREF 
; ==>
;   1
; 
; note: unable to
;   optimize
; because:
;   Upgraded element type of array is not known at compile time.

;     (LOOP LSIP::FOR LSIP::CH LSIP::ACROSS LSIP::TEXT
;           LSIP::FOR LSIP::CODE = (CHAR-CODE LSIP::CH)
;           LSIP::SUM (COND ((<= LSIP::CODE 127) 1) ((<= LSIP::CODE 2047) 2)
;                           ((<= LSIP::CODE 65535) 3) ((<= LSIP::CODE 1114111) 4)
;                           (T
;                            (ERROR "Unsupported character code ~D." LSIP::CODE))))
; --> LET LET LET SB-LOOP::WITH-SUM-COUNT LET TAGBODY SB-LOOP::LOOP-DESETQ SETQ 
; --> THE AREF 
; ==>
;   1
; 
; note: unable to
;   optimize
; because:
;   Upgraded element type of array is not known at compile time.

;     (MAKE-ARRAY LSIP::SIZE :ELEMENT-TYPE '(UNSIGNED-BYTE 8))
; --> LET PROGN UNLESS IF OR LET IF TYPEP 
; ==>
;   1
; 
; note: forced to do >-INTEGER-FIXNUM (cost 8)
;       unable to do inline fixnum comparison (cost 3) because:
;       The first argument is a UNSIGNED-BYTE, not a FIXNUM.

;     (LOOP LSIP::FOR LSIP::CH LSIP::ACROSS LSIP::TEXT
;           LSIP::FOR LSIP::CODE = (CHAR-CODE LSIP::CH)
;           LSIP::SUM (COND ((<= LSIP::CODE 127) 1) ((<= LSIP::CODE 2047) 2)
;                           ((<= LSIP::CODE 65535) 3) ((<= LSIP::CODE 1114111) 4)
;                           (T
;                            (ERROR "Unsupported character code ~D." LSIP::CODE))))
; --> LET LET LET SB-LOOP::WITH-SUM-COUNT LET TAGBODY SETQ THE 
; ==>
;   (+ #:LOOP-SUM-8
;      (COND ((<= LSIP::CODE 127) 1) ((<= LSIP::CODE 2047) 2)
;            ((<= LSIP::CODE 65535) 3) ((<= LSIP::CODE 1114111) 4)
;            (T (ERROR "Unsupported character code ~D." LSIP::CODE))))
; 
; note: forced to do GENERIC-+ (cost 10)
;       unable to do inline fixnum arithmetic (cost 2) because:
;       The first argument is a UNSIGNED-BYTE, not a FIXNUM.
;       The result is a (VALUES (INTEGER 1) &OPTIONAL), not a (VALUES FIXNUM
;                                                                     &OPTIONAL).
;       unable to do inline (signed-byte 64) arithmetic (cost 4) because:
;       The first argument is a UNSIGNED-BYTE, not a (SIGNED-BYTE 64).
;       The result is a (VALUES (INTEGER 1) &OPTIONAL), not a (VALUES
;                                                              (SIGNED-BYTE 64)
;                                                              &OPTIONAL).
;       etc.

;     (ERROR "Unsupported character code ~D." LSIP::CODE)
; 
; note: deleting unreachable code
; 
; note: deleting unreachable code

; in: DEFUN SYMBOLIC-SHA256-HEX-V1
;     (+ (AREF LSIP::H 0) LSIP::A)
; 
; note: unable to
;   open-code float conversion in mixed numeric operation
; due to type uncertainty:
;   The first argument is a NUMBER, not a RATIONAL.
;   The second argument is a NUMBER, not a FLOAT.
; 
; note: unable to
;   open-code float conversion in mixed numeric operation
; due to type uncertainty:
;   The first argument is a NUMBER, not a FLOAT.
;   The second argument is a NUMBER, not a RATIONAL.
; 
; note: unable to
;   open-code float conversion in mixed numeric operation
; due to type uncertainty:
;   The first argument is a NUMBER, not a RATIONAL.
;   The second argument is a NUMBER, not a (OR (COMPLEX SINGLE-FLOAT)
;                                              (COMPLEX DOUBLE-FLOAT)).
; 
; note: unable to
;   open-code float conversion in mixed numeric operation
; due to type uncertainty:
;   The first argument is a NUMBER, not a (OR (COMPLEX SINGLE-FLOAT)
;                                             (COMPLEX DOUBLE-FLOAT)).
;   The second argument is a NUMBER, not a RATIONAL.
; 
; note: unable to
;   open-code float conversion in mixed numeric operation
; due to type uncertainty:
;   The first argument is a NUMBER, not a SINGLE-FLOAT.
;   The second argument is a NUMBER, not a DOUBLE-FLOAT.
; 
; note: unable to
;   open-code float conversion in mixed numeric operation
; due to type uncertainty:
;   The first argument is a NUMBER, not a DOUBLE-FLOAT.
;   The second argument is a NUMBER, not a SINGLE-FLOAT.
; 
; note: unable to
;   open-code float conversion in mixed numeric operation
; due to type uncertainty:
;   The first argument is a NUMBER, not a SINGLE-FLOAT.
;   The second argument is a NUMBER, not a (COMPLEX DOUBLE-FLOAT).
; 
; note: unable to
;   open-code float conversion in mixed numeric operation
; due to type uncertainty:
;   The first argument is a NUMBER, not a (COMPLEX DOUBLE-FLOAT).
;   The second argument is a NUMBER, not a SINGLE-FLOAT.

;     (+ (AREF LSIP::H 1) LSIP::B)
; 
; note: unable to
;   open-code float conversion in mixed numeric operation
; due to type uncertainty:
;   The first argument is a NUMBER, not a RATIONAL.
;   The second argument is a NUMBER, not a FLOAT.
; 
; note: unable to
;   open-code float conversion in mixed numeric operation
; due to type uncertainty:
;   The first argument is a NUMBER, not a FLOAT.
;   The second argument is a NUMBER, not a RATIONAL.
; 
; note: unable to
;   open-code float conversion in mixed numeric operation
; due to type uncertainty:
;   The first argument is a NUMBER, not a RATIONAL.
;   The second argument is a NUMBER, not a (OR (COMPLEX SINGLE-FLOAT)
;                                              (COMPLEX DOUBLE-FLOAT)).
; 
; note: unable to
;   open-code float conversion in mixed numeric operation
; due to type uncertainty:
;   The first argument is a NUMBER, not a (OR (COMPLEX SINGLE-FLOAT)
;                                             (COMPLEX DOUBLE-FLOAT)).
;   The second argument is a NUMBER, not a RATIONAL.
; 
; note: unable to
;   open-code float conversion in mixed numeric operation
; due to type uncertainty:
;   The first argument is a NUMBER, not a SINGLE-FLOAT.
;   The second argument is a NUMBER, not a DOUBLE-FLOAT.
; 
; note: unable to
;   open-code float conversion in mixed numeric operation
; due to type uncertainty:
;   The first argument is a NUMBER, not a DOUBLE-FLOAT.
;   The second argument is a NUMBER, not a SINGLE-FLOAT.
; 
; note: unable to
;   open-code float conversion in mixed numeric operation
; due to type uncertainty:
;   The first argument is a NUMBER, not a SINGLE-FLOAT.
;   The second argument is a NUMBER, not a (COMPLEX DOUBLE-FLOAT).
; 
; note: unable to
;   open-code float conversion in mixed numeric operation
; due to type uncertainty:
;   The first argument is a NUMBER, not a (COMPLEX DOUBLE-FLOAT).
;   The second argument is a NUMBER, not a SINGLE-FLOAT.

;     (+ (AREF LSIP::H 2) LSIP::C)
; 
; note: unable to
;   open-code float conversion in mixed numeric operation
; due to type uncertainty:
;   The first argument is a NUMBER, not a RATIONAL.
;   The second argument is a NUMBER, not a FLOAT.
; 
; note: unable to
;   open-code float conversion in mixed numeric operation
; due to type uncertainty:
;   The first argument is a NUMBER, not a FLOAT.
;   The second argument is a NUMBER, not a RATIONAL.
; 
; note: unable to
;   open-code float conversion in mixed numeric operation
; due to type uncertainty:
;   The first argument is a NUMBER, not a RATIONAL.
;   The second argument is a NUMBER, not a (OR (COMPLEX SINGLE-FLOAT)
;                                              (COMPLEX DOUBLE-FLOAT)).
; 
; note: unable to
;   open-code float conversion in mixed numeric operation
; due to type uncertainty:
;   The first argument is a NUMBER, not a (OR (COMPLEX SINGLE-FLOAT)
;                                             (COMPLEX DOUBLE-FLOAT)).
;   The second argument is a NUMBER, not a RATIONAL.
; 
; note: unable to
;   open-code float conversion in mixed numeric operation
; due to type uncertainty:
;   The first argument is a NUMBER, not a SINGLE-FLOAT.
;   The second argument is a NUMBER, not a DOUBLE-FLOAT.
; 
; note: unable to
;   open-code float conversion in mixed numeric operation
; due to type uncertainty:
;   The first argument is a NUMBER, not a DOUBLE-FLOAT.
;   The second argument is a NUMBER, not a SINGLE-FLOAT.
; 
; note: unable to
;   open-code float conversion in mixed numeric operation
; due to type uncertainty:
;   The first argument is a NUMBER, not a SINGLE-FLOAT.
;   The second argument is a NUMBER, not a (COMPLEX DOUBLE-FLOAT).
; 
; note: unable to
;   open-code float conversion in mixed numeric operation
; due to type uncertainty:
;   The first argument is a NUMBER, not a (COMPLEX DOUBLE-FLOAT).
;   The second argument is a NUMBER, not a SINGLE-FLOAT.

;     (+ (AREF LSIP::H 3) LSIP::D)
; 
; note: unable to
;   open-code float conversion in mixed numeric operation
; due to type uncertainty:
;   The first argument is a NUMBER, not a RATIONAL.
;   The second argument is a NUMBER, not a FLOAT.
; 
; note: unable to
;   open-code float conversion in mixed numeric operation
; due to type uncertainty:
;   The first argument is a NUMBER, not a FLOAT.
;   The second argument is a NUMBER, not a RATIONAL.
; 
; note: unable to
;   open-code float conversion in mixed numeric operation
; due to type uncertainty:
;   The first argument is a NUMBER, not a RATIONAL.
;   The second argument is a NUMBER, not a (OR (COMPLEX SINGLE-FLOAT)
;                                              (COMPLEX DOUBLE-FLOAT)).
; 
; note: unable to
;   open-code float conversion in mixed numeric operation
; due to type uncertainty:
;   The first argument is a NUMBER, not a (OR (COMPLEX SINGLE-FLOAT)
;                                             (COMPLEX DOUBLE-FLOAT)).
;   The second argument is a NUMBER, not a RATIONAL.
; 
; note: unable to
;   open-code float conversion in mixed numeric operation
; due to type uncertainty:
;   The first argument is a NUMBER, not a SINGLE-FLOAT.
;   The second argument is a NUMBER, not a DOUBLE-FLOAT.
; 
; note: unable to
;   open-code float conversion in mixed numeric operation
; due to type uncertainty:
;   The first argument is a NUMBER, not a DOUBLE-FLOAT.
;   The second argument is a NUMBER, not a SINGLE-FLOAT.
; 
; note: unable to
;   open-code float conversion in mixed numeric operation
; due to type uncertainty:
;   The first argument is a NUMBER, not a SINGLE-FLOAT.
;   The second argument is a NUMBER, not a (COMPLEX DOUBLE-FLOAT).
; 
; note: unable to
;   open-code float conversion in mixed numeric operation
; due to type uncertainty:
;   The first argument is a NUMBER, not a (COMPLEX DOUBLE-FLOAT).
;   The second argument is a NUMBER, not a SINGLE-FLOAT.

;     (+ (AREF LSIP::H 4) LSIP::E)
; 
; note: unable to
;   open-code float conversion in mixed numeric operation
; due to type uncertainty:
;   The first argument is a NUMBER, not a RATIONAL.
;   The second argument is a NUMBER, not a FLOAT.
; 
; note: unable to
;   open-code float conversion in mixed numeric operation
; due to type uncertainty:
;   The first argument is a NUMBER, not a FLOAT.
;   The second argument is a NUMBER, not a RATIONAL.
; 
; note: unable to
;   open-code float conversion in mixed numeric operation
; due to type uncertainty:
;   The first argument is a NUMBER, not a RATIONAL.
;   The second argument is a NUMBER, not a (OR (COMPLEX SINGLE-FLOAT)
;                                              (COMPLEX DOUBLE-FLOAT)).
; 
; note: unable to
;   open-code float conversion in mixed numeric operation
; due to type uncertainty:
;   The first argument is a NUMBER, not a (OR (COMPLEX SINGLE-FLOAT)
;                                             (COMPLEX DOUBLE-FLOAT)).
;   The second argument is a NUMBER, not a RATIONAL.
; 
; note: unable to
;   open-code float conversion in mixed numeric operation
; due to type uncertainty:
;   The first argument is a NUMBER, not a SINGLE-FLOAT.
;   The second argument is a NUMBER, not a DOUBLE-FLOAT.
; 
; note: unable to
;   open-code float conversion in mixed numeric operation
; due to type uncertainty:
;   The first argument is a NUMBER, not a DOUBLE-FLOAT.
;   The second argument is a NUMBER, not a SINGLE-FLOAT.
; 
; note: unable to
;   open-code float conversion in mixed numeric operation
; due to type uncertainty:
;   The first argument is a NUMBER, not a SINGLE-FLOAT.
;   The second argument is a NUMBER, not a (COMPLEX DOUBLE-FLOAT).
; 
; note: unable to
;   open-code float conversion in mixed numeric operation
; due to type uncertainty:
;   The first argument is a NUMBER, not a (COMPLEX DOUBLE-FLOAT).
;   The second argument is a NUMBER, not a SINGLE-FLOAT.

;     (+ (AREF LSIP::H 5) LSIP::F)
; 
; note: unable to
;   open-code float conversion in mixed numeric operation
; due to type uncertainty:
;   The first argument is a NUMBER, not a RATIONAL.
;   The second argument is a NUMBER, not a FLOAT.
; 
; note: unable to
;   open-code float conversion in mixed numeric operation
; due to type uncertainty:
;   The first argument is a NUMBER, not a FLOAT.
;   The second argument is a NUMBER, not a RATIONAL.
; 
; note: unable to
;   open-code float conversion in mixed numeric operation
; due to type uncertainty:
;   The first argument is a NUMBER, not a RATIONAL.
;   The second argument is a NUMBER, not a (OR (COMPLEX SINGLE-FLOAT)
;                                              (COMPLEX DOUBLE-FLOAT)).
; 
; note: unable to
;   open-code float conversion in mixed numeric operation
; due to type uncertainty:
;   The first argument is a NUMBER, not a (OR (COMPLEX SINGLE-FLOAT)
;                                             (COMPLEX DOUBLE-FLOAT)).
;   The second argument is a NUMBER, not a RATIONAL.
; 
; note: unable to
;   open-code float conversion in mixed numeric operation
; due to type uncertainty:
;   The first argument is a NUMBER, not a SINGLE-FLOAT.
;   The second argument is a NUMBER, not a DOUBLE-FLOAT.
; 
; note: unable to
;   open-code float conversion in mixed numeric operation
; due to type uncertainty:
;   The first argument is a NUMBER, not a DOUBLE-FLOAT.
;   The second argument is a NUMBER, not a SINGLE-FLOAT.
; 
; note: unable to
;   open-code float conversion in mixed numeric operation
; due to type uncertainty:
;   The first argument is a NUMBER, not a SINGLE-FLOAT.
;   The second argument is a NUMBER, not a (COMPLEX DOUBLE-FLOAT).
; 
; note: unable to
;   open-code float conversion in mixed numeric operation
; due to type uncertainty:
;   The first argument is a NUMBER, not a (COMPLEX DOUBLE-FLOAT).
;   The second argument is a NUMBER, not a SINGLE-FLOAT.

;     (+ (AREF LSIP::H 6) LSIP::G)
; 
; note: unable to
;   open-code float conversion in mixed numeric operation
; due to type uncertainty:
;   The first argument is a NUMBER, not a RATIONAL.
;   The second argument is a NUMBER, not a FLOAT.
; 
; note: unable to
;   open-code float conversion in mixed numeric operation
; due to type uncertainty:
;   The first argument is a NUMBER, not a FLOAT.
;   The second argument is a NUMBER, not a RATIONAL.
; 
; note: unable to
;   open-code float conversion in mixed numeric operation
; due to type uncertainty:
;   The first argument is a NUMBER, not a RATIONAL.
;   The second argument is a NUMBER, not a (OR (COMPLEX SINGLE-FLOAT)
;                                              (COMPLEX DOUBLE-FLOAT)).
; 
; note: unable to
;   open-code float conversion in mixed numeric operation
; due to type uncertainty:
;   The first argument is a NUMBER, not a (OR (COMPLEX SINGLE-FLOAT)
;                                             (COMPLEX DOUBLE-FLOAT)).
;   The second argument is a NUMBER, not a RATIONAL.
; 
; note: unable to
;   open-code float conversion in mixed numeric operation
; due to type uncertainty:
;   The first argument is a NUMBER, not a SINGLE-FLOAT.
;   The second argument is a NUMBER, not a DOUBLE-FLOAT.
; 
; note: unable to
;   open-code float conversion in mixed numeric operation
; due to type uncertainty:
;   The first argument is a NUMBER, not a DOUBLE-FLOAT.
;   The second argument is a NUMBER, not a SINGLE-FLOAT.
; 
; note: unable to
;   open-code float conversion in mixed numeric operation
; due to type uncertainty:
;   The first argument is a NUMBER, not a SINGLE-FLOAT.
;   The second argument is a NUMBER, not a (COMPLEX DOUBLE-FLOAT).
; 
; note: unable to
;   open-code float conversion in mixed numeric operation
; due to type uncertainty:
;   The first argument is a NUMBER, not a (COMPLEX DOUBLE-FLOAT).
;   The second argument is a NUMBER, not a SINGLE-FLOAT.

;     (+ (AREF LSIP::H 7) LSIP::HH)
; 
; note: unable to
;   open-code float conversion in mixed numeric operation
; due to type uncertainty:
;   The first argument is a NUMBER, not a RATIONAL.
;   The second argument is a NUMBER, not a FLOAT.
; 
; note: unable to
;   open-code float conversion in mixed numeric operation
; due to type uncertainty:
;   The first argument is a NUMBER, not a FLOAT.
;   The second argument is a NUMBER, not a RATIONAL.
; 
; note: unable to
;   open-code float conversion in mixed numeric operation
; due to type uncertainty:
;   The first argument is a NUMBER, not a RATIONAL.
;   The second argument is a NUMBER, not a (OR (COMPLEX SINGLE-FLOAT)
;                                              (COMPLEX DOUBLE-FLOAT)).
; 
; note: unable to
;   open-code float conversion in mixed numeric operation
; due to type uncertainty:
;   The first argument is a NUMBER, not a (OR (COMPLEX SINGLE-FLOAT)
;                                             (COMPLEX DOUBLE-FLOAT)).
;   The second argument is a NUMBER, not a RATIONAL.
; 
; note: unable to
;   open-code float conversion in mixed numeric operation
; due to type uncertainty:
;   The first argument is a NUMBER, not a SINGLE-FLOAT.
;   The second argument is a NUMBER, not a DOUBLE-FLOAT.
; 
; note: unable to
;   open-code float conversion in mixed numeric operation
; due to type uncertainty:
;   The first argument is a NUMBER, not a DOUBLE-FLOAT.
;   The second argument is a NUMBER, not a SINGLE-FLOAT.
; 
; note: unable to
;   open-code float conversion in mixed numeric operation
; due to type uncertainty:
;   The first argument is a NUMBER, not a SINGLE-FLOAT.
;   The second argument is a NUMBER, not a (COMPLEX DOUBLE-FLOAT).
; 
; note: unable to
;   open-code float conversion in mixed numeric operation
; due to type uncertainty:
;   The first argument is a NUMBER, not a (COMPLEX DOUBLE-FLOAT).
;   The second argument is a NUMBER, not a SINGLE-FLOAT.

;     (+ LSIP::HH LSIP::S1 LSIP::CH (AREF LSIP::*SYMBOLIC-SHA256-K-V1* LSIP::I)
;        (AREF LSIP::W LSIP::I))
; 
; note: unable to
;   open-code float conversion in mixed numeric operation
; due to type uncertainty:
;   The first argument is a NUMBER, not a FLOAT.
; 
; note: unable to
;   open-code float conversion in mixed numeric operation
; due to type uncertainty:
;   The first argument is a NUMBER, not a (OR (COMPLEX SINGLE-FLOAT)
;                                             (COMPLEX DOUBLE-FLOAT)).
; 
; note: unable to
;   open-code float conversion in mixed numeric operation
; due to type uncertainty:
;   The first argument is a NUMBER, not a FLOAT.
; 
; note: unable to
;   open-code float conversion in mixed numeric operation
; due to type uncertainty:
;   The first argument is a NUMBER, not a (OR (COMPLEX SINGLE-FLOAT)
;                                             (COMPLEX DOUBLE-FLOAT)).

;     (AREF LSIP::*SYMBOLIC-SHA256-K-V1* LSIP::I)
; 
; note: unable to
;   optimize
; because:
;   Upgraded element type of array is not known at compile time.

;     (+ LSIP::HH LSIP::S1 LSIP::CH (AREF LSIP::*SYMBOLIC-SHA256-K-V1* LSIP::I)
;        (AREF LSIP::W LSIP::I))
; 
; note: unable to
;   open-code float conversion in mixed numeric operation
; due to type uncertainty:
;   The first argument is a NUMBER, not a RATIONAL.
;   The second argument is a NUMBER, not a FLOAT.
; 
; note: unable to
;   open-code float conversion in mixed numeric operation
; due to type uncertainty:
;   The first argument is a NUMBER, not a FLOAT.
;   The second argument is a NUMBER, not a RATIONAL.
; 
; note: unable to
;   open-code float conversion in mixed numeric operation
; due to type uncertainty:
;   The first argument is a NUMBER, not a RATIONAL.
;   The second argument is a NUMBER, not a (OR (COMPLEX SINGLE-FLOAT)
;                                              (COMPLEX DOUBLE-FLOAT)).
; 
; note: unable to
;   open-code float conversion in mixed numeric operation
; due to type uncertainty:
;   The first argument is a NUMBER, not a (OR (COMPLEX SINGLE-FLOAT)
;                                             (COMPLEX DOUBLE-FLOAT)).
;   The second argument is a NUMBER, not a RATIONAL.
; 
; note: unable to
;   open-code float conversion in mixed numeric operation
; due to type uncertainty:
;   The first argument is a NUMBER, not a SINGLE-FLOAT.
;   The second argument is a NUMBER, not a DOUBLE-FLOAT.
; 
; note: unable to
;   open-code float conversion in mixed numeric operation
; due to type uncertainty:
;   The first argument is a NUMBER, not a DOUBLE-FLOAT.
;   The second argument is a NUMBER, not a SINGLE-FLOAT.
; 
; note: unable to
;   open-code float conversion in mixed numeric operation
; due to type uncertainty:
;   The first argument is a NUMBER, not a SINGLE-FLOAT.
;   The second argument is a NUMBER, not a (COMPLEX DOUBLE-FLOAT).
; 
; note: unable to
;   open-code float conversion in mixed numeric operation
; due to type uncertainty:
;   The first argument is a NUMBER, not a (COMPLEX DOUBLE-FLOAT).
;   The second argument is a NUMBER, not a SINGLE-FLOAT.
; 
; note: unable to
;   open-code float conversion in mixed numeric operation
; due to type uncertainty:
;   The first argument is a NUMBER, not a FLOAT.
; 
; note: unable to
;   open-code float conversion in mixed numeric operation
; due to type uncertainty:
;   The first argument is a NUMBER, not a (OR (COMPLEX SINGLE-FLOAT)
;                                             (COMPLEX DOUBLE-FLOAT)).

;     (+ LSIP::D LSIP::TEMP1)
; 
; note: unable to
;   open-code float conversion in mixed numeric operation
; due to type uncertainty:
;   The first argument is a NUMBER, not a FLOAT.
; 
; note: unable to
;   open-code float conversion in mixed numeric operation
; due to type uncertainty:
;   The first argument is a NUMBER, not a (OR (COMPLEX SINGLE-FLOAT)
;                                             (COMPLEX DOUBLE-FLOAT)).

;     (* LENGTH 8)
; 
; note: forced to do */SIGNED=>INTEGER (cost 10)
;       unable to do inline fixnum arithmetic (cost 1) because:
;       The result is a (VALUES (MOD 36893488147419103201) &OPTIONAL), not a (VALUES
;                                                                             FIXNUM
;                                                                             &OPTIONAL).
;       unable to do inline fixnum arithmetic (cost 2) because:
;       The result is a (VALUES (MOD 36893488147419103201) &OPTIONAL), not a (VALUES
;                                                                             FIXNUM
;                                                                             &OPTIONAL).
;       etc.

;     (LDB (BYTE 8 (* 8 (- 7 LSIP::I))) LSIP::BIT-LENGTH)
; 
; note: forced to do full call
;       unable to do inline ASH (cost 3) because:
;       The first argument is a (MOD 36893488147419103201), not a FIXNUM.
;       The second argument is a (INTEGER -56 0), not a (UNSIGNED-BYTE 62).
;       The result is a (VALUES (MOD 36893488147419103201) &OPTIONAL), not a (VALUES
;                                                                             FIXNUM
;                                                                             &OPTIONAL).
;       unable to do inline ASH (cost 4) because:
;       The first argument is a (MOD 36893488147419103201), not a (UNSIGNED-BYTE
;                                                                  64).
;       The second argument is a (INTEGER -56 0), not a (UNSIGNED-BYTE 62).
;       The result is a (VALUES (MOD 36893488147419103201) &OPTIONAL), not a (VALUES
;                                                                             (UNSIGNED-BYTE
;                                                                              64)
;                                                                             &OPTIONAL).
;       etc.

;     (LOGAND (LOGNOT LSIP::E) LSIP::G)
; 
; note: forced to do full call
;       unable to do inline fixnum arithmetic (cost 2) because:
;       The second argument is a T, not a FIXNUM.
;       The result is a (VALUES INTEGER &OPTIONAL), not a (VALUES FIXNUM
;                                                                 &OPTIONAL).
;       unable to do inline (signed-byte 64) arithmetic (cost 3) because:
;       The second argument is a T, not a (SIGNED-BYTE 64).
;       The result is a (VALUES INTEGER &OPTIONAL), not a (VALUES
;                                                          (SIGNED-BYTE 64)
;                                                          &OPTIONAL).
;       etc.

;     (LOGXOR (LOGAND LSIP::E LSIP::F) (LOGAND (LOGNOT LSIP::E) LSIP::G))
; 
; note: forced to do full call
;       unable to do inline fixnum arithmetic (cost 2) because:
;       The second argument is a INTEGER, not a FIXNUM.
;       The result is a (VALUES INTEGER &OPTIONAL), not a (VALUES FIXNUM
;                                                                 &OPTIONAL).
;       unable to do inline (unsigned-byte 64) arithmetic (cost 3) because:
;       The second argument is a INTEGER, not a (UNSIGNED-BYTE 64).
;       The result is a (VALUES INTEGER &OPTIONAL), not a (VALUES
;                                                          (UNSIGNED-BYTE 64)
;                                                          &OPTIONAL).
;       etc.

;     (+ LSIP::HH LSIP::S1 LSIP::CH (AREF LSIP::*SYMBOLIC-SHA256-K-V1* LSIP::I)
;        (AREF LSIP::W LSIP::I))
; 
; note: forced to do GENERIC-+ (cost 10)
;       unable to do inline fixnum arithmetic (cost 2) because:
;       The first argument is a T, not a FIXNUM.
;       The result is a (VALUES NUMBER &OPTIONAL), not a (VALUES FIXNUM &OPTIONAL).
;       unable to do inline (signed-byte 64) arithmetic (cost 4) because:
;       The first argument is a T, not a (SIGNED-BYTE 64).
;       The result is a (VALUES NUMBER &OPTIONAL), not a (VALUES (SIGNED-BYTE 64)
;                                                                &OPTIONAL).
;       etc.
; 
; note: forced to do GENERIC-+ (cost 10)
;       unable to do inline fixnum arithmetic (cost 2) because:
;       The first argument is a NUMBER, not a FIXNUM.
;       The second argument is a INTEGER, not a FIXNUM.
;       The result is a (VALUES NUMBER &OPTIONAL), not a (VALUES FIXNUM &OPTIONAL).
;       unable to do inline (signed-byte 64) arithmetic (cost 4) because:
;       The first argument is a NUMBER, not a (SIGNED-BYTE 64).
;       The second argument is a INTEGER, not a (SIGNED-BYTE 64).
;       The result is a (VALUES NUMBER &OPTIONAL), not a (VALUES (SIGNED-BYTE 64)
;                                                                &OPTIONAL).
;       etc.
; 
; note: forced to do GENERIC-+ (cost 10)
;       unable to do inline float arithmetic (cost 2) because:
;       The first argument is a NUMBER, not a DOUBLE-FLOAT.
;       The second argument is a T, not a DOUBLE-FLOAT.
;       The result is a (VALUES NUMBER &OPTIONAL), not a (VALUES DOUBLE-FLOAT
;                                                                &OPTIONAL).
;       unable to do inline float arithmetic (cost 2) because:
;       The first argument is a NUMBER, not a SINGLE-FLOAT.
;       The second argument is a T, not a SINGLE-FLOAT.
;       The result is a (VALUES NUMBER &OPTIONAL), not a (VALUES SINGLE-FLOAT
;                                                                &OPTIONAL).
;       etc.
; 
; note: forced to do GENERIC-+ (cost 10)
;       unable to do inline fixnum arithmetic (cost 2) because:
;       The first argument is a NUMBER, not a FIXNUM.
;       The result is a (VALUES NUMBER &OPTIONAL), not a (VALUES FIXNUM &OPTIONAL).
;       unable to do inline (signed-byte 64) arithmetic (cost 4) because:
;       The first argument is a NUMBER, not a (SIGNED-BYTE 64).
;       The result is a (VALUES NUMBER &OPTIONAL), not a (VALUES (SIGNED-BYTE 64)
;                                                                &OPTIONAL).
;       etc.

;     (+ LSIP::D LSIP::TEMP1)
; 
; note: forced to do GENERIC-+ (cost 10)
;       unable to do inline fixnum arithmetic (cost 2) because:
;       The first argument is a T, not a FIXNUM.
;       The result is a (VALUES NUMBER &OPTIONAL), not a (VALUES FIXNUM &OPTIONAL).
;       unable to do inline (signed-byte 64) arithmetic (cost 4) because:
;       The first argument is a T, not a (SIGNED-BYTE 64).
;       The result is a (VALUES NUMBER &OPTIONAL), not a (VALUES (SIGNED-BYTE 64)
;                                                                &OPTIONAL).
;       etc.

;     (+ (AREF LSIP::H 0) LSIP::A)
; 
; note: forced to do GENERIC-+ (cost 10)
;       unable to do inline float arithmetic (cost 2) because:
;       The first argument is a T, not a DOUBLE-FLOAT.
;       The second argument is a T, not a DOUBLE-FLOAT.
;       The result is a (VALUES NUMBER &OPTIONAL), not a (VALUES DOUBLE-FLOAT
;                                                                &OPTIONAL).
;       unable to do inline float arithmetic (cost 2) because:
;       The first argument is a T, not a SINGLE-FLOAT.
;       The second argument is a T, not a SINGLE-FLOAT.
;       The result is a (VALUES NUMBER &OPTIONAL), not a (VALUES SINGLE-FLOAT
;                                                                &OPTIONAL).
;       etc.

;     (+ (AREF LSIP::H 1) LSIP::B)
; 
; note: forced to do GENERIC-+ (cost 10)
;       unable to do inline float arithmetic (cost 2) because:
;       The first argument is a T, not a DOUBLE-FLOAT.
;       The second argument is a T, not a DOUBLE-FLOAT.
;       The result is a (VALUES NUMBER &OPTIONAL), not a (VALUES DOUBLE-FLOAT
;                                                                &OPTIONAL).
;       unable to do inline float arithmetic (cost 2) because:
;       The first argument is a T, not a SINGLE-FLOAT.
;       The second argument is a T, not a SINGLE-FLOAT.
;       The result is a (VALUES NUMBER &OPTIONAL), not a (VALUES SINGLE-FLOAT
;                                                                &OPTIONAL).
;       etc.

;     (+ (AREF LSIP::H 2) LSIP::C)
; 
; note: forced to do GENERIC-+ (cost 10)
;       unable to do inline float arithmetic (cost 2) because:
;       The first argument is a T, not a DOUBLE-FLOAT.
;       The second argument is a T, not a DOUBLE-FLOAT.
;       The result is a (VALUES NUMBER &OPTIONAL), not a (VALUES DOUBLE-FLOAT
;                                                                &OPTIONAL).
;       unable to do inline float arithmetic (cost 2) because:
;       The first argument is a T, not a SINGLE-FLOAT.
;       The second argument is a T, not a SINGLE-FLOAT.
;       The result is a (VALUES NUMBER &OPTIONAL), not a (VALUES SINGLE-FLOAT
;                                                                &OPTIONAL).
;       etc.

;     (+ (AREF LSIP::H 3) LSIP::D)
; 
; note: forced to do GENERIC-+ (cost 10)
;       unable to do inline float arithmetic (cost 2) because:
;       The first argument is a T, not a DOUBLE-FLOAT.
;       The second argument is a T, not a DOUBLE-FLOAT.
;       The result is a (VALUES NUMBER &OPTIONAL), not a (VALUES DOUBLE-FLOAT
;                                                                &OPTIONAL).
;       unable to do inline float arithmetic (cost 2) because:
;       The first argument is a T, not a SINGLE-FLOAT.
;       The second argument is a T, not a SINGLE-FLOAT.
;       The result is a (VALUES NUMBER &OPTIONAL), not a (VALUES SINGLE-FLOAT
;                                                                &OPTIONAL).
;       etc.

;     (+ (AREF LSIP::H 4) LSIP::E)
; 
; note: forced to do GENERIC-+ (cost 10)
;       unable to do inline float arithmetic (cost 2) because:
;       The first argument is a T, not a DOUBLE-FLOAT.
;       The second argument is a T, not a DOUBLE-FLOAT.
;       The result is a (VALUES NUMBER &OPTIONAL), not a (VALUES DOUBLE-FLOAT
;                                                                &OPTIONAL).
;       unable to do inline float arithmetic (cost 2) because:
;       The first argument is a T, not a SINGLE-FLOAT.
;       The second argument is a T, not a SINGLE-FLOAT.
;       The result is a (VALUES NUMBER &OPTIONAL), not a (VALUES SINGLE-FLOAT
;                                                                &OPTIONAL).
;       etc.

;     (+ (AREF LSIP::H 5) LSIP::F)
; 
; note: forced to do GENERIC-+ (cost 10)
;       unable to do inline float arithmetic (cost 2) because:
;       The first argument is a T, not a DOUBLE-FLOAT.
;       The second argument is a T, not a DOUBLE-FLOAT.
;       The result is a (VALUES NUMBER &OPTIONAL), not a (VALUES DOUBLE-FLOAT
;                                                                &OPTIONAL).
;       unable to do inline float arithmetic (cost 2) because:
;       The first argument is a T, not a SINGLE-FLOAT.
;       The second argument is a T, not a SINGLE-FLOAT.
;       The result is a (VALUES NUMBER &OPTIONAL), not a (VALUES SINGLE-FLOAT
;                                                                &OPTIONAL).
;       etc.

;     (+ (AREF LSIP::H 6) LSIP::G)
; 
; note: forced to do GENERIC-+ (cost 10)
;       unable to do inline float arithmetic (cost 2) because:
;       The first argument is a T, not a DOUBLE-FLOAT.
;       The second argument is a T, not a DOUBLE-FLOAT.
;       The result is a (VALUES NUMBER &OPTIONAL), not a (VALUES DOUBLE-FLOAT
;                                                                &OPTIONAL).
;       unable to do inline float arithmetic (cost 2) because:
;       The first argument is a T, not a SINGLE-FLOAT.
;       The second argument is a T, not a SINGLE-FLOAT.
;       The result is a (VALUES NUMBER &OPTIONAL), not a (VALUES SINGLE-FLOAT
;                                                                &OPTIONAL).
;       etc.

;     (+ (AREF LSIP::H 7) LSIP::HH)
; 
; note: forced to do GENERIC-+ (cost 10)
;       unable to do inline float arithmetic (cost 2) because:
;       The first argument is a T, not a DOUBLE-FLOAT.
;       The second argument is a T, not a DOUBLE-FLOAT.
;       The result is a (VALUES NUMBER &OPTIONAL), not a (VALUES DOUBLE-FLOAT
;                                                                &OPTIONAL).
;       unable to do inline float arithmetic (cost 2) because:
;       The first argument is a T, not a SINGLE-FLOAT.
;       The second argument is a T, not a SINGLE-FLOAT.
;       The result is a (VALUES NUMBER &OPTIONAL), not a (VALUES SINGLE-FLOAT
;                                                                &OPTIONAL).
;       etc.
WARNING: redefining LSIP::SCAFFOLD-HOLE-ALLOWS-DERIVATION-P-V1 in DEFUN
WARNING: redefining LSIP::SCAFFOLD-DERIVATION-TARGETS-HOLE-P-V1 in DEFUN
WARNING: redefining LSIP::SCAFFOLD-HOLE-ALLOWS-DERIVATION-P-V1 in DEFUN
WARNING: redefining LSIP::SCAFFOLD-DERIVATION-TARGETS-HOLE-P-V1 in DEFUN
WARNING: redefining LSIP::SCAFFOLD-AUTHORITY-SNAPSHOT-V1-ENTRY< in DEFUN
WARNING: redefining LSIP::SCAFFOLD-AUTHORITY-PROJECTION-V1< in DEFUN
WARNING: redefining LSIP::VALIDATE-SCAFFOLD-AUTHORITY-SNAPSHOT-V1 in DEFUN
WARNING: redefining LSIP::CLEAR-SCAFFOLD-AUTHORITY-V1 in DEFUN
WARNING: redefining LSIP::RESTORE-SCAFFOLD-AUTHORITY-SNAPSHOT-V1 in DEFUN

; file: /home/user0/FIM/deps/goggles-shg-growth/lisp/semantic_hypergraph_core_v1.lisp
; in: DEFUN SEMANTIC-HYPERGRAPH-REF-IDENTITY-V1
;     (TYPECASE LSIP::VALUE
;       (LSIP::SEMANTIC-NODE-V1 (LSIP::SEMANTIC-NODE-V1-NODE-IDENTITY LSIP::VALUE))
;       (LSIP::SEMANTIC-REGION-V1
;        (LSIP::SEMANTIC-REGION-V1-REGION-IDENTITY LSIP::VALUE))
;       (LSIP::SEMANTIC-PORT-V1 (LSIP::SEMANTIC-PORT-V1-PORT-IDENTITY LSIP::VALUE))
;       (LSIP::SEMANTIC-INCIDENCE-V1
;        (LSIP::SEMANTIC-INCIDENCE-V1-INCIDENCE-IDENTITY LSIP::VALUE))
;       (LSIP::SEMANTIC-HYPEREDGE-V1
;        (LSIP::SEMANTIC-HYPEREDGE-V1-HYPEREDGE-IDENTITY LSIP::VALUE))
;       (LSIP::RECURSIVE-SEMANTIC-HYPERGRAPH-V1
;        (LSIP::RECURSIVE-SEMANTIC-HYPERGRAPH-V1-GRAPH-IDENTITY LSIP::VALUE))
;       (LSIP::PARTIAL-RECURSIVE-SEMANTIC-HYPERGRAPH-V1
;        (LSIP::PARTIAL-RECURSIVE-SEMANTIC-HYPERGRAPH-V1-PARTIAL-GRAPH-IDENTITY
;         LSIP::VALUE))
;       (LSIP::SEMANTIC-HYPERGRAPH-HOLE-V1
;        (LSIP::SEMANTIC-HYPERGRAPH-HOLE-V1-HOLE-IDENTITY LSIP::VALUE))
;       (T (COPY-TREE LSIP::VALUE)))
; --> COND IF 
; ==>
;   (TYPEP #:G0 'LSIP::SEMANTIC-NODE-V1)
; 
; note: can't open-code test of unknown type SEMANTIC-NODE-V1

; --> COND IF IF 
; ==>
;   (TYPEP #:G0 'LSIP::SEMANTIC-REGION-V1)
; 
; note: can't open-code test of unknown type SEMANTIC-REGION-V1

; --> COND IF IF IF 
; ==>
;   (TYPEP #:G0 'LSIP::SEMANTIC-PORT-V1)
; 
; note: can't open-code test of unknown type SEMANTIC-PORT-V1

; --> COND IF IF IF IF 
; ==>
;   (TYPEP #:G0 'LSIP::SEMANTIC-INCIDENCE-V1)
; 
; note: can't open-code test of unknown type SEMANTIC-INCIDENCE-V1

; --> COND IF IF IF IF IF 
; ==>
;   (TYPEP #:G0 'LSIP::SEMANTIC-HYPEREDGE-V1)
; 
; note: can't open-code test of unknown type SEMANTIC-HYPEREDGE-V1

; --> COND IF IF IF IF IF IF 
; ==>
;   (TYPEP #:G0 'LSIP::RECURSIVE-SEMANTIC-HYPERGRAPH-V1)
; 
; note: can't open-code test of unknown type RECURSIVE-SEMANTIC-HYPERGRAPH-V1

; --> COND IF IF IF IF IF IF IF 
; ==>
;   (TYPEP #:G0 'LSIP::PARTIAL-RECURSIVE-SEMANTIC-HYPERGRAPH-V1)
; 
; note: can't open-code test of unknown type PARTIAL-RECURSIVE-SEMANTIC-HYPERGRAPH-V1

; --> COND IF IF IF IF IF IF IF IF 
; ==>
;   (TYPEP #:G0 'LSIP::SEMANTIC-HYPERGRAPH-HOLE-V1)
; 
; note: can't open-code test of unknown type SEMANTIC-HYPERGRAPH-HOLE-V1

; in: DEFSTRUCT SEMANTIC-NODE-V1
;     (DEFSTRUCT
;         (LSIP::SEMANTIC-NODE-V1 (:CONSTRUCTOR LSIP::%MAKE-SEMANTIC-NODE-V1))
;       LSIP::SEMANTIC-REF
;       LSIP:NODE-KIND
;       LSIP::INPUT-SURFACE-REF
;       LSIP::OUTPUT-SURFACE-REF
;       LSIP::STATE-PROFILE-REF
;       LSIP::EFFECT-PROFILE-REF
;       LSIP::RESOURCE-PROFILE-REF
;       LSIP::AUTHORITY-PROFILE-REF
;       LSIP::FORMAL-STATE-REF
;       LSIP::PROVENANCE-REF
;       ...)
; --> EVAL-WHEN 
; ==>
;   (SB-KERNEL::%COMPILER-DEFSTRUCT
;    '#<SB-KERNEL:DEFSTRUCT-DESCRIPTION LSIP::SEMANTIC-NODE-V1 {1002E634B3}>
;    '#(#<SB-KERNEL:WRAPPER (ID=0) for T {50101003}>
;       #<SB-KERNEL:WRAPPER (ID=1) for STRUCTURE-OBJECT {50101073}>))
; 
; caught STYLE-WARNING:
;   Previously compiled call to LSIP::SEMANTIC-NODE-V1-NODE-IDENTITY could not be
;   inlined because the structure definition for LSIP::SEMANTIC-NODE-V1 was not yet
;   seen. To avoid this warning, DEFSTRUCT should precede references to the
;   affected functions, or they must be declared locally notinline at each call
;   site.

; in: DEFSTRUCT SEMANTIC-REGION-V1
;     (DEFSTRUCT
;         (LSIP::SEMANTIC-REGION-V1 (:CONSTRUCTOR LSIP::%MAKE-SEMANTIC-REGION-V1))
;       LSIP::SEMANTIC-REF
;       LSIP::REGION-KIND
;       LSIP::SURFACE-REF
;       LSIP::FORMAL-SURFACE-REF
;       LSIP::REFINEMENT-REF
;       LSIP::EXPORTED-PORT-REFS
;       LSIP::REQUIRED-CAPABILITY-REFS
;       LSIP::PROVIDED-CAPABILITY-REFS
;       LSIP::STATE-PROFILE-REF
;       LSIP::EFFECT-PROFILE-REF
;       ...)
; --> EVAL-WHEN 
; ==>
;   (SB-KERNEL::%COMPILER-DEFSTRUCT
;    '#<SB-KERNEL:DEFSTRUCT-DESCRIPTION LSIP::SEMANTIC-REGION-V1 {1003763E43}>
;    '#(#<SB-KERNEL:WRAPPER (ID=0) for T {50101003}>
;       #<SB-KERNEL:WRAPPER (ID=1) for STRUCTURE-OBJECT {50101073}>))
; 
; caught STYLE-WARNING:
;   Previously compiled call to LSIP::SEMANTIC-REGION-V1-REGION-IDENTITY could not
;   be inlined because the structure definition for LSIP::SEMANTIC-REGION-V1 was
;   not yet seen. To avoid this warning, DEFSTRUCT should precede references to the
;   affected functions, or they must be declared locally notinline at each call
;   site.

; in: DEFSTRUCT SEMANTIC-PORT-V1
;     (DEFSTRUCT
;         (LSIP::SEMANTIC-PORT-V1 (:CONSTRUCTOR LSIP::%MAKE-SEMANTIC-PORT-V1))
;       LSIP::OWNER-REGION-REF
;       LSIP::PORT-KIND
;       LSIP::DIRECTION
;       LSIP::CONTRACT-REF
;       LSIP::SEMANTIC-REF
;       LSIP::FORMAL-SURFACE-REF
;       LSIP::STATE-PROFILE-REF
;       LSIP::EFFECT-PROFILE-REF
;       LSIP::RESOURCE-PROFILE-REF
;       LSIP::AUTHORITY-PROFILE-REF
;       ...)
; --> EVAL-WHEN 
; ==>
;   (SB-KERNEL::%COMPILER-DEFSTRUCT
;    '#<SB-KERNEL:DEFSTRUCT-DESCRIPTION LSIP::SEMANTIC-PORT-V1 {1004204973}>
;    '#(#<SB-KERNEL:WRAPPER (ID=0) for T {50101003}>
;       #<SB-KERNEL:WRAPPER (ID=1) for STRUCTURE-OBJECT {50101073}>))
; 
; caught STYLE-WARNING:
;   Previously compiled call to LSIP::SEMANTIC-PORT-V1-PORT-IDENTITY could not be
;   inlined because the structure definition for LSIP::SEMANTIC-PORT-V1 was not yet
;   seen. To avoid this warning, DEFSTRUCT should precede references to the
;   affected functions, or they must be declared locally notinline at each call
;   site.

; in: DEFSTRUCT SEMANTIC-INCIDENCE-V1
;     (DEFSTRUCT
;         (LSIP::SEMANTIC-INCIDENCE-V1
;          (:CONSTRUCTOR LSIP::%MAKE-SEMANTIC-INCIDENCE-V1))
;       LSIP::ROLE
;       LSIP::PARTICIPANT-KIND
;       LSIP::PARTICIPANT-REF
;       LSIP::ORDINAL
;       LSIP::CONTRACT-REF
;       LSIP::FORMAL-STATE-REF
;       LSIP::INCIDENCE-IDENTITY)
; --> EVAL-WHEN 
; ==>
;   (SB-KERNEL::%COMPILER-DEFSTRUCT
;    '#<SB-KERNEL:DEFSTRUCT-DESCRIPTION LSIP::SEMANTIC-INCIDENCE-V1 {1004B8CF03}>
;    '#(#<SB-KERNEL:WRAPPER (ID=0) for T {50101003}>
;       #<SB-KERNEL:WRAPPER (ID=1) for STRUCTURE-OBJECT {50101073}>))
; 
; caught STYLE-WARNING:
;   Previously compiled call to LSIP::SEMANTIC-INCIDENCE-V1-INCIDENCE-IDENTITY
;   could not be inlined because the structure definition for
;   LSIP::SEMANTIC-INCIDENCE-V1 was not yet seen. To avoid this warning, DEFSTRUCT
;   should precede references to the affected functions, or they must be declared
;   locally notinline at each call site.
WARNING:
   Lisp compilation had style-warnings while compiling
   #<CL-SOURCE-FILE "lsip-graph-identity" "lisp/semantic_hypergraph_core_v1">

; file: /home/user0/FIM/deps/goggles-shg-growth/lisp/semantic_relation_constitution_v1.lisp
; in: DEFSTRUCT SEMANTIC-HYPEREDGE-V1
;     (DEFSTRUCT
;         (LSIP::SEMANTIC-HYPEREDGE-V1
;          (:CONSTRUCTOR LSIP::%MAKE-SEMANTIC-HYPEREDGE-V1))
;       LSIP::RELATION-KIND
;       LSIP::CONSTITUTION-REF
;       LSIP::INCIDENCES
;       LSIP::PARAMETERS
;       LSIP::FORMAL-STATE-REF
;       LSIP::PROVENANCE-REF
;       LSIP::ALGEBRA-AUTHORITY-REF
;       LSIP::HYPEREDGE-IDENTITY)
; --> EVAL-WHEN 
; ==>
;   (SB-KERNEL::%COMPILER-DEFSTRUCT
;    '#<SB-KERNEL:DEFSTRUCT-DESCRIPTION LSIP::SEMANTIC-HYPEREDGE-V1 {1003701A23}>
;    '#(#<SB-KERNEL:WRAPPER (ID=0) for T {50101003}>
;       #<SB-KERNEL:WRAPPER (ID=1) for STRUCTURE-OBJECT {50101073}>))
; 
; caught STYLE-WARNING:
;   Previously compiled call to LSIP::SEMANTIC-HYPEREDGE-V1-HYPEREDGE-IDENTITY
;   could not be inlined because the structure definition for
;   LSIP::SEMANTIC-HYPEREDGE-V1 was not yet seen. To avoid this warning, DEFSTRUCT
;   should precede references to the affected functions, or they must be declared
;   locally notinline at each call site.
WARNING:
   Lisp compilation had style-warnings while compiling
   #<CL-SOURCE-FILE "lsip-graph-identity" "lisp/semantic_relation_constitution_v1">

; file: /home/user0/FIM/deps/goggles-shg-growth/lisp/semantic_bundle_registry_row_v1.lisp
; in: DEFUN SEMANTIC-RELATION-ROW-PARAMETER-FORM-V1
;     'LSIP::SEMANTIC-BOUNDARY-SURFACE-V1
; 
; note: can't open-code test of unknown type SEMANTIC-BOUNDARY-SURFACE-V1

; file: /home/user0/FIM/deps/goggles-shg-growth/lisp/semantic_bundle_g2_compat_v1.lisp
; in: DEFUN GRAPH-EDGE-HOLE-V1->SEMANTIC-HOLE-ROW-V1
;     'LSIP::GRAPH-EDGE-HOLE-V1
; 
; note: can't open-code test of unknown type GRAPH-EDGE-HOLE-V1

; file: /home/user0/FIM/deps/goggles-shg-growth/lisp/semantic_bundle_hypergraph_view_v1.lisp
; in: DEFSTRUCT RECURSIVE-SEMANTIC-HYPERGRAPH-VIEW-V1
;     (DEFSTRUCT
;         (LSIP::RECURSIVE-SEMANTIC-HYPERGRAPH-VIEW-V1
;          (:CONSTRUCTOR LSIP::%MAKE-RECURSIVE-SEMANTIC-HYPERGRAPH-VIEW-V1))
;       LSIP::BUNDLE-CLOSURE-REF
;       LSIP::BUNDLE-SNAPSHOT-REF
;       LSIP::BASE-REGISTRY-SET-REF
;       LSIP::MEMBER-ROWS
;       LSIP::PORT-ROWS
;       LSIP::RELATION-ROWS
;       LSIP::INCIDENCE-ROWS
;       LSIP::HOLE-ROWS
;       LSIP::CHILD-BOUNDARY-ROWS
;       LSIP::VIEW-IDENTITY)
; --> EVAL-WHEN 
; ==>
;   (SB-KERNEL::%COMPILER-DEFSTRUCT
;    '#<SB-KERNEL:DEFSTRUCT-DESCRIPTION LSIP::RECURSIVE-SEMANTIC-HYPERGRAPH-VIEW-V1 {1004A7E423}>
;    '#(#<SB-KERNEL:WRAPPER (ID=0) for T {50101003}>
;       #<SB-KERNEL:WRAPPER (ID=1) for STRUCTURE-OBJECT {50101073}>))
; 
; caught STYLE-WARNING:
;   Previously compiled calls to
;   LSIP::RECURSIVE-SEMANTIC-HYPERGRAPH-VIEW-V1-MEMBER-ROWS,
;   LSIP::RECURSIVE-SEMANTIC-HYPERGRAPH-VIEW-V1-PORT-ROWS,
;   LSIP::RECURSIVE-SEMANTIC-HYPERGRAPH-VIEW-V1-RELATION-ROWS,
;   LSIP::RECURSIVE-SEMANTIC-HYPERGRAPH-VIEW-V1-INCIDENCE-ROWS and
;   LSIP::RECURSIVE-SEMANTIC-HYPERGRAPH-VIEW-V1-VIEW-IDENTITY could not be inlined
;   because the structure definition for
;   LSIP::RECURSIVE-SEMANTIC-HYPERGRAPH-VIEW-V1 was not yet seen. To avoid this
;   warning, DEFSTRUCT should precede references to the affected functions, or they
;   must be declared locally notinline at each call site.
WARNING:
   Lisp compilation had style-warnings while compiling
   #<CL-SOURCE-FILE "lsip-graph-identity" "lisp/semantic_bundle_hypergraph_view_v1">

; file: /home/user0/FIM/deps/goggles-shg-growth/lisp/recursive_semantic_hypergraph_v1.lisp
; in: DEFSTRUCT RECURSIVE-SEMANTIC-HYPERGRAPH-V1
;     (DEFSTRUCT
;         (LSIP::RECURSIVE-SEMANTIC-HYPERGRAPH-V1
;          (:CONSTRUCTOR LSIP::%MAKE-RECURSIVE-SEMANTIC-HYPERGRAPH-V1))
;       LSIP::GRAPH-KIND
;       LSIP::REGIONS
;       LSIP::NODES
;       LSIP::PORTS
;       LSIP::HYPEREDGES
;       LSIP::ROOT-REGION-REF
;       LSIP::FORMAL-STATE-REF
;       LSIP::PROVENANCE-REF
;       LSIP::GRAPH-IDENTITY)
; --> EVAL-WHEN 
; ==>
;   (SB-KERNEL::%COMPILER-DEFSTRUCT
;    '#<SB-KERNEL:DEFSTRUCT-DESCRIPTION LSIP::RECURSIVE-SEMANTIC-HYPERGRAPH-V1 {1003490CC3}>
;    '#(#<SB-KERNEL:WRAPPER (ID=0) for T {50101003}>
;       #<SB-KERNEL:WRAPPER (ID=1) for STRUCTURE-OBJECT {50101073}>))
; 
; caught STYLE-WARNING:
;   Previously compiled call to
;   LSIP::RECURSIVE-SEMANTIC-HYPERGRAPH-V1-GRAPH-IDENTITY could not be inlined
;   because the structure definition for LSIP::RECURSIVE-SEMANTIC-HYPERGRAPH-V1 was
;   not yet seen. To avoid this warning, DEFSTRUCT should precede references to the
;   affected functions, or they must be declared locally notinline at each call
;   site.
WARNING:
   Lisp compilation had style-warnings while compiling
   #<CL-SOURCE-FILE "lsip-graph-identity" "lisp/recursive_semantic_hypergraph_v1">

; file: /home/user0/FIM/deps/goggles-shg-growth/lisp/partial_recursive_semantic_hypergraph_v1.lisp
; in: DEFSTRUCT SEMANTIC-HYPERGRAPH-HOLE-V1
;     (DEFSTRUCT
;         (LSIP::SEMANTIC-HYPERGRAPH-HOLE-V1
;          (:CONSTRUCTOR LSIP::%MAKE-SEMANTIC-HYPERGRAPH-HOLE-V1))
;       LSIP::HOLE-KIND
;       LSIP::SEMANTIC-REF
;       LSIP::OWNING-GRAPH-REF
;       LSIP::PARTICIPANT-DOMAIN
;       LSIP::SURFACE-CONSTRAINTS
;       LSIP::FORMAL-CONSTRAINTS
;       LSIP::ALLOWED-KINDS
;       LSIP::PROVENANCE-REF
;       LSIP::ADDRESS-REF
;       LSIP::HOLE-IDENTITY)
; --> EVAL-WHEN 
; ==>
;   (SB-KERNEL::%COMPILER-DEFSTRUCT
;    '#<SB-KERNEL:DEFSTRUCT-DESCRIPTION LSIP::SEMANTIC-HYPERGRAPH-HOLE-V1 {100400A363}>
;    '#(#<SB-KERNEL:WRAPPER (ID=0) for T {50101003}>
;       #<SB-KERNEL:WRAPPER (ID=1) for STRUCTURE-OBJECT {50101073}>))
; 
; caught STYLE-WARNING:
;   Previously compiled call to LSIP::SEMANTIC-HYPERGRAPH-HOLE-V1-HOLE-IDENTITY
;   could not be inlined because the structure definition for
;   LSIP::SEMANTIC-HYPERGRAPH-HOLE-V1 was not yet seen. To avoid this warning,
;   DEFSTRUCT should precede references to the affected functions, or they must be
;   declared locally notinline at each call site.

; in: DEFSTRUCT PARTIAL-RECURSIVE-SEMANTIC-HYPERGRAPH-V1
;     (DEFSTRUCT
;         (LSIP::PARTIAL-RECURSIVE-SEMANTIC-HYPERGRAPH-V1
;          (:CONSTRUCTOR LSIP::%MAKE-PARTIAL-RECURSIVE-SEMANTIC-HYPERGRAPH-V1))
;       LSIP::GRAPH-KIND
;       LSIP::RESOLVED-REGIONS
;       LSIP::RESOLVED-NODES
;       LSIP::RESOLVED-PORTS
;       LSIP::RESOLVED-HYPEREDGES
;       LSIP::REGION-HOLES
;       LSIP::PORT-HOLES
;       LSIP::HYPEREDGE-HOLES
;       LSIP::INCIDENCE-HOLES
;       LSIP::REFINEMENT-HOLES
;       ...)
; --> EVAL-WHEN 
; ==>
;   (SB-KERNEL::%COMPILER-DEFSTRUCT
;    '#<SB-KERNEL:DEFSTRUCT-DESCRIPTION LSIP::PARTIAL-RECURSIVE-SEMANTIC-HYPERGRAPH-V1 {100331E963}>
;    '#(#<SB-KERNEL:WRAPPER (ID=0) for T {50101003}>
;       #<SB-KERNEL:WRAPPER (ID=1) for STRUCTURE-OBJECT {50101073}>))
; 
; caught STYLE-WARNING:
;   Previously compiled call to
;   LSIP::PARTIAL-RECURSIVE-SEMANTIC-HYPERGRAPH-V1-PARTIAL-GRAPH-IDENTITY could not
;   be inlined because the structure definition for
;   LSIP::PARTIAL-RECURSIVE-SEMANTIC-HYPERGRAPH-V1 was not yet seen. To avoid this
;   warning, DEFSTRUCT should precede references to the affected functions, or they
;   must be declared locally notinline at each call site.
WARNING:
   Lisp compilation had style-warnings while compiling
   #<CL-SOURCE-FILE "lsip-graph-identity" "lisp/partial_recursive_semantic_hypergraph_v1">

; file: /home/user0/FIM/deps/goggles-shg-growth/lisp/semantic_combinator_constitution_v1.lisp
; in: DEFSTRUCT SEMANTIC-COMBINATOR-CONSTITUTION-V1
;     (DEFSTRUCT LSIP:SEMANTIC-COMBINATOR-CONSTITUTION-V1
;       LSIP::COMBINATOR-ID
;       LSIP::OWNING-LAYER
;       LSIP::AUTHORIZED-RUNGS
;       LSIP::ARITY
;       LSIP::ACCEPTED-SURFACE-KINDS
;       LSIP::PARAMETER-CONTRACT
;       LSIP::ADMISSIBILITY-REF
;       LSIP::SURFACE-TRANSFORM-REF
;       LSIP::EXECUTION-LAW-REF
;       LSIP::IDENTITY-LAW-REF
;       ...)
; --> EVAL-WHEN 
; ==>
;   (SB-KERNEL::%COMPILER-DEFSTRUCT
;    '#<SB-KERNEL:DEFSTRUCT-DESCRIPTION LSIP:SEMANTIC-COMBINATOR-CONSTITUTION-V1 {1004B51DA3}>
;    '#(#<SB-KERNEL:WRAPPER (ID=0) for T {50101003}>
;       #<SB-KERNEL:WRAPPER (ID=1) for STRUCTURE-OBJECT {50101073}>))
; 
; caught STYLE-WARNING:
;   Previously compiled calls to
;   LSIP::SEMANTIC-COMBINATOR-CONSTITUTION-V1-COMBINATOR-ID,
;   LSIP::SEMANTIC-COMBINATOR-CONSTITUTION-V1-ARITY,
;   LSIP::SEMANTIC-COMBINATOR-CONSTITUTION-V1-PARAMETER-CONTRACT,
;   LSIP::SEMANTIC-COMBINATOR-CONSTITUTION-V1-SURFACE-TRANSFORM-REF,
;   LSIP::SEMANTIC-COMBINATOR-CONSTITUTION-V1-IDENTITY-LAW-REF and
;   LSIP:SEMANTIC-COMBINATOR-CONSTITUTION-V1-CONSTITUTION-IDENTITY could not be
;   inlined because the structure definition for
;   LSIP:SEMANTIC-COMBINATOR-CONSTITUTION-V1 was not yet seen. To avoid this
;   warning, DEFSTRUCT should precede references to the affected functions, or they
;   must be declared locally notinline at each call site.
WARNING:
   Lisp compilation had style-warnings while compiling
   #<CL-SOURCE-FILE "lsip-goggles-reactor-minimal-v1" "lisp/semantic_combinator_constitution_v1">

; file: /home/user0/FIM/deps/goggles-shg-growth/lisp/semantic_algebra_law_registry_v1.lisp
; in: DEFSTRUCT SEMANTIC-ALGEBRA-LAW-V1
;     (DEFSTRUCT LSIP:SEMANTIC-ALGEBRA-LAW-V1
;       LSIP::LAW-REF
;       LSIP::LAW-KIND
;       LSIP::IMPLEMENTATION-ATTACHMENT
;       LSIP::RECONSTRUCTION-DESCRIPTOR
;       LSIP::LAW-IDENTITY)
; --> EVAL-WHEN 
; ==>
;   (SB-KERNEL::%COMPILER-DEFSTRUCT
;    '#<SB-KERNEL:DEFSTRUCT-DESCRIPTION LSIP:SEMANTIC-ALGEBRA-LAW-V1 {1002C5E703}>
;    '#(#<SB-KERNEL:WRAPPER (ID=0) for T {50101003}>
;       #<SB-KERNEL:WRAPPER (ID=1) for STRUCTURE-OBJECT {50101073}>))
; 
; caught STYLE-WARNING:
;   Previously compiled call to LSIP:SEMANTIC-ALGEBRA-LAW-V1-LAW-IDENTITY could not
;   be inlined because the structure definition for LSIP:SEMANTIC-ALGEBRA-LAW-V1
;   was not yet seen. To avoid this warning, DEFSTRUCT should precede references to
;   the affected functions, or they must be declared locally notinline at each call
;   site.

; in: DEFSTRUCT SEMANTIC-ALGEBRA-LAW-FAMILY-V1
;     (DEFSTRUCT LSIP:SEMANTIC-ALGEBRA-LAW-FAMILY-V1
;       LSIP::LAW-KIND
;       LSIP::DEFAULT-IMPLEMENTATION-ATTACHMENT
;       LSIP::INVOCATION-PHASE
;       LSIP::RECONSTRUCTION-DESCRIPTOR
;       LSIP::FAMILY-IDENTITY)
; --> EVAL-WHEN 
; ==>
;   (SB-KERNEL::%COMPILER-DEFSTRUCT
;    '#<SB-KERNEL:DEFSTRUCT-DESCRIPTION LSIP:SEMANTIC-ALGEBRA-LAW-FAMILY-V1 {1002F5D143}>
;    '#(#<SB-KERNEL:WRAPPER (ID=0) for T {50101003}>
;       #<SB-KERNEL:WRAPPER (ID=1) for STRUCTURE-OBJECT {50101073}>))
; 
; caught STYLE-WARNING:
;   Previously compiled call to LSIP:SEMANTIC-ALGEBRA-LAW-FAMILY-V1-FAMILY-IDENTITY
;   could not be inlined because the structure definition for
;   LSIP:SEMANTIC-ALGEBRA-LAW-FAMILY-V1 was not yet seen. To avoid this warning,
;   DEFSTRUCT should precede references to the affected functions, or they must be
;   declared locally notinline at each call site.
WARNING:
   Lisp compilation had style-warnings while compiling
   #<CL-SOURCE-FILE "lsip-goggles-reactor-minimal-v1" "lisp/semantic_algebra_law_registry_v1">

; file: /home/user0/FIM/deps/goggles-shg-growth/lisp/semantic_algebra_registry_v1.lisp
; in: DEFSTRUCT SEMANTIC-ALGEBRA-REGISTRY-V1
;     (DEFSTRUCT
;         (LSIP:SEMANTIC-ALGEBRA-REGISTRY-V1
;          (:CONSTRUCTOR LSIP::%MAKE-SEMANTIC-ALGEBRA-REGISTRY-V1))
;       LSIP::OPERATOR-CONSTITUTION-REFS
;       LSIP::REGISTRY-IDENTITY)
; --> EVAL-WHEN 
; ==>
;   (SB-KERNEL::%COMPILER-DEFSTRUCT
;    '#<SB-KERNEL:DEFSTRUCT-DESCRIPTION LSIP:SEMANTIC-ALGEBRA-REGISTRY-V1 {10028CA663}>
;    '#(#<SB-KERNEL:WRAPPER (ID=0) for T {50101003}>
;       #<SB-KERNEL:WRAPPER (ID=1) for STRUCTURE-OBJECT {50101073}>))
; 
; caught STYLE-WARNING:
;   Previously compiled call to LSIP:SEMANTIC-ALGEBRA-REGISTRY-V1-REGISTRY-IDENTITY
;   could not be inlined because the structure definition for
;   LSIP:SEMANTIC-ALGEBRA-REGISTRY-V1 was not yet seen. To avoid this warning,
;   DEFSTRUCT should precede references to the affected functions, or they must be
;   declared locally notinline at each call site.
WARNING:
   Lisp compilation had style-warnings while compiling
   #<CL-SOURCE-FILE "lsip-goggles-reactor-minimal-v1" "lisp/semantic_algebra_registry_v1">

; file: /home/user0/FIM/deps/goggles-shg-growth/lisp/semantic_algebra_registry_v2.lisp
; in: DEFSTRUCT SEMANTIC-ALGEBRA-REGISTRY-V2
;     (DEFSTRUCT
;         (LSIP:SEMANTIC-ALGEBRA-REGISTRY-V2
;          (:CONSTRUCTOR LSIP::%MAKE-SEMANTIC-ALGEBRA-REGISTRY-V2))
;       LSIP::CONSTITUTION-REFS
;       LSIP::CONSTITUTION-IDENTITIES
;       LSIP::LAW-REGISTRY-IDENTITY
;       LSIP::REGISTRY-IDENTITY)
; --> EVAL-WHEN 
; ==>
;   (SB-KERNEL::%COMPILER-DEFSTRUCT
;    '#<SB-KERNEL:DEFSTRUCT-DESCRIPTION LSIP:SEMANTIC-ALGEBRA-REGISTRY-V2 {1002F41413}>
;    '#(#<SB-KERNEL:WRAPPER (ID=0) for T {50101003}>
;       #<SB-KERNEL:WRAPPER (ID=1) for STRUCTURE-OBJECT {50101073}>))
; 
; caught STYLE-WARNING:
;   Previously compiled calls to
;   LSIP:SEMANTIC-ALGEBRA-REGISTRY-V2-LAW-REGISTRY-IDENTITY and
;   LSIP:SEMANTIC-ALGEBRA-REGISTRY-V2-REGISTRY-IDENTITY could not be inlined
;   because the structure definition for LSIP:SEMANTIC-ALGEBRA-REGISTRY-V2 was not
;   yet seen. To avoid this warning, DEFSTRUCT should precede references to the
;   affected functions, or they must be declared locally notinline at each call
;   site.
WARNING:
   Lisp compilation had style-warnings while compiling
   #<CL-SOURCE-FILE "lsip-goggles-reactor-minimal-v1" "lisp/semantic_algebra_registry_v2">

; file: /home/user0/FIM/deps/goggles-shg-growth/lisp/semantic_boundary_surface_v1.lisp
; in: DEFSTRUCT SEMANTIC-BOUNDARY-SURFACE-V1
;     (DEFSTRUCT
;         (LSIP::SEMANTIC-BOUNDARY-SURFACE-V1
;          (:CONSTRUCTOR LSIP::%MAKE-SEMANTIC-BOUNDARY-SURFACE-V1))
;       LSIP::INPUT-PORT-CLASSES
;       LSIP::OUTPUT-PORT-CLASSES
;       LSIP::REQUIRED-CAPABILITIES
;       LSIP::PROVIDED-CAPABILITIES
;       LSIP::STATE-PROFILE
;       LSIP::EFFECT-PROFILE
;       LSIP::FAILURE-PROFILE
;       LSIP::RESOURCE-PROFILE
;       LSIP::AUTHORITY-PROFILE
;       LSIP::PROTOCOL-PROFILE
;       ...)
; --> EVAL-WHEN 
; ==>
;   (SB-KERNEL::%COMPILER-DEFSTRUCT
;    '#<SB-KERNEL:DEFSTRUCT-DESCRIPTION LSIP::SEMANTIC-BOUNDARY-SURFACE-V1 {1001917893}>
;    '#(#<SB-KERNEL:WRAPPER (ID=0) for T {50101003}>
;       #<SB-KERNEL:WRAPPER (ID=1) for STRUCTURE-OBJECT {50101073}>))
; 
; caught STYLE-WARNING:
;   Previously compiled call to LSIP::SEMANTIC-BOUNDARY-SURFACE-V1-SURFACE-IDENTITY
;   could not be inlined because the structure definition for
;   LSIP::SEMANTIC-BOUNDARY-SURFACE-V1 was not yet seen. To avoid this warning,
;   DEFSTRUCT should precede references to the affected functions, or they must be
;   declared locally notinline at each call site.
WARNING:
   Lisp compilation had style-warnings while compiling
   #<CL-SOURCE-FILE "lsip-goggles-reactor-minimal-v1" "lisp/semantic_boundary_surface_v1">

; file: /home/user0/FIM/deps/goggles-shg-growth/lisp/reactor_typed_boundaries_v1.lisp
; in: DEFUN REACTOR-JOIN-PAYLOAD-V1
;     (IGNORE LSIP::VIEW)
; 
; caught STYLE-WARNING:
;   IGNORE declaration for a variable from outer scope: VIEW

;     (DEFUN LSIP::REACTOR-JOIN-PAYLOAD-V1
;            (LSIP::VIEW LSIP:NODE LSIP::CHILDREN LSIP::ARRIVALS)
;       (IF (EQ :TYPED-MULTIPORT-V1 (GETF LSIP:NODE :BOUNDARY-PROFILE))
;           (LET* ((LSIP::BINDING #)
;                  (LSIP::ATTACHMENT #)
;                  (LSIP::PARTIALP #)
;                  (LSIP::ORDERED #)
;                  (LSIP::VALUE #))
;             (DECLARE (IGNORE LSIP::VIEW))
;             (LSIP::REACTOR-CHECK-NODE-PAYLOAD-V1 LSIP:NODE :OUT LSIP::VALUE))
;           (LIST :VALUE
;                 (REDUCE #'+ LSIP::ARRIVALS :KEY (LAMBDA # #) :INITIAL-VALUE 0)
;                 :MEMBERS (MAPCAR (LAMBDA # #) LSIP::ARRIVALS))))
; --> SB-IMPL::%DEFUN SB-IMPL::%DEFUN SB-INT:NAMED-LAMBDA 
; ==>
;   #'(SB-INT:NAMED-LAMBDA LSIP::REACTOR-JOIN-PAYLOAD-V1
;         (LSIP::VIEW LSIP:NODE LSIP::CHILDREN LSIP::ARRIVALS)
;       (BLOCK LSIP::REACTOR-JOIN-PAYLOAD-V1
;         (IF (EQ :TYPED-MULTIPORT-V1 (GETF LSIP:NODE :BOUNDARY-PROFILE))
;             (LET* (# # # # #)
;               (DECLARE #)
;               (LSIP::REACTOR-CHECK-NODE-PAYLOAD-V1 LSIP:NODE :OUT LSIP::VALUE))
;             (LIST :VALUE (REDUCE #'+ LSIP::ARRIVALS :KEY # :INITIAL-VALUE 0)
;                   :MEMBERS (MAPCAR # LSIP::ARRIVALS)))))
; 
; caught STYLE-WARNING:
;   The variable VIEW is defined but never used.
WARNING:
   Lisp compilation had style-warnings while compiling
   #<CL-SOURCE-FILE "lsip-goggles-reactor-minimal-v1" "lisp/reactor_typed_boundaries_v1">

; file: /home/user0/FIM/deps/goggles-shg-growth/lisp/reactor_program_view_v1.lisp
; in: DEFUN DERIVE-REACTOR-PROGRAM-VIEW-V1
;     (LSIP::_BOUND
;      (WHEN (> (INCF COUNT) LSIP::MAX-OCCURRENCES)
;        (ERROR "Configured occurrence budget exceeded.")))
; 
; caught STYLE-WARNING:
;   The variable _BOUND is defined but never used.
WARNING:
   Lisp compilation had style-warnings while compiling
   #<CL-SOURCE-FILE "lsip-goggles-reactor-minimal-v1" "lisp/reactor_program_view_v1">

; file: /home/user0/FIM/deps/goggles-shg-growth/lisp/machine_state.lisp
; in: DEFSTRUCT MACHINE-STATE
;     (DEFSTRUCT LSIP:MACHINE-STATE
;       LSIP::ID
;       LSIP::OBJECT-REGISTRY
;       LSIP::REGISTRY-NODES
;       LSIP::REGISTRY-SEAMS
;       LSIP::REGISTRY-CONTRACTS
;       LSIP::REGISTRY-REALIZERS
;       LSIP::REGISTRY-ROUTES
;       LSIP::DISPATCH-INTENTS
;       LSIP::DISPATCH-DECISIONS
;       LSIP::DISPATCH-APPLIES
;       ...)
; --> EVAL-WHEN 
; ==>
;   (SB-KERNEL::%COMPILER-DEFSTRUCT
;    '#<SB-KERNEL:DEFSTRUCT-DESCRIPTION LSIP:MACHINE-STATE {1003AE0003}>
;    '#(#<SB-KERNEL:WRAPPER (ID=0) for T {50101003}>
;       #<SB-KERNEL:WRAPPER (ID=1) for STRUCTURE-OBJECT {50101073}>))
; 
; caught STYLE-WARNING:
;   Previously compiled calls to LSIP:MACHINE-STATE-ID,
;   LSIP::MACHINE-STATE-SEMANTIC-BOUNDARY-SURFACES-V1 and
;   (COMMON-LISP:SETF LSIP::MACHINE-STATE-SEMANTIC-BOUNDARY-SURFACES-V1) could not
;   be inlined because the structure definition for LSIP:MACHINE-STATE was not yet
;   seen. To avoid this warning, DEFSTRUCT should precede references to the
;   affected functions, or they must be declared locally notinline at each call
;   site.
WARNING:
   Lisp compilation had style-warnings while
   compiling #<CL-SOURCE-FILE "lsip" "lisp/machine_state">

; file: /home/user0/FIM/deps/goggles-shg-growth/lisp/machine_web.lisp
; in: DEFUN RECORD-SHARED-LISP-ROUTE-EXECUTION
;     (DEFUN LSIP:RECORD-SHARED-LISP-ROUTE-EXECUTION
;            (LSIP::TYPED-TREE LSIP::IR2 LSIP::MODULE LSIP::SLOT-PLAN LSIP::PLAN
;             LSIP::PLACEMENT LSIP::SOURCE
;             &KEY LSIP::FORM LSIP::PROJECTION LSIP::LINKSET
;             (LSIP::MACHINE LSIP:*MACHINE-STATE*))
;       (LSIP:WITH-MACHINE-STATE (LSIP::MACHINE)
;         (LSIP:ENSURE-CURRENT-MACHINE-WEB LSIP:*MACHINE-STATE*)
;         (LET* ((LSIP::SURFACE-INSTANCE #)
;                (LSIP::TYPED-INSTANCE #)
;                (LSIP::IR2-INSTANCE #)
;                (LSIP::COMPILER-INSTANCE #)
;                (LSIP::SLOT-INSTANCE #)
;                (LSIP::PLACEMENT-INSTANCE #)
;                (LSIP::ARTIFACT #)
;                (LSIP::PLACEMENT-FRAGMENTS #)
;                (LSIP::FRAGMENT-IDS #)
;                (LSIP::ARTIFACT-FRAGMENTS #)
;                (LSIP::BUNDLE #)
;                (LSIP::ADMISSION #)
;                ...)
;           (MULTIPLE-VALUE-SETQ (LSIP::DISPATCH-INTENT LSIP::DISPATCH-DECISION)
;             (LSIP::REALIZE-ROUTE-DISPATCH-INTENT-DECISION "route:shared-lisp"
;              LSIP::SOURCE-NODE-INSTANCE-IDS :AUTHORITY-ID # :ALLOWED-ISA-IDS '#
;              :PRIORITY :DEFAULT :SELECTED-SEAM-ID
;              "seam:placement-bundle-to-admission-bundle" :REASON ...))
;           (WHEN LSIP::SURFACE->TYPED (SETF #))
;           (SETF LSIP::TYPED->IR2 #
;                 LSIP::IR2->COMPILER #
;                 LSIP::COMPILER->SLOT #
;                 LSIP::COMPILER->PLACEMENT #
;                 LSIP::COMPILER->ARTIFACT #
;                 LSIP::ARTIFACT->FRAGMENT #
;                 ...)
;           (LET* (# # #)
;             (LSIP::REALIZE-ROUTE-DISPATCH-APPLIES # LSIP::SEAM-EXECUTIONS # :META
;              # :MACHINE LSIP:*MACHINE-STATE*)
;             (VALUES LSIP::ROUTE-EXECUTION LSIP::NODE-INSTANCE-IDS
;                     LSIP::SEAM-EXECUTION-IDS)))))
; --> SB-IMPL::%DEFUN SB-IMPL::%DEFUN SB-INT:NAMED-LAMBDA 
; ==>
;   #'(SB-INT:NAMED-LAMBDA LSIP:RECORD-SHARED-LISP-ROUTE-EXECUTION
;         (LSIP::TYPED-TREE LSIP::IR2 LSIP::MODULE LSIP::SLOT-PLAN LSIP::PLAN
;          LSIP::PLACEMENT LSIP::SOURCE &KEY LSIP::FORM LSIP::PROJECTION
;          LSIP::LINKSET (LSIP::MACHINE LSIP:*MACHINE-STATE*))
;       (BLOCK LSIP:RECORD-SHARED-LISP-ROUTE-EXECUTION
;         (LSIP:WITH-MACHINE-STATE (LSIP::MACHINE)
;           (LSIP:ENSURE-CURRENT-MACHINE-WEB LSIP:*MACHINE-STATE*)
;           (LET* (# # # # # # # # # # # # ...)
;             (MULTIPLE-VALUE-SETQ # #)
;             (WHEN LSIP::SURFACE->TYPED #)
;             (SETF #)
;             (LET* #
;               #
;               #)))))
; 
; caught STYLE-WARNING:
;   The variable SOURCE is defined but never used.

; in: DEFUN RECORD-CONTROL-LISP-ROUTE-EXECUTION
;     (LSIP::_SIDECARS
;      (LSIP::ENSURE-STRUCTURAL-EXEC-SIDECAR-INSTANCES LSIP::IR2 LSIP::IR2-INSTANCE
;       :MACHINE LSIP:*MACHINE-STATE*))
; 
; caught STYLE-WARNING:
;   The variable _SIDECARS is defined but never used.
WARNING:
   Lisp compilation had style-warnings while
   compiling #<CL-SOURCE-FILE "lsip" "lisp/machine_web">

; file: /home/user0/FIM/deps/goggles-shg-growth/lisp/control.lisp
; in: DEFUN REGISTER-OBJECT
;     'LSIP::TYPED-NODE
; 
; note: can't open-code test of unknown type TYPED-NODE
; 
; note: can't open-code test of unknown type TYPED-NODE

; in: DEFUN TYPED-OBJECT-TREE
;     'LSIP::TYPED-NODE
; 
; note: can't open-code test of unknown type TYPED-NODE
; 
; note: can't open-code test of unknown type TYPED-NODE
; 
; note: can't open-code test of unknown type TYPED-NODE

; in: DEFUN CONTROL-BOUND-RESULT-JSON
;     (TYPECASE LSIP::VALUE
;       (LSIP::TYPED-NODE
;        (ECASE LSIP::TARGET (:RUST (LSIP:COMPILE-TREE-TO-RUST LSIP::VALUE))))
;       (STRING LSIP::VALUE)
;       (T LSIP::VALUE))
; --> COND IF 
; ==>
;   (TYPEP #:G2 'LSIP::TYPED-NODE)
; 
; note: can't open-code test of unknown type TYPED-NODE

; in: DEFUN RENDER-EVAL-RESULT
;     (TYPECASE LSIP::RESULT
;       (LSIP::TYPED-NODE
;        (ECASE LSIP::TARGET (:RUST (LSIP:COMPILE-TREE-TO-RUST LSIP::RESULT))))
;       (STRING LSIP::RESULT)
;       (T LSIP::RESULT))
; --> COND IF 
; ==>
;   (TYPEP #:G0 'LSIP::TYPED-NODE)
; 
; note: can't open-code test of unknown type TYPED-NODE

; in: DEFUN NORMALIZE-CONTROL-REPLACEMENT-NODE
;     'LSIP::TYPED-NODE
; 
; note: can't open-code test of unknown type TYPED-NODE

; file: /home/user0/FIM/deps/goggles-shg-growth/lisp/constitutional.lisp
; in: DEFSTRUCT TYPED-NODE
;     (DEFSTRUCT LSIP::TYPED-NODE
;       LSIP::ID
;       LSIP::VALUE
;       LSIP::KIND
;       LSIP::CHILDREN
;       LSIP::META)
; --> EVAL-WHEN 
; ==>
;   (SB-KERNEL::%COMPILER-DEFSTRUCT
;    '#<SB-KERNEL:DEFSTRUCT-DESCRIPTION LSIP::TYPED-NODE {10054B4ED3}>
;    '#(#<SB-KERNEL:WRAPPER (ID=0) for T {50101003}>
;       #<SB-KERNEL:WRAPPER (ID=1) for STRUCTURE-OBJECT {50101073}>))
; 
; caught STYLE-WARNING:
;   Previously compiled calls to LSIP::TYPED-NODE-ID, LSIP::TYPED-NODE-VALUE,
;   LSIP::TYPED-NODE-KIND, LSIP::TYPED-NODE-CHILDREN and LSIP::TYPED-NODE-META
;   could not be inlined because the structure definition for LSIP::TYPED-NODE was
;   not yet seen. To avoid this warning, DEFSTRUCT should precede references to the
;   affected functions, or they must be declared locally notinline at each call
;   site.

; in: DEFUN JSON-ATOM
;     (TYPECASE LSIP::VALUE
;       (STRING (FORMAT NIL "\"~A\"" (LSIP::JSON-ESCAPE-STRING LSIP::VALUE)))
;       (SYMBOL
;        (FORMAT NIL "\"~A\"" (LSIP::JSON-ESCAPE-STRING (STRING-DOWNCASE #))))
;       (INTEGER (PRINC-TO-STRING LSIP::VALUE))
;       (CONS
;        (IF (EVERY (LAMBDA # #) LSIP::VALUE)
;            (WITH-OUTPUT-TO-STRING (STREAM)
;              (WRITE-CHAR #\{ STREAM)
;              (LOOP LSIP::FOR # LSIP::IN LSIP::VALUE
;                    LSIP::FOR LSIP::INDEX LSIP::FROM 0
;                    DO # #)
;              (WRITE-CHAR #\} STREAM))
;            (FORMAT NIL "[~{~A~^, ~}]" (MAPCAR #'LSIP::JSON-ATOM LSIP::VALUE))))
;       (NULL "null")
;       (T (ERROR "Unsupported json atom ~S." LSIP::VALUE)))
; --> COND IF IF IF IF IF PROGN 
; ==>
;   "null"
; 
; note: deleting unreachable code

; in: DEFUN CONSTITUTIONAL-SEMANTIC-WITNESS-OBJECT
;     (LAMBDA (LSIP::_NODE) T)
; 
; caught STYLE-WARNING:
;   The variable _NODE is defined but never used.
WARNING:
   Lisp compilation had style-warnings while
   compiling #<CL-SOURCE-FILE "lsip" "lisp/constitutional">

; file: /home/user0/FIM/deps/goggles-shg-growth/lisp/addressing.lisp
; in: DEFSTRUCT ADDRESS
;     (DEFSTRUCT LSIP:ADDRESS LSIP::SEGMENTS)
; --> EVAL-WHEN 
; ==>
;   (SB-KERNEL::%COMPILER-DEFSTRUCT
;    '#<SB-KERNEL:DEFSTRUCT-DESCRIPTION LSIP:ADDRESS {1002A57B03}>
;    '#(#<SB-KERNEL:WRAPPER (ID=0) for T {50101003}>
;       #<SB-KERNEL:WRAPPER (ID=1) for STRUCTURE-OBJECT {50101073}>))
; 
; caught STYLE-WARNING:
;   Previously compiled call to LSIP:ADDRESS-SEGMENTS could not be inlined because
;   the structure definition for LSIP:ADDRESS was not yet seen. To avoid this
;   warning, DEFSTRUCT should precede references to the affected functions, or they
;   must be declared locally notinline at each call site.
WARNING:
   Lisp compilation had style-warnings while
   compiling #<CL-SOURCE-FILE "lsip" "lisp/addressing">

; file: /home/user0/FIM/deps/goggles-shg-growth/lisp/transforms.lisp
; in: DEFSTRUCT DERIVATION
;     (DEFSTRUCT LSIP:DERIVATION
;       LSIP::ID
;       LSIP::KIND
;       LSIP::SOURCE-NAME
;       LSIP::SPEC-NAME
;       LSIP::TARGET-REF
;       LSIP::RESULT-NAME
;       LSIP::META)
; --> EVAL-WHEN 
; ==>
;   (SB-KERNEL::%COMPILER-DEFSTRUCT
;    '#<SB-KERNEL:DEFSTRUCT-DESCRIPTION LSIP:DERIVATION {1004677793}>
;    '#(#<SB-KERNEL:WRAPPER (ID=0) for T {50101003}>
;       #<SB-KERNEL:WRAPPER (ID=1) for STRUCTURE-OBJECT {50101073}>))
; 
; caught STYLE-WARNING:
;   Previously compiled calls to LSIP:DERIVATION-ID, LSIP:DERIVATION-SOURCE-NAME,
;   LSIP:DERIVATION-SPEC-NAME, LSIP:DERIVATION-TARGET-REF and
;   LSIP:DERIVATION-RESULT-NAME could not be inlined because the structure
;   definition for LSIP:DERIVATION was not yet seen. To avoid this warning,
;   DEFSTRUCT should precede references to the affected functions, or they must be
;   declared locally notinline at each call site.

; in: DEFUN PAYLOAD-LIST-STRINGS
;     (DEFUN LSIP::PAYLOAD-LIST-STRINGS (LSIP::FORM LSIP::LABEL)
;       (MAPCAR
;        (LAMBDA (LSIP::VALUE)
;          (ETYPECASE LSIP::VALUE (SYMBOL #) (STRING LSIP::VALUE) (INTEGER #)))
;        (LSIP::PAYLOAD-CHILD-VALUE-LIST LSIP::FORM)))
; --> SB-IMPL::%DEFUN SB-IMPL::%DEFUN SB-INT:NAMED-LAMBDA 
; ==>
;   #'(SB-INT:NAMED-LAMBDA LSIP::PAYLOAD-LIST-STRINGS
;         (LSIP::FORM LSIP::LABEL)
;       (BLOCK LSIP::PAYLOAD-LIST-STRINGS
;         (MAPCAR (LAMBDA (LSIP::VALUE) (ETYPECASE LSIP::VALUE # # #))
;                 (LSIP::PAYLOAD-CHILD-VALUE-LIST LSIP::FORM))))
; 
; caught STYLE-WARNING:
;   The variable LABEL is defined but never used.
WARNING:
   Lisp compilation had style-warnings while
   compiling #<CL-SOURCE-FILE "lsip" "lisp/transforms">

; file: /home/user0/FIM/deps/goggles-shg-growth/lisp/scope.lisp
; in: DEFUN ANNOTATE-BINDING-USE-LINKS
;     (IGNORE LSIP::INIT-NODE LSIP::CONDITION-NODE LSIP::STEP-NODE
;      LSIP::RESULT-NODE)
; 
; caught STYLE-WARNING:
;   IGNORE declaration for a variable from outer scope: INIT-NODE
; 
; caught STYLE-WARNING:
;   IGNORE declaration for a variable from outer scope: CONDITION-NODE
; 
; caught STYLE-WARNING:
;   IGNORE declaration for a variable from outer scope: STEP-NODE
; 
; caught STYLE-WARNING:
;   IGNORE declaration for a variable from outer scope: RESULT-NODE

;     (LSIP::INIT-NODE (LSIP::SCOPE-SINGLE-CHILD LSIP:NODE :LOOP_INIT "loop expr"))
; 
; caught STYLE-WARNING:
;   The variable INIT-NODE is defined but never used.

;     (LSIP::CONDITION-NODE
;      (LSIP::SCOPE-SINGLE-CHILD LSIP:NODE :LOOP_CONDITION "loop expr"))
; 
; caught STYLE-WARNING:
;   The variable CONDITION-NODE is defined but never used.

;     (LSIP::STEP-NODE (LSIP::SCOPE-SINGLE-CHILD LSIP:NODE :LOOP_STEP "loop expr"))
; 
; caught STYLE-WARNING:
;   The variable STEP-NODE is defined but never used.

;     (LSIP::RESULT-NODE
;      (LSIP::SCOPE-SINGLE-CHILD LSIP:NODE :LOOP_RESULT "loop expr"))
; 
; caught STYLE-WARNING:
;   The variable RESULT-NODE is defined but never used.

;     (LSIP::ANNOTATE-LOOP-BRANCH
;      (LSIP::BRANCH-NODE LSIP::BRANCH-KIND LSIP::BRANCH-LABEL LSIP::BRANCH-ENV)
;      (LSIP::MAKE-TYPED-NODE :ID (LSIP::TYPED-NODE-ID LSIP::BRANCH-NODE) :VALUE
;                             (LSIP::TYPED-NODE-VALUE LSIP::BRANCH-NODE) :KIND
;                             LSIP::BRANCH-KIND :CHILDREN
;                             (LIST
;                              (LSIP::WALK-EXPR (FIRST #) LSIP::BRANCH-ENV
;                               LSIP::CURRENT-BUNDLE LSIP::CURRENT-SCOPE))
;                             :META (LSIP::TYPED-NODE-META LSIP::BRANCH-NODE)))
; 
; caught STYLE-WARNING:
;   The variable BRANCH-LABEL is defined but never used.
WARNING:
   Lisp compilation had style-warnings while
   compiling #<CL-SOURCE-FILE "lsip" "lisp/scope">

; file: /home/user0/FIM/deps/goggles-shg-growth/lisp/mutators.lisp
; in: DEFUN REWRITE-CALLABLE-API-TOKEN-ADAPTIVE
;     (LSIP::CALLABLE-NODE LSIP::CALLABLE-NODE)
; 
; caught STYLE-WARNING:
;   The variable CALLABLE-NODE is defined but never used.
WARNING:
   Lisp compilation had style-warnings while
   compiling #<CL-SOURCE-FILE "lsip" "lisp/mutators">
WARNING: redefining LSIP:COLLECT-NODES-WHERE in DEFUN

; file: /home/user0/FIM/deps/goggles-shg-growth/lisp/compiler_ir.lisp
; in: DEFSTRUCT COMPILER-IR-NODE
;     (DEFSTRUCT LSIP:COMPILER-IR-NODE
;       LSIP::ID
;       CLASS
;       LSIP:ADDRESS
;       LSIP::VALUE
;       LSIP::CHILDREN
;       LSIP::META)
; --> EVAL-WHEN 
; ==>
;   (SB-KERNEL::%COMPILER-DEFSTRUCT
;    '#<SB-KERNEL:DEFSTRUCT-DESCRIPTION LSIP:COMPILER-IR-NODE {100622D4B3}>
;    '#(#<SB-KERNEL:WRAPPER (ID=0) for T {50101003}>
;       #<SB-KERNEL:WRAPPER (ID=1) for STRUCTURE-OBJECT {50101073}>))
; 
; caught STYLE-WARNING:
;   Previously compiled call to LSIP:COMPILER-IR-NODE-ID could not be inlined
;   because the structure definition for LSIP:COMPILER-IR-NODE was not yet seen. To
;   avoid this warning, DEFSTRUCT should precede references to the affected
;   functions, or they must be declared locally notinline at each call site.
WARNING:
   Lisp compilation had style-warnings while
   compiling #<CL-SOURCE-FILE "lsip" "lisp/compiler_ir">

; file: /home/user0/FIM/deps/goggles-shg-growth/lisp/resolve.lisp
; in: DEFUN %ANNOTATE-COVERED-OPERATOR-CALL-NODE
;     (IGNORE LSIP::EXPECTED-TYPE)
; 
; caught STYLE-WARNING:
;   IGNORE declaration for a variable from outer scope: EXPECTED-TYPE
; 
; caught STYLE-WARNING:
;   IGNORE declaration for a variable from outer scope: EXPECTED-TYPE

;     (DEFUN LSIP::%ANNOTATE-COVERED-OPERATOR-CALL-NODE
;            (LSIP:NODE LSIP::ENV LSIP::EXPECTED-TYPE LSIP::WALK-CHILD)
;       (LET* ((LSIP::SURFACE (LSIP::%CALL-CALLEE-NAME LSIP:NODE))
;              (LSIP::ARGS-NODE (LSIP::%CALL-ARGS-NODE LSIP:NODE))
;              (LSIP::ARG-NODES (AND LSIP::ARGS-NODE #))
;              (LSIP::ACTIVE-PROFILE (LSIP::%ACTIVE-PROFILE-FOR-RESOLVE)))
;         (COND
;          ((AND # #)
;           (LET* #
;             #
;             #))
;          ((AND # #)
;           (LET* #
;             #
;             #))
;          (T (LSIP::TYPED-NODE-WITH-UPDATES* LSIP:NODE :CHILDREN #)))))
; --> SB-IMPL::%DEFUN SB-IMPL::%DEFUN SB-INT:NAMED-LAMBDA 
; ==>
;   #'(SB-INT:NAMED-LAMBDA LSIP::%ANNOTATE-COVERED-OPERATOR-CALL-NODE
;         (LSIP:NODE LSIP::ENV LSIP::EXPECTED-TYPE LSIP::WALK-CHILD)
;       (BLOCK LSIP::%ANNOTATE-COVERED-OPERATOR-CALL-NODE
;         (LET* ((LSIP::SURFACE #)
;                (LSIP::ARGS-NODE #)
;                (LSIP::ARG-NODES #)
;                (LSIP::ACTIVE-PROFILE #))
;           (COND (# #) (# #) (T #)))))
; 
; caught STYLE-WARNING:
;   The variable EXPECTED-TYPE is defined but never used.

; in: DEFUN %BOOTSTRAP-ANNOTATE-COVERED-OPERATOR-TYPE-CONSTRAINTS
;     (SETF LSIP::ANNOTATED-CASES
;             (LSIP::TYPED-NODE-WITH-UPDATES* LSIP::CASES-NODE :CHILDREN
;              (NREVERSE LSIP::CASE-CHILDREN)))
; 
; caught STYLE-WARNING:
;   ANNOTATED-CASES is being set even though it was declared to be ignored.
WARNING:
   Lisp compilation had style-warnings while
   compiling #<CL-SOURCE-FILE "lsip" "lisp/resolve">

; file: /home/user0/FIM/deps/goggles-shg-growth/lisp/lowering_profile.lisp
; in: DEFSTRUCT LOWERING-PROFILE
;     (DEFSTRUCT LSIP:LOWERING-PROFILE
;       LSIP::ID
;       LSIP::MACHINE-REF
;       LSIP::TARGET
;       LSIP::INTEGER-MODE
;       LSIP::COMPARISON-MODE
;       LSIP::RESULT-POLICY
;       LSIP::RESULT-MODE
;       LSIP::OWNERSHIP-MODE
;       LSIP::ALLOCATION-MODE
;       LSIP::EXCEPTION-MODE
;       ...)
; --> EVAL-WHEN 
; ==>
;   (SB-KERNEL::%COMPILER-DEFSTRUCT
;    '#<SB-KERNEL:DEFSTRUCT-DESCRIPTION LSIP:LOWERING-PROFILE {100B18EDD3}>
;    '#(#<SB-KERNEL:WRAPPER (ID=0) for T {50101003}>
;       #<SB-KERNEL:WRAPPER (ID=1) for STRUCTURE-OBJECT {50101073}>))
; 
; caught STYLE-WARNING:
;   Previously compiled calls to LSIP:LOWERING-PROFILE-ID,
;   LSIP:LOWERING-PROFILE-TARGET, LSIP:LOWERING-PROFILE-INTEGER-MODE,
;   LSIP:LOWERING-PROFILE-COMPARISON-MODE and LSIP:LOWERING-PROFILE-RESULT-POLICY
;   could not be inlined because the structure definition for LSIP:LOWERING-PROFILE
;   was not yet seen. To avoid this warning, DEFSTRUCT should precede references to
;   the affected functions, or they must be declared locally notinline at each call
;   site.
WARNING:
   Lisp compilation had style-warnings while
   compiling #<CL-SOURCE-FILE "lsip" "lisp/lowering_profile">

; file: /home/user0/FIM/deps/goggles-shg-growth/lisp/authority_ir_link.lisp
; in: DEFSTRUCT AUTHORITY-IR-LINKSET
;     (DEFSTRUCT LSIP:AUTHORITY-IR-LINKSET
;       LSIP::ID
;       LSIP::MACHINE-REF
;       LSIP::COMPILER-IR-MODULE-ID
;       LSIP::COMPILER-IR-DIGEST
;       LSIP::MODULE-ROW
;       LSIP::SOURCE-DIGEST
;       LSIP::LOWERING-PASS-ID
;       LSIP::LINK-IDS
;       LSIP::META)
; --> EVAL-WHEN 
; ==>
;   (SB-KERNEL::%COMPILER-DEFSTRUCT
;    '#<SB-KERNEL:DEFSTRUCT-DESCRIPTION LSIP:AUTHORITY-IR-LINKSET {10083D9673}>
;    '#(#<SB-KERNEL:WRAPPER (ID=0) for T {50101003}>
;       #<SB-KERNEL:WRAPPER (ID=1) for STRUCTURE-OBJECT {50101073}>))
; 
; caught STYLE-WARNING:
;   Previously compiled call to LSIP:AUTHORITY-IR-LINKSET-ID could not be inlined
;   because the structure definition for LSIP:AUTHORITY-IR-LINKSET was not yet
;   seen. To avoid this warning, DEFSTRUCT should precede references to the
;   affected functions, or they must be declared locally notinline at each call
;   site.
WARNING:
   Lisp compilation had style-warnings while
   compiling #<CL-SOURCE-FILE "lsip" "lisp/authority_ir_link">

; file: /home/user0/FIM/deps/goggles-shg-growth/lisp/runtime_rehydration.lisp
; in: DEFSTRUCT RUNTIME-PROGRAM
;     (DEFSTRUCT LSIP:RUNTIME-PROGRAM
;       LSIP::ID
;       LSIP::MACHINE-REF
;       LSIP::COMPILER-IR-MODULE-ID
;       LSIP::MODULE-DIGEST
;       LSIP::AUTHORITY-LINKSET-ID
;       LSIP::CALLABLE-TABLE
;       LSIP::MODULE
;       LSIP::META)
; --> EVAL-WHEN 
; ==>
;   (SB-KERNEL::%COMPILER-DEFSTRUCT
;    '#<SB-KERNEL:DEFSTRUCT-DESCRIPTION LSIP:RUNTIME-PROGRAM {10048BA213}>
;    '#(#<SB-KERNEL:WRAPPER (ID=0) for T {50101003}>
;       #<SB-KERNEL:WRAPPER (ID=1) for STRUCTURE-OBJECT {50101073}>))
; 
; caught STYLE-WARNING:
;   Previously compiled calls to LSIP:RUNTIME-PROGRAM-ID,
;   LSIP:RUNTIME-PROGRAM-COMPILER-IR-MODULE-ID, LSIP:RUNTIME-PROGRAM-MODULE-DIGEST
;   and LSIP:RUNTIME-PROGRAM-AUTHORITY-LINKSET-ID could not be inlined because the
;   structure definition for LSIP:RUNTIME-PROGRAM was not yet seen. To avoid this
;   warning, DEFSTRUCT should precede references to the affected functions, or they
;   must be declared locally notinline at each call site.
WARNING:
   Lisp compilation had style-warnings while
   compiling #<CL-SOURCE-FILE "lsip" "lisp/runtime_rehydration">

; file: /home/user0/FIM/deps/goggles-shg-growth/lisp/protoc_transition.lisp
; in: DEFUN %PROTOC-GUARDS
;     'NIL
; 
; note: deleting unreachable code

; in: DEFUN %PROTOC-REJECTS
;     'NIL
; 
; note: deleting unreachable code

; in: DEFUN %PROTOC-TRANSITIONS
;     'NIL
; 
; note: deleting unreachable code
; 
; note: deleting unreachable code
; 
; note: deleting unreachable code
; 
; note: deleting unreachable code

; in: DEFUN PROTOC-SEMANTIC-PROGRAM-FROM-JSON-OBJECT
;     'NIL
; 
; note: deleting unreachable code

; in: DEFUN %PROTOC-CFG-LISP-SOURCE
;     (LSIP::PAYLOAD (BLOCK LSIP::KEY)
;      (CDR
;       (ASSOC LSIP::KEY (LSIP:CFG-TAIL-PAYLOAD (LSIP:BASIC-BLOCK-TAIL BLOCK))
;              :TEST #'STRING=)))
; 
; note: deleting unused function
;   (LABELS PAYLOAD :IN %PROTOC-CFG-LISP-SOURCE)

; in: DEFUN SYNTHESIZE-PROTOC-TRANSITION
;     (ERROR
;      "Native IR1 placement emitted no Lisp artifact for Protoc transition ~A."
;      LSIP::TRANSITION-ID)
; 
; note: deleting unreachable code
WARNING: redefining LSIP:REGISTER-OPERATOR-FAMILY-SPEC in DEFUN
WARNING: redefining LSIP::OPERATOR-FAMILY-SPEC-FOR-OPERATOR-ID in DEFUN

; file: /home/user0/FIM/deps/goggles-shg-growth/lisp/ir2.lisp
; in: DEFSTRUCT IR2-NODE
;     (DEFSTRUCT LSIP:IR2-NODE
;       LSIP::ID
;       CLASS
;       LSIP:ADDRESS
;       LSIP::VALUE
;       LSIP::CHILDREN
;       LSIP::META)
; --> EVAL-WHEN 
; ==>
;   (SB-KERNEL::%COMPILER-DEFSTRUCT
;    '#<SB-KERNEL:DEFSTRUCT-DESCRIPTION LSIP:IR2-NODE {100F5FCC93}>
;    '#(#<SB-KERNEL:WRAPPER (ID=0) for T {50101003}>
;       #<SB-KERNEL:WRAPPER (ID=1) for STRUCTURE-OBJECT {50101073}>))
; 
; caught STYLE-WARNING:
;   Previously compiled call to LSIP:IR2-NODE-ID could not be inlined because the
;   structure definition for LSIP:IR2-NODE was not yet seen. To avoid this warning,
;   DEFSTRUCT should precede references to the affected functions, or they must be
;   declared locally notinline at each call site.
WARNING:
   Lisp compilation had style-warnings while
   compiling #<CL-SOURCE-FILE "lsip" "lisp/ir2">

; file: /home/user0/FIM/deps/goggles-shg-growth/lisp/operator_term_synthesis_v1.lisp
; in: DEFUN OPERATOR-TERM-ARGUMENT-CANDIDATE-V1
;     (DESTRUCTURING-BIND
;         (LSIP::NAME TYPE)
;         LSIP::PARAMETER
;       (LET* ((LSIP::FORM (LIST :ARG LSIP::INDEX))
;              (IDENTITY (LSIP::OPERATOR-TERM-DIGEST-V1 #)))
;         (LSIP::MAKE-OPERATOR-TERM-CANDIDATE-V1 :FORM LSIP::FORM :TYPE TYPE :DEPTH
;          0 :NODE-COUNT 0 :IDENTITY IDENTITY :CHILD-IDENTITIES ...)))
; ==>
;   (LET* ((#:G0 (SB-C::CHECK-DS-LIST LSIP::PARAMETER 2 2 '(LSIP::NAME TYPE)))
;          (LSIP::NAME (POP #:G0))
;          (TYPE (POP #:G0)))
;     (LET* ((LSIP::FORM (LIST :ARG LSIP::INDEX))
;            (IDENTITY (LSIP::OPERATOR-TERM-DIGEST-V1 #)))
;       (LSIP::MAKE-OPERATOR-TERM-CANDIDATE-V1 :FORM LSIP::FORM :TYPE TYPE :DEPTH
;        0 :NODE-COUNT 0 :IDENTITY IDENTITY :CHILD-IDENTITIES ...)))
; 
; caught STYLE-WARNING:
;   The variable NAME is defined but never used.
WARNING:
   Lisp compilation had style-warnings while
   compiling #<CL-SOURCE-FILE "lsip" "lisp/operator_term_synthesis_v1">

; file: /home/user0/FIM/deps/goggles-shg-growth/lisp/conditional_synthesis_v1.lisp
; in: DEFUN SYNTHESIZE-CONDITIONAL-V1
;     (LSIP::CFG NIL)
; 
; caught STYLE-WARNING:
;   The variable CFG is defined but never used.
WARNING:
   Lisp compilation had style-warnings while
   compiling #<CL-SOURCE-FILE "lsip" "lisp/conditional_synthesis_v1">

; file: /home/user0/FIM/deps/goggles-shg-growth/lisp/control_graph.lisp
; in: DEFSTRUCT CFG-INSTRUCTION
;     (DEFSTRUCT LSIP:CFG-INSTRUCTION
;       LSIP:VALUE-ID
;       LSIP::KIND
;       LSIP:OPERATOR-ID
;       LSIP::ATOMS
;       LSIP:TYPE-ID
;       LSIP::EFFECT
;       LSIP::SPAN)
; --> EVAL-WHEN 
; ==>
;   (SB-KERNEL::%COMPILER-DEFSTRUCT
;    '#<SB-KERNEL:DEFSTRUCT-DESCRIPTION LSIP:CFG-INSTRUCTION {10016459E3}>
;    '#(#<SB-KERNEL:WRAPPER (ID=0) for T {50101003}>
;       #<SB-KERNEL:WRAPPER (ID=1) for STRUCTURE-OBJECT {50101073}>))
; 
; caught STYLE-WARNING:
;   Previously compiled calls to LSIP:CFG-INSTRUCTION-EFFECT and
;   (COMMON-LISP:SETF LSIP:CFG-INSTRUCTION-EFFECT) could not be inlined because the
;   structure definition for LSIP:CFG-INSTRUCTION was not yet seen. To avoid this
;   warning, DEFSTRUCT should precede references to the affected functions, or they
;   must be declared locally notinline at each call site.

; in: DEFSTRUCT CFG-TAIL
;     (DEFSTRUCT LSIP:CFG-TAIL
;       LSIP::KIND
;       LSIP::ATOMS
;       LSIP::TARGET-BLOCKS
;       LSIP::PAYLOAD
;       LSIP::SPAN)
; --> EVAL-WHEN 
; ==>
;   (SB-KERNEL::%COMPILER-DEFSTRUCT
;    '#<SB-KERNEL:DEFSTRUCT-DESCRIPTION LSIP:CFG-TAIL {1008BDCF43}>
;    '#(#<SB-KERNEL:WRAPPER (ID=0) for T {50101003}>
;       #<SB-KERNEL:WRAPPER (ID=1) for STRUCTURE-OBJECT {50101073}>))
; 
; caught STYLE-WARNING:
;   Previously compiled calls to LSIP:CFG-TAIL-KIND, LSIP:CFG-TAIL-TARGET-BLOCKS,
;   LSIP:CFG-TAIL-PAYLOAD and (COMMON-LISP:SETF LSIP:CFG-TAIL-PAYLOAD) could not be
;   inlined because the structure definition for LSIP:CFG-TAIL was not yet seen. To
;   avoid this warning, DEFSTRUCT should precede references to the affected
;   functions, or they must be declared locally notinline at each call site.

; in: DEFSTRUCT BASIC-BLOCK
;     (DEFSTRUCT LSIP:BASIC-BLOCK
;       LSIP::ID
;       LSIP::PARAMS
;       LSIP:ANF-REGION
;       LSIP::INSTRUCTIONS
;       LSIP::TAIL
;       LSIP::SPAN)
; --> EVAL-WHEN 
; ==>
;   (SB-KERNEL::%COMPILER-DEFSTRUCT
;    '#<SB-KERNEL:DEFSTRUCT-DESCRIPTION LSIP:BASIC-BLOCK {1008E96A83}>
;    '#(#<SB-KERNEL:WRAPPER (ID=0) for T {50101003}>
;       #<SB-KERNEL:WRAPPER (ID=1) for STRUCTURE-OBJECT {50101073}>))
; 
; caught STYLE-WARNING:
;   Previously compiled calls to LSIP:BASIC-BLOCK-ID, LSIP:BASIC-BLOCK-INSTRUCTIONS
;   and LSIP:BASIC-BLOCK-TAIL could not be inlined because the structure definition
;   for LSIP:BASIC-BLOCK was not yet seen. To avoid this warning, DEFSTRUCT should
;   precede references to the affected functions, or they must be declared locally
;   notinline at each call site.

; in: DEFSTRUCT CFG-FUNCTION
;     (DEFSTRUCT LSIP:CFG-FUNCTION
;       LSIP::ID
;       LSIP::MACHINE-REF
;       LSIP::FUNCTION-ID
;       LSIP::PARAMS
;       LSIP::RETURN-TYPE
;       LSIP::ENTRY-BLOCK
;       LSIP::BLOCKS
;       LSIP:SOURCE-SPAN
;       LSIP::META)
; --> EVAL-WHEN 
; ==>
;   (SB-KERNEL::%COMPILER-DEFSTRUCT
;    '#<SB-KERNEL:DEFSTRUCT-DESCRIPTION LSIP:CFG-FUNCTION {10091EA413}>
;    '#(#<SB-KERNEL:WRAPPER (ID=0) for T {50101003}>
;       #<SB-KERNEL:WRAPPER (ID=1) for STRUCTURE-OBJECT {50101073}>))
; 
; caught STYLE-WARNING:
;   Previously compiled calls to LSIP:CFG-FUNCTION-ID,
;   LSIP:CFG-FUNCTION-FUNCTION-ID, LSIP:CFG-FUNCTION-ENTRY-BLOCK,
;   LSIP:CFG-FUNCTION-BLOCKS, LSIP:CFG-FUNCTION-META and
;   (COMMON-LISP:SETF LSIP:CFG-FUNCTION-META) could not be inlined because the
;   structure definition for LSIP:CFG-FUNCTION was not yet seen. To avoid this
;   warning, DEFSTRUCT should precede references to the affected functions, or they
;   must be declared locally notinline at each call site.

; in: DEFUN RECORD-CFG-FUNCTION-FROM-IR2-LAMBDA
;     (LSIP::EMIT-TRY-CONTROL-EXPANSION (LSIP::REQUEST)
;      (ECASE (GETF LSIP::REQUEST :MODE)
;        (:VALUE-TO-JOIN
;         (LSIP::LOWER-TRY-VALUE-TO-JOIN (GETF LSIP::REQUEST :VALUE-NODE)
;          (GETF LSIP::REQUEST :BLOCK-ID) (GETF LSIP::REQUEST :PARAMS)
;          (GETF LSIP::REQUEST :PREFIX-INSTRUCTIONS)
;          (GETF LSIP::REQUEST :SOURCE-NODE) (GETF LSIP::REQUEST :JOIN-BLOCK-ID)
;          (GETF LSIP::REQUEST :JOIN-PARAM)))
;        (:NESTED-VALUE-TO-JOIN
;         (LSIP::LOWER-NESTED-TRY-VALUE-TO-JOIN (GETF LSIP::REQUEST :VALUE-NODE)
;          (GETF LSIP::REQUEST :CONTROL-NODE) (GETF LSIP::REQUEST :BLOCK-ID)
;          (GETF LSIP::REQUEST :PARAMS) (GETF LSIP::REQUEST :PREFIX-INSTRUCTIONS)
;          (GETF LSIP::REQUEST :SOURCE-NODE) (GETF LSIP::REQUEST :JOIN-BLOCK-ID)
;          (GETF LSIP::REQUEST :JOIN-PARAM)))
;        (:RETURN-VALUE
;         (LSIP::LOWER-THROUGH-TRY (GETF LSIP::REQUEST :VALUE-NODE)
;          (GETF LSIP::REQUEST :VALUE-NODE) (GETF LSIP::REQUEST :BLOCK-ID)
;          (GETF LSIP::REQUEST :PARAMS) (GETF LSIP::REQUEST :PREFIX-INSTRUCTIONS)
;          (GETF LSIP::REQUEST :SOURCE-NODE)))
;        (:NESTED-RETURN-VALUE
;         (LSIP::LOWER-THROUGH-TRY (GETF LSIP::REQUEST :VALUE-NODE)
;          (GETF LSIP::REQUEST :CONTROL-NODE) (GETF LSIP::REQUEST :BLOCK-ID)
;          (GETF LSIP::REQUEST :PARAMS) (GETF LSIP::REQUEST :PREFIX-INSTRUCTIONS)
;          (GETF LSIP::REQUEST :SOURCE-NODE)))))
; 
; note: deleting unused function
;   (LABELS EMIT-TRY-CONTROL-EXPANSION :IN RECORD-CFG-FUNCTION-FROM-IR2-LAMBDA)

;     (LSIP::EMIT-LOOP-CONTROL-EXPANSION (LSIP::REQUEST)
;      (ECASE (GETF LSIP::REQUEST :MODE)
;        (:VALUE-TO-JOIN
;         (LSIP::LOWER-LOOP-VALUE-TO-JOIN (GETF LSIP::REQUEST :VALUE-NODE)
;          (GETF LSIP::REQUEST :BLOCK-ID) (GETF LSIP::REQUEST :PARAMS)
;          (GETF LSIP::REQUEST :PREFIX-INSTRUCTIONS)
;          (GETF LSIP::REQUEST :SOURCE-NODE) (GETF LSIP::REQUEST :JOIN-BLOCK-ID)
;          (GETF LSIP::REQUEST :JOIN-PARAM)))
;        (:NESTED-VALUE-TO-JOIN
;         (LSIP::LOWER-NESTED-LOOP-VALUE-TO-JOIN (GETF LSIP::REQUEST :VALUE-NODE)
;          (GETF LSIP::REQUEST :CONTROL-NODE) (GETF LSIP::REQUEST :BLOCK-ID)
;          (GETF LSIP::REQUEST :PARAMS) (GETF LSIP::REQUEST :PREFIX-INSTRUCTIONS)
;          (GETF LSIP::REQUEST :SOURCE-NODE) (GETF LSIP::REQUEST :JOIN-BLOCK-ID)
;          (GETF LSIP::REQUEST :JOIN-PARAM)))
;        (:RETURN-VALUE
;         (LSIP::LOWER-LOOP-RETURN-VALUE (GETF LSIP::REQUEST :VALUE-NODE)
;          (GETF LSIP::REQUEST :BLOCK-ID) (GETF LSIP::REQUEST :PARAMS)
;          (GETF LSIP::REQUEST :PREFIX-INSTRUCTIONS)
;          (GETF LSIP::REQUEST :SOURCE-NODE)))
;        (:NESTED-RETURN-VALUE
;         (LSIP::LOWER-THROUGH-LOOP (GETF LSIP::REQUEST :VALUE-NODE)
;          (GETF LSIP::REQUEST :CONTROL-NODE) (GETF LSIP::REQUEST :BLOCK-ID)
;          (GETF LSIP::REQUEST :PARAMS) (GETF LSIP::REQUEST :PREFIX-INSTRUCTIONS)
;          (GETF LSIP::REQUEST :SOURCE-NODE)))))
; 
; note: deleting unused function
;   (LABELS EMIT-LOOP-CONTROL-EXPANSION :IN RECORD-CFG-FUNCTION-FROM-IR2-LAMBDA)

;     (LSIP::EMIT-IF-CONTROL-EXPANSION (LSIP::REQUEST)
;      (ECASE (GETF LSIP::REQUEST :MODE)
;        (:VALUE-TO-JOIN
;         (LSIP::LOWER-IF-VALUE-TO-JOIN (GETF LSIP::REQUEST :VALUE-NODE)
;          (GETF LSIP::REQUEST :BLOCK-ID) (GETF LSIP::REQUEST :PARAMS)
;          (GETF LSIP::REQUEST :PREFIX-INSTRUCTIONS)
;          (GETF LSIP::REQUEST :SOURCE-NODE) (GETF LSIP::REQUEST :JOIN-BLOCK-ID)
;          (GETF LSIP::REQUEST :JOIN-PARAM)))
;        (:NESTED-VALUE-TO-JOIN
;         (LSIP::LOWER-NESTED-IF-VALUE-TO-JOIN (GETF LSIP::REQUEST :VALUE-NODE)
;          (GETF LSIP::REQUEST :CONTROL-NODE) (GETF LSIP::REQUEST :BLOCK-ID)
;          (GETF LSIP::REQUEST :PARAMS) (GETF LSIP::REQUEST :PREFIX-INSTRUCTIONS)
;          (GETF LSIP::REQUEST :SOURCE-NODE) (GETF LSIP::REQUEST :JOIN-BLOCK-ID)
;          (GETF LSIP::REQUEST :JOIN-PARAM)))
;        (:RETURN-VALUE
;         (LSIP::LOWER-IF-RETURN-VALUE (GETF LSIP::REQUEST :VALUE-NODE)
;          (GETF LSIP::REQUEST :BLOCK-ID) (GETF LSIP::REQUEST :PARAMS)
;          (GETF LSIP::REQUEST :PREFIX-INSTRUCTIONS)
;          (GETF LSIP::REQUEST :SOURCE-NODE)))
;        (:NESTED-RETURN-VALUE
;         (LSIP::LOWER-THROUGH-IF (GETF LSIP::REQUEST :VALUE-NODE)
;          (GETF LSIP::REQUEST :CONTROL-NODE) (GETF LSIP::REQUEST :BLOCK-ID)
;          (GETF LSIP::REQUEST :PARAMS) (GETF LSIP::REQUEST :PREFIX-INSTRUCTIONS)
;          (GETF LSIP::REQUEST :SOURCE-NODE)))))
; 
; note: deleting unused function
;   (LABELS EMIT-IF-CONTROL-EXPANSION :IN RECORD-CFG-FUNCTION-FROM-IR2-LAMBDA)

;     (LSIP::LOWER-NESTED-CHECKED-ARITHMETIC
;      (LSIP::CONTAINER-NODE LSIP::CHECKED-NODE LSIP:BLOCK-ID LSIP::PARAMS
;       LSIP::PREFIX-INSTRUCTIONS LSIP::SOURCE-NODE LSIP::CONTINUATION)
;      (LET* ((LSIP::CONTINUE-BLOCK-ID (LSIP::NEXT-BLOCK-ID))
;             (LSIP::VALUE-PARAM
;              (LSIP::MAKE-BLOCK-PARAM :VALUE-ID # :TYPE-ID # :SOURCE # :SPAN #))
;             (LSIP::VALUE-REF
;              (LSIP::%CFG-SYNTHETIC-ENV-REF # # # LSIP::CHECKED-NODE))
;             (LSIP::REWRITTEN
;              (LSIP::%CFG-REWRITE-NODE-WITH-REPLACEMENT LSIP::CONTAINER-NODE #
;               LSIP::VALUE-REF)))
;        (LSIP::LOWER-CHECKED-ARITHMETIC-TO-JOIN LSIP::CHECKED-NODE LSIP:BLOCK-ID
;         LSIP::PARAMS LSIP::PREFIX-INSTRUCTIONS LSIP::SOURCE-NODE
;         LSIP::CONTINUE-BLOCK-ID LSIP::VALUE-PARAM)
;        (FUNCALL LSIP::CONTINUATION LSIP::REWRITTEN LSIP::CONTINUE-BLOCK-ID
;                 (LIST LSIP::VALUE-PARAM) NIL)))
; 
; note: deleting unused function
;   (LABELS LOWER-NESTED-CHECKED-ARITHMETIC :IN RECORD-CFG-FUNCTION-FROM-IR2-LAMBDA)

;     (LSIP::LOWER-CHECKED-ARITHMETIC-RETURN
;      (LSIP::VALUE-NODE LSIP:BLOCK-ID LSIP::PARAMS LSIP::PREFIX-INSTRUCTIONS
;       LSIP::SOURCE-NODE)
;      (LET ((LSIP::OPERAND-INSTRUCTIONS NIL)
;            (LSIP::OPERAND-ATOMS NIL)
;            (LSIP::OK-BLOCK-ID (LSIP::NEXT-BLOCK-ID))
;            (LSIP::ERR-BLOCK-ID (LSIP::NEXT-BLOCK-ID))
;            (LSIP::OK-PARAM
;             (LSIP::MAKE-BLOCK-PARAM :VALUE-ID # :TYPE-ID # :SOURCE # :SPAN #)))
;        (DOLIST (LSIP::OPERAND (LSIP:IR2-NODE-CHILDREN LSIP::VALUE-NODE))
;          (MULTIPLE-VALUE-BIND (LSIP::INSTRUCTIONS ATOM)
;              (LSIP::INSTRUCTIONS-AND-ATOM-FOR-NODE LSIP::OPERAND)
;            (UNLESS # #)
;            (PUSH ATOM LSIP::OPERAND-ATOMS)))
;        (LSIP::EMIT-BLOCK LSIP:BLOCK-ID LSIP::PARAMS
;         (APPEND LSIP::PREFIX-INSTRUCTIONS LSIP::OPERAND-INSTRUCTIONS)
;         (LSIP::%CFG-CHECKED-ARITHMETIC-TAIL (NREVERSE LSIP::OPERAND-ATOMS)
;          LSIP::OK-BLOCK-ID LSIP::ERR-BLOCK-ID LSIP::SOURCE-NODE LSIP::VALUE-NODE)
;         LSIP::VALUE-NODE)
;        (LSIP::EMIT-BLOCK LSIP::OK-BLOCK-ID (LIST LSIP::OK-PARAM) NIL
;         (LSIP::%CFG-RETURN-TAIL (LSIP:BLOCK-PARAM-VALUE-ID LSIP::OK-PARAM)
;          LSIP::SOURCE-NODE)
;         LSIP::VALUE-NODE)
;        (LSIP::EMIT-BLOCK LSIP::ERR-BLOCK-ID NIL NIL
;         (LSIP::%CFG-OVERFLOW-RETURN-TAIL LSIP::SOURCE-NODE LSIP::VALUE-NODE)
;         LSIP::VALUE-NODE)))
; 
; note: deleting unused function
;   (LABELS LOWER-CHECKED-ARITHMETIC-RETURN :IN RECORD-CFG-FUNCTION-FROM-IR2-LAMBDA)

;     (LSIP::SPLIT-SEQ-PREFIX (LSIP::CHILDREN)
;      (LET ((LSIP::PREFIX-INSTRUCTIONS NIL) (LSIP::TERMINAL-NODE NIL))
;        (DOLIST (LSIP::CHILD (BUTLAST LSIP::CHILDREN)) (COND (# #) (# # #)))
;        (VALUES (NREVERSE LSIP::PREFIX-INSTRUCTIONS)
;                (OR LSIP::TERMINAL-NODE (CAR #)))))
; 
; note: deleting unused function
;   (LABELS SPLIT-SEQ-PREFIX :IN RECORD-CFG-FUNCTION-FROM-IR2-LAMBDA)
WARNING:
   Lisp compilation had style-warnings while
   compiling #<CL-SOURCE-FILE "lsip" "lisp/control_graph">

; file: /home/user0/FIM/deps/goggles-shg-growth/lisp/synth_slots.lisp
; in: DEFSTRUCT SYNTH-SLOT-PLAN
;     (DEFSTRUCT LSIP:SYNTH-SLOT-PLAN
;       LSIP::VERSION
;       LSIP::SOURCE-DIGEST
;       LSIP::COMPILER-IR-DIGEST
;       LSIP::ROOT-SCOPE-ID
;       LSIP::ATOMS
;       LSIP::SCOPES
;       LSIP::POLICIES
;       LSIP::PLACEMENTS
;       LSIP::EXPANSION-RULES
;       LSIP::SLOTS
;       ...)
; --> EVAL-WHEN 
; ==>
;   (SB-KERNEL::%COMPILER-DEFSTRUCT
;    '#<SB-KERNEL:DEFSTRUCT-DESCRIPTION LSIP:SYNTH-SLOT-PLAN {100AF00B53}>
;    '#(#<SB-KERNEL:WRAPPER (ID=0) for T {50101003}>
;       #<SB-KERNEL:WRAPPER (ID=1) for STRUCTURE-OBJECT {50101073}>))
; 
; caught STYLE-WARNING:
;   Previously compiled calls to LSIP:SYNTH-SLOT-PLAN-SOURCE-DIGEST,
;   LSIP:SYNTH-SLOT-PLAN-COMPILER-IR-DIGEST and LSIP:SYNTH-SLOT-PLAN-ROOT-SCOPE-ID
;   could not be inlined because the structure definition for LSIP:SYNTH-SLOT-PLAN
;   was not yet seen. To avoid this warning, DEFSTRUCT should precede references to
;   the affected functions, or they must be declared locally notinline at each call
;   site.

; in: DEFUN LOWER-CFG-FUNCTION-TO-SYNTH-SLOT-PLAN
;     (LSIP::TAIL-EXPANSION-META (LSIP::TAIL)
;      (LOOP LSIP::FOR (LSIP::PAYLOAD-KEY
;                       LSIP::META-KEY) LSIP::IN '(("operator_expansion_id"
;                                                   :OPERATOR-EXPANSION-ID)
;                                                  ("operator_expansion_candidate_id"
;                                                   :OPERATOR-EXPANSION-CANDIDATE-ID)
;                                                  ("decision_space_id"
;                                                   :DECISION-SPACE-ID)
;                                                  ("control_schema_id"
;                                                   :CONTROL-SCHEMA-ID)
;                                                  ("control_schema_kind"
;                                                   :CONTROL-SCHEMA-KIND)
;                                                  ("operator_id" :OPERATOR-ID)
;                                                  ("handler_id" :HANDLER-ID)
;                                                  ("protoc_obligation_id"
;                                                   :PROTOC-OBLIGATION-ID)
;                                                  ("protoc_realization_artifact_id"
;                                                   :PROTOC-REALIZATION-ARTIFACT-ID))
;            LSIP::FOR LSIP::VALUE = (CDR
;                                     (ASSOC LSIP::PAYLOAD-KEY
;                                            (LSIP:CFG-TAIL-PAYLOAD LSIP::TAIL)
;                                            :TEST #'STRING=))
;            WHEN LSIP::VALUE
;            APPEND ...))
; 
; note: deleting unused function
;   (LABELS TAIL-EXPANSION-META :IN LOWER-CFG-FUNCTION-TO-SYNTH-SLOT-PLAN)
WARNING:
   Lisp compilation had style-warnings while
   compiling #<CL-SOURCE-FILE "lsip" "lisp/synth_slots">

; file: /home/user0/FIM/deps/goggles-shg-growth/lisp/transactions.lisp
; in: DEFSTRUCT EVAL-STATE
;     (DEFSTRUCT LSIP:EVAL-STATE
;       LSIP::ID
;       LSIP::MACHINE-REF
;       LSIP::MODE
;       LSIP::PROGRAM-REF
;       LSIP::ENTRY-REF
;       LSIP::ARG-VALUES
;       LSIP::PC-NODE-REF
;       LSIP::ENV-REF
;       LSIP::STORE-REF
;       LSIP::KONT-REF
;       ...)
; --> EVAL-WHEN 
; ==>
;   (SB-KERNEL::%COMPILER-DEFSTRUCT
;    '#<SB-KERNEL:DEFSTRUCT-DESCRIPTION LSIP:EVAL-STATE {100BACDD03}>
;    '#(#<SB-KERNEL:WRAPPER (ID=0) for T {50101003}>
;       #<SB-KERNEL:WRAPPER (ID=1) for STRUCTURE-OBJECT {50101073}>))
; 
; caught STYLE-WARNING:
;   Previously compiled calls to LSIP:EVAL-STATE-ID, LSIP:EVAL-STATE-MACHINE-REF,
;   LSIP:EVAL-STATE-MODE, LSIP:EVAL-STATE-PROGRAM-REF, LSIP:EVAL-STATE-ENTRY-REF,
;   LSIP:EVAL-STATE-PC-NODE-REF, (COMMON-LISP:SETF LSIP:EVAL-STATE-PC-NODE-REF),
;   LSIP:EVAL-STATE-ENV-REF, (COMMON-LISP:SETF LSIP:EVAL-STATE-ENV-REF),
;   LSIP:EVAL-STATE-STORE-REF, LSIP:EVAL-STATE-KONT-REF,
;   (COMMON-LISP:SETF LSIP:EVAL-STATE-KONT-REF),
;   LSIP::EVAL-STATE-DISPATCH-AUTHORITY-REF, LSIP::EVAL-STATE-ACTIVATION-REF,
;   LSIP::EVAL-STATE-ROOT-EVENT-REF, LSIP::EVAL-STATE-LOCAL-EVENT-REF,
;   LSIP::EVAL-STATE-SCHEDULER-ENTRY-REF, LSIP::EVAL-STATE-ISA-ID,
;   LSIP:EVAL-STATE-CURRENT-VALUE,
;   (COMMON-LISP:SETF LSIP:EVAL-STATE-CURRENT-VALUE), LSIP:EVAL-STATE-STATUS,
;   (COMMON-LISP:SETF LSIP:EVAL-STATE-STATUS), LSIP:EVAL-STATE-RESULT,
;   (COMMON-LISP:SETF LSIP:EVAL-STATE-RESULT), LSIP:EVAL-STATE-TRACE,
;   (COMMON-LISP:SETF LSIP:EVAL-STATE-TRACE), LSIP:EVAL-STATE-META and
;   (COMMON-LISP:SETF LSIP:EVAL-STATE-META) could not be inlined because the
;   structure definition for LSIP:EVAL-STATE was not yet seen. To avoid this
;   warning, DEFSTRUCT should precede references to the affected functions, or they
;   must be declared locally notinline at each call site.
WARNING:
   Lisp compilation had style-warnings while
   compiling #<CL-SOURCE-FILE "lsip" "lisp/transactions">

; file: /home/user0/FIM/deps/goggles-shg-growth/lisp/runtime_trace_registry.lisp
; in: DEFSTRUCT RUNTIME-TRACE-ATOM
;     (DEFSTRUCT LSIP:RUNTIME-TRACE-ATOM
;       LSIP::ID
;       LSIP::CORPUS-ID
;       LSIP::CAPABILITY
;       LSIP::TRACE-ROLE
;       LSIP::TRANSACTION-ID
;       LSIP::IMPLEMENTATION-ID
;       LSIP::ENTRY-NAME
;       LSIP::PROGRAM-DIGEST
;       LSIP::ARG-VALUES-DIGEST
;       LSIP::RESULT-DIGEST
;       ...)
; --> EVAL-WHEN 
; ==>
;   (SB-KERNEL::%COMPILER-DEFSTRUCT
;    '#<SB-KERNEL:DEFSTRUCT-DESCRIPTION LSIP:RUNTIME-TRACE-ATOM {100CF4C4C3}>
;    '#(#<SB-KERNEL:WRAPPER (ID=0) for T {50101003}>
;       #<SB-KERNEL:WRAPPER (ID=1) for STRUCTURE-OBJECT {50101073}>))
; 
; caught STYLE-WARNING:
;   Previously compiled call to LSIP:RUNTIME-TRACE-ATOM-ID could not be inlined
;   because the structure definition for LSIP:RUNTIME-TRACE-ATOM was not yet seen.
;   To avoid this warning, DEFSTRUCT should precede references to the affected
;   functions, or they must be declared locally notinline at each call site.

; in: DEFSTRUCT RUNTIME-TRACE-BUNDLE
;     (DEFSTRUCT LSIP:RUNTIME-TRACE-BUNDLE
;       LSIP::ID
;       LSIP::CORPUS-ID
;       LSIP::CAPABILITY
;       LSIP::TRACE-CONTRACT-ID
;       LSIP::ACTIVE-IMPLEMENTATION-ID
;       LSIP::SHADOW-IMPLEMENTATION-ID
;       LSIP::TRACE-ATOM-IDS
;       LSIP::META)
; --> EVAL-WHEN 
; ==>
;   (SB-KERNEL::%COMPILER-DEFSTRUCT
;    '#<SB-KERNEL:DEFSTRUCT-DESCRIPTION LSIP:RUNTIME-TRACE-BUNDLE {100DC238A3}>
;    '#(#<SB-KERNEL:WRAPPER (ID=0) for T {50101003}>
;       #<SB-KERNEL:WRAPPER (ID=1) for STRUCTURE-OBJECT {50101073}>))
; 
; caught STYLE-WARNING:
;   Previously compiled call to LSIP:RUNTIME-TRACE-BUNDLE-ID could not be inlined
;   because the structure definition for LSIP:RUNTIME-TRACE-BUNDLE was not yet
;   seen. To avoid this warning, DEFSTRUCT should precede references to the
;   affected functions, or they must be declared locally notinline at each call
;   site.

; in: DEFSTRUCT RUNTIME-TRACE-FABRIC
;     (DEFSTRUCT LSIP:RUNTIME-TRACE-FABRIC
;       LSIP::ID
;       LSIP::CORPUS-ID
;       LSIP::CAPABILITY
;       LSIP::TRACE-CONTRACT-ID
;       LSIP::BUNDLE-ID
;       LSIP::STATUS
;       LSIP::FACES
;       LSIP::META)
; --> EVAL-WHEN 
; ==>
;   (SB-KERNEL::%COMPILER-DEFSTRUCT
;    '#<SB-KERNEL:DEFSTRUCT-DESCRIPTION LSIP:RUNTIME-TRACE-FABRIC {100E096613}>
;    '#(#<SB-KERNEL:WRAPPER (ID=0) for T {50101003}>
;       #<SB-KERNEL:WRAPPER (ID=1) for STRUCTURE-OBJECT {50101073}>))
; 
; caught STYLE-WARNING:
;   Previously compiled call to LSIP:RUNTIME-TRACE-FABRIC-ID could not be inlined
;   because the structure definition for LSIP:RUNTIME-TRACE-FABRIC was not yet
;   seen. To avoid this warning, DEFSTRUCT should precede references to the
;   affected functions, or they must be declared locally notinline at each call
;   site.

; in: DEFSTRUCT RUNTIME-TRACE-REGISTRY
;     (DEFSTRUCT LSIP:RUNTIME-TRACE-REGISTRY
;       LSIP::ID
;       LSIP::CORPUS-ID
;       LSIP::CAPABILITY
;       LSIP::TRACE-CONTRACT-ID
;       LSIP::ACTIVE-IMPLEMENTATION-ID
;       LSIP::SHADOW-IMPLEMENTATION-ID
;       LSIP::BUNDLE-ID
;       LSIP::FABRIC-ID
;       LSIP::EVAL-TRANSACTION-COUNT
;       LSIP::RESULT-MISMATCH-COUNT
;       ...)
; --> EVAL-WHEN 
; ==>
;   (SB-KERNEL::%COMPILER-DEFSTRUCT
;    '#<SB-KERNEL:DEFSTRUCT-DESCRIPTION LSIP:RUNTIME-TRACE-REGISTRY {1008950C03}>
;    '#(#<SB-KERNEL:WRAPPER (ID=0) for T {50101003}>
;       #<SB-KERNEL:WRAPPER (ID=1) for STRUCTURE-OBJECT {50101073}>))
; 
; caught STYLE-WARNING:
;   Previously compiled call to LSIP:RUNTIME-TRACE-REGISTRY-ID could not be inlined
;   because the structure definition for LSIP:RUNTIME-TRACE-REGISTRY was not yet
;   seen. To avoid this warning, DEFSTRUCT should precede references to the
;   affected functions, or they must be declared locally notinline at each call
;   site.

; in: DEFSTRUCT RUNTIME-TRACE-MANIFEST
;     (DEFSTRUCT LSIP:RUNTIME-TRACE-MANIFEST
;       LSIP::ID
;       LSIP::CORPUS-ID
;       LSIP::CAPABILITY
;       LSIP::TRACE-CONTRACT-ID
;       LSIP::REGISTRY-ID
;       LSIP::READINESS-STATUS
;       LSIP::ARTIFACT-ROWS
;       LSIP::META)
; --> EVAL-WHEN 
; ==>
;   (SB-KERNEL::%COMPILER-DEFSTRUCT
;    '#<SB-KERNEL:DEFSTRUCT-DESCRIPTION LSIP:RUNTIME-TRACE-MANIFEST {1009031C53}>
;    '#(#<SB-KERNEL:WRAPPER (ID=0) for T {50101003}>
;       #<SB-KERNEL:WRAPPER (ID=1) for STRUCTURE-OBJECT {50101073}>))
; 
; caught STYLE-WARNING:
;   Previously compiled call to LSIP:RUNTIME-TRACE-MANIFEST-ID could not be inlined
;   because the structure definition for LSIP:RUNTIME-TRACE-MANIFEST was not yet
;   seen. To avoid this warning, DEFSTRUCT should precede references to the
;   affected functions, or they must be declared locally notinline at each call
;   site.
WARNING:
   Lisp compilation had style-warnings while
   compiling #<CL-SOURCE-FILE "lsip" "lisp/runtime_trace_registry">

; file: /home/user0/FIM/deps/goggles-shg-growth/lisp/compiler_projection.lisp
; in: DEFSTRUCT COMPILER-PROJECTION
;     (DEFSTRUCT LSIP:COMPILER-PROJECTION
;       LSIP::VERSION
;       LSIP::SOURCE-DIGEST
;       LSIP::PROJECTION-DIGEST
;       LSIP::ENTRIES
;       LSIP::RESIDUAL-SUMMARY)
; --> EVAL-WHEN 
; ==>
;   (SB-KERNEL::%COMPILER-DEFSTRUCT
;    '#<SB-KERNEL:DEFSTRUCT-DESCRIPTION LSIP:COMPILER-PROJECTION {1005221753}>
;    '#(#<SB-KERNEL:WRAPPER (ID=0) for T {50101003}>
;       #<SB-KERNEL:WRAPPER (ID=1) for STRUCTURE-OBJECT {50101073}>))
; 
; caught STYLE-WARNING:
;   Previously compiled calls to LSIP::COMPILER-PROJECTION-SOURCE-DIGEST and
;   LSIP::COMPILER-PROJECTION-PROJECTION-DIGEST could not be inlined because the
;   structure definition for LSIP:COMPILER-PROJECTION was not yet seen. To avoid
;   this warning, DEFSTRUCT should precede references to the affected functions, or
;   they must be declared locally notinline at each call site.
WARNING:
   Lisp compilation had style-warnings while
   compiling #<CL-SOURCE-FILE "lsip" "lisp/compiler_projection">

; file: /home/user0/FIM/deps/goggles-shg-growth/lisp/ir1_plan.lisp
; in: DEFSTRUCT IR1-PLAN-NODE
;     (DEFSTRUCT LSIP:IR1-PLAN-NODE
;       LSIP::ID
;       CLASS
;       LSIP:ADDRESS
;       LSIP::VALUE
;       LSIP::TARGET-OBLIGATIONS
;       LSIP::CHILDREN
;       LSIP::META)
; --> EVAL-WHEN 
; ==>
;   (SB-KERNEL::%COMPILER-DEFSTRUCT
;    '#<SB-KERNEL:DEFSTRUCT-DESCRIPTION LSIP:IR1-PLAN-NODE {10089677F3}>
;    '#(#<SB-KERNEL:WRAPPER (ID=0) for T {50101003}>
;       #<SB-KERNEL:WRAPPER (ID=1) for STRUCTURE-OBJECT {50101073}>))
; 
; caught STYLE-WARNING:
;   Previously compiled call to LSIP:IR1-PLAN-NODE-ID could not be inlined because
;   the structure definition for LSIP:IR1-PLAN-NODE was not yet seen. To avoid this
;   warning, DEFSTRUCT should precede references to the affected functions, or they
;   must be declared locally notinline at each call site.

; in: DEFSTRUCT IR1-PLAN
;     (DEFSTRUCT LSIP:IR1-PLAN
;       LSIP::VERSION
;       LSIP::SOURCE-DIGEST
;       LSIP::COMPILER-IR-DIGEST
;       LSIP::SLOT-PLAN
;       LSIP::ROOT
;       LSIP::META)
; --> EVAL-WHEN 
; ==>
;   (SB-KERNEL::%COMPILER-DEFSTRUCT
;    '#<SB-KERNEL:DEFSTRUCT-DESCRIPTION LSIP:IR1-PLAN {1008CFDAE3}>
;    '#(#<SB-KERNEL:WRAPPER (ID=0) for T {50101003}>
;       #<SB-KERNEL:WRAPPER (ID=1) for STRUCTURE-OBJECT {50101073}>))
; 
; caught STYLE-WARNING:
;   Previously compiled calls to LSIP:IR1-PLAN-SOURCE-DIGEST and LSIP:IR1-PLAN-ROOT
;   could not be inlined because the structure definition for LSIP:IR1-PLAN was not
;   yet seen. To avoid this warning, DEFSTRUCT should precede references to the
;   affected functions, or they must be declared locally notinline at each call
;   site.

; in: DEFSTRUCT PLACEMENT-FRAGMENT
;     (DEFSTRUCT LSIP:PLACEMENT-FRAGMENT
;       LSIP::ID
;       LSIP::LOC
;       LSIP::TARGET
;       LSIP::TARGET-ID
;       LSIP::ARTIFACT-ID
;       LSIP:ARTIFACT-FRAGMENT-ID
;       LSIP::ANCHOR-KIND
;       LSIP::ANCHOR-REF
;       LSIP::REWRITE-MODE
;       LSIP::PRESTATE-DIGEST
;       ...)
; --> EVAL-WHEN 
; ==>
;   (SB-KERNEL::%COMPILER-DEFSTRUCT
;    '#<SB-KERNEL:DEFSTRUCT-DESCRIPTION LSIP:PLACEMENT-FRAGMENT {1009CFA333}>
;    '#(#<SB-KERNEL:WRAPPER (ID=0) for T {50101003}>
;       #<SB-KERNEL:WRAPPER (ID=1) for STRUCTURE-OBJECT {50101073}>))
; 
; caught STYLE-WARNING:
;   Previously compiled call to LSIP:PLACEMENT-FRAGMENT-ARTIFACT-FRAGMENT-ID could
;   not be inlined because the structure definition for LSIP:PLACEMENT-FRAGMENT was
;   not yet seen. To avoid this warning, DEFSTRUCT should precede references to the
;   affected functions, or they must be declared locally notinline at each call
;   site.

; in: DEFSTRUCT PLACEMENT-RESULT
;     (DEFSTRUCT LSIP:PLACEMENT-RESULT
;       LSIP::VERSION
;       LSIP::SOURCE-DIGEST
;       LSIP::PLAN-DIGEST
;       LSIP::FRAGMENTS
;       LSIP::ARTIFACT-IDS
;       LSIP::ARTIFACT-FRAGMENT-IDS
;       LSIP::WORKSPACE-TARGET-IDS
;       LSIP::DOCUMENT-ANCHOR-IDS
;       LSIP::PLACEMENT-OP-IDS
;       LSIP:PLACEMENT-BUNDLE-ID
;       ...)
; --> EVAL-WHEN 
; ==>
;   (SB-KERNEL::%COMPILER-DEFSTRUCT
;    '#<SB-KERNEL:DEFSTRUCT-DESCRIPTION LSIP:PLACEMENT-RESULT {1007382EB3}>
;    '#(#<SB-KERNEL:WRAPPER (ID=0) for T {50101003}>
;       #<SB-KERNEL:WRAPPER (ID=1) for STRUCTURE-OBJECT {50101073}>))
; 
; caught STYLE-WARNING:
;   Previously compiled calls to LSIP:PLACEMENT-RESULT-SOURCE-DIGEST,
;   LSIP:PLACEMENT-RESULT-PLAN-DIGEST, LSIP:PLACEMENT-RESULT-FRAGMENTS,
;   LSIP:PLACEMENT-RESULT-ARTIFACT-IDS,
;   LSIP:PLACEMENT-RESULT-ARTIFACT-FRAGMENT-IDS,
;   LSIP:PLACEMENT-RESULT-PLACEMENT-OP-IDS,
;   LSIP:PLACEMENT-RESULT-PLACEMENT-BUNDLE-ID and LSIP:PLACEMENT-RESULT-META could
;   not be inlined because the structure definition for LSIP:PLACEMENT-RESULT was
;   not yet seen. To avoid this warning, DEFSTRUCT should precede references to the
;   affected functions, or they must be declared locally notinline at each call
;   site.

; in: DEFSTRUCT PLACEMENT-OP
;     (DEFSTRUCT LSIP:PLACEMENT-OP
;       LSIP::ID
;       LSIP::FRAGMENT-ID
;       LSIP::ANCHOR-ID
;       LSIP::REWRITE-MODE
;       LSIP::PRESTATE-DIGEST
;       LSIP::POSTSTATE-DIGEST
;       LSIP::DEPENDENCY-OP-IDS
;       LSIP::ADMISSION-CONTRACT-IDS
;       LSIP::RUNTIME-CLOSURE-IDS
;       LSIP::META)
; --> EVAL-WHEN 
; ==>
;   (SB-KERNEL::%COMPILER-DEFSTRUCT
;    '#<SB-KERNEL:DEFSTRUCT-DESCRIPTION LSIP:PLACEMENT-OP {10081E1F83}>
;    '#(#<SB-KERNEL:WRAPPER (ID=0) for T {50101003}>
;       #<SB-KERNEL:WRAPPER (ID=1) for STRUCTURE-OBJECT {50101073}>))
; 
; caught STYLE-WARNING:
;   Previously compiled calls to LSIP:PLACEMENT-OP-ID,
;   LSIP:PLACEMENT-OP-FRAGMENT-ID, LSIP:PLACEMENT-OP-ANCHOR-ID and
;   LSIP:PLACEMENT-OP-REWRITE-MODE could not be inlined because the structure
;   definition for LSIP:PLACEMENT-OP was not yet seen. To avoid this warning,
;   DEFSTRUCT should precede references to the affected functions, or they must be
;   declared locally notinline at each call site.

; in: DEFSTRUCT PLACEMENT-BUNDLE
;     (DEFSTRUCT LSIP:PLACEMENT-BUNDLE
;       LSIP::ID
;       LSIP::SOURCE-DIGEST
;       LSIP::PLAN-DIGEST
;       LSIP::PLACEMENT-OP-IDS
;       LSIP::AFFECTED-TARGET-IDS
;       LSIP::ORIGIN-ROUTE-ID
;       LSIP::ORIGIN-DECISION-ID
;       LSIP::STATUS
;       LSIP::META)
; --> EVAL-WHEN 
; ==>
;   (SB-KERNEL::%COMPILER-DEFSTRUCT
;    '#<SB-KERNEL:DEFSTRUCT-DESCRIPTION LSIP:PLACEMENT-BUNDLE {100866ADC3}>
;    '#(#<SB-KERNEL:WRAPPER (ID=0) for T {50101003}>
;       #<SB-KERNEL:WRAPPER (ID=1) for STRUCTURE-OBJECT {50101073}>))
; 
; caught STYLE-WARNING:
;   Previously compiled calls to LSIP:PLACEMENT-BUNDLE-ID,
;   LSIP:PLACEMENT-BUNDLE-AFFECTED-TARGET-IDS and LSIP:PLACEMENT-BUNDLE-STATUS
;   could not be inlined because the structure definition for LSIP:PLACEMENT-BUNDLE
;   was not yet seen. To avoid this warning, DEFSTRUCT should precede references to
;   the affected functions, or they must be declared locally notinline at each call
;   site.

; in: DEFUN %LOWER-SYNTH-SLOT-PLAN-TO-IR1-CORE
;     (LSIP::BRANCH-SLOT
;      (FIRST
;       (LSIP::SYNTH-SLOT-PLAN-SLOTS-IN-SCOPE LSIP::SLOT-PLAN LSIP::SCOPE-ID
;        '(:BRANCH-COND))))
; 
; caught STYLE-WARNING:
;   The variable BRANCH-SLOT is defined but never used.

;     (LSIP::SWITCH-SLOT
;      (FIRST
;       (LSIP::SYNTH-SLOT-PLAN-SLOTS-IN-SCOPE LSIP::SLOT-PLAN LSIP::SCOPE-ID
;        '(:SWITCH-DISCRIMINATOR))))
; 
; caught STYLE-WARNING:
;   The variable SWITCH-SLOT is defined but never used.

;     (LSIP::LOOP-TEST-SLOT
;      (FIRST
;       (LSIP::SYNTH-SLOT-PLAN-SLOTS-IN-SCOPE LSIP::SLOT-PLAN LSIP::SCOPE-ID
;        '(:LOOP-TEST-COND))))
; 
; caught STYLE-WARNING:
;   The variable LOOP-TEST-SLOT is defined but never used.

;     (LSIP::LOOP-ENTER-SLOTS
;      (SORT
;       (COPY-LIST
;        (LSIP::SYNTH-SLOT-PLAN-SLOTS-IN-SCOPE LSIP::SLOT-PLAN LSIP::SCOPE-ID
;         '(:LOOP-ENTER-ARG)))
;       #'< :KEY #'LSIP::SYNTH-SLOT-ORDER-KEY))
; 
; caught STYLE-WARNING:
;   The variable LOOP-ENTER-SLOTS is defined but never used.

;     (LSIP::LOOP-BACK-SLOTS
;      (SORT
;       (COPY-LIST
;        (LSIP::SYNTH-SLOT-PLAN-SLOTS-IN-SCOPE LSIP::SLOT-PLAN LSIP::SCOPE-ID
;         '(:LOOP-BACK-ARG)))
;       #'< :KEY #'LSIP::SYNTH-SLOT-ORDER-KEY))
; 
; caught STYLE-WARNING:
;   The variable LOOP-BACK-SLOTS is defined but never used.

;     (LSIP::GOTO-SLOTS
;      (SORT
;       (COPY-LIST
;        (LSIP::SYNTH-SLOT-PLAN-SLOTS-IN-SCOPE LSIP::SLOT-PLAN LSIP::SCOPE-ID
;         '(:GOTO-ARG)))
;       #'< :KEY #'LSIP::SYNTH-SLOT-ORDER-KEY))
; 
; caught STYLE-WARNING:
;   The variable GOTO-SLOTS is defined but never used.

;     (LSIP::TRY-SLOT
;      (FIRST
;       (LSIP::SYNTH-SLOT-PLAN-SLOTS-IN-SCOPE LSIP::SLOT-PLAN LSIP::SCOPE-ID
;        '(:TRY-INPUT))))
; 
; caught STYLE-WARNING:
;   The variable TRY-SLOT is defined but never used.

;     (LSIP::CHECKED-SLOT
;      (FIRST
;       (LSIP::SYNTH-SLOT-PLAN-SLOTS-IN-SCOPE LSIP::SLOT-PLAN LSIP::SCOPE-ID
;        '(:CHECKED-ARITHMETIC))))
; 
; caught STYLE-WARNING:
;   The variable CHECKED-SLOT is defined but never used.

;     (LSIP::OVERFLOW-SLOT
;      (FIRST
;       (LSIP::SYNTH-SLOT-PLAN-SLOTS-IN-SCOPE LSIP::SLOT-PLAN LSIP::SCOPE-ID
;        '(:OVERFLOW-RETURN))))
; 
; caught STYLE-WARNING:
;   The variable OVERFLOW-SLOT is defined but never used.

;     (LSIP::RETURN-SLOT
;      (FIRST
;       (LSIP::SYNTH-SLOT-PLAN-SLOTS-IN-SCOPE LSIP::SLOT-PLAN LSIP::SCOPE-ID
;        '(:RETURN))))
; 
; caught STYLE-WARNING:
;   The variable RETURN-SLOT is defined but never used.

;     (SORT
;      (COPY-LIST
;       (LSIP::SYNTH-SLOT-PLAN-SLOTS-IN-SCOPE LSIP::SLOT-PLAN LSIP::SCOPE-ID
;        '(:LOOP-ENTER-ARG)))
;      #'< :KEY #'LSIP::SYNTH-SLOT-ORDER-KEY)
; 
; caught STYLE-WARNING:
;   The return value of STABLE-SORT-LIST should not be discarded.

;     (SORT
;      (COPY-LIST
;       (LSIP::SYNTH-SLOT-PLAN-SLOTS-IN-SCOPE LSIP::SLOT-PLAN LSIP::SCOPE-ID
;        '(:LOOP-BACK-ARG)))
;      #'< :KEY #'LSIP::SYNTH-SLOT-ORDER-KEY)
; 
; caught STYLE-WARNING:
;   The return value of STABLE-SORT-LIST should not be discarded.

;     (SORT
;      (COPY-LIST
;       (LSIP::SYNTH-SLOT-PLAN-SLOTS-IN-SCOPE LSIP::SLOT-PLAN LSIP::SCOPE-ID
;        '(:GOTO-ARG)))
;      #'< :KEY #'LSIP::SYNTH-SLOT-ORDER-KEY)
; 
; caught STYLE-WARNING:
;   The return value of STABLE-SORT-LIST should not be discarded.
WARNING:
   Lisp compilation had style-warnings while
   compiling #<CL-SOURCE-FILE "lsip" "lisp/ir1_plan">

; file: /home/user0/FIM/deps/goggles-shg-growth/lisp/extension_spec.lisp
; in: DEFSTRUCT EXTENSION-CONTROL-REALIZER
;     (DEFSTRUCT LSIP::EXTENSION-CONTROL-REALIZER
;       LSIP::ID
;       LSIP::HANDLER-ID
;       LSIP::MODES
;       LSIP::SOURCE-SPEC-NAME
;       LSIP::SOURCE-SPEC-DIGEST
;       LSIP::EXECUTOR
;       LSIP::META)
; --> EVAL-WHEN 
; ==>
;   (SB-KERNEL::%COMPILER-DEFSTRUCT
;    '#<SB-KERNEL:DEFSTRUCT-DESCRIPTION LSIP::EXTENSION-CONTROL-REALIZER {100309A113}>
;    '#(#<SB-KERNEL:WRAPPER (ID=0) for T {50101003}>
;       #<SB-KERNEL:WRAPPER (ID=1) for STRUCTURE-OBJECT {50101073}>))
; 
; caught STYLE-WARNING:
;   Previously compiled call to LSIP::EXTENSION-CONTROL-REALIZER-ID could not be
;   inlined because the structure definition for LSIP::EXTENSION-CONTROL-REALIZER
;   was not yet seen. To avoid this warning, DEFSTRUCT should precede references to
;   the affected functions, or they must be declared locally notinline at each call
;   site.
WARNING:
   Lisp compilation had style-warnings while
   compiling #<CL-SOURCE-FILE "lsip" "lisp/extension_spec">
WARNING: redefining LSIP::SEMANTIC-PRODUCT-GRAPH-PRODUCT in DEFUN
WARNING: redefining LSIP::SEMANTIC-PRODUCT-ENTRY-EVIDENCE-PROFILE in DEFUN
WARNING: redefining LSIP::VALIDATE-SEMANTIC-PRODUCT-RECORD in DEFUN
WARNING: redefining LSIP::REGISTER-SEMANTIC-COMPILER-COMPONENT in DEFUN
WARNING: redefining LSIP::VALIDATE-SEMANTIC-COMPILER-COMPONENT-ENTRY in DEFUN
WARNING: redefining LSIP::COMPILE-SEMANTIC-PRODUCT-GRAPH in DEFUN
WARNING: redefining LSIP::COMPILE-SEMANTIC-PROGRAM-ARTIFACT in DEFUN
WARNING: redefining LSIP::COMPILE-SEMANTIC-PROGRAM in DEFUN
WARNING: redefining LSIP::SEMANTIC-COMPILER-COMPONENT-SOURCE-VALUE in DEFUN
WARNING: redefining LSIP::SEMANTIC-COMPILER-COMPONENT-BASE-CONTEXT in DEFUN
WARNING: redefining LSIP::SEMANTIC-COMPILER-COMPONENT-EVAL-EXPRESSION in DEFUN
WARNING: redefining LSIP::SEMANTIC-COMPILER-COMPONENT-CONSTRUCT in DEFUN
WARNING: redefining LSIP::EXECUTE-SEMANTIC-SEED-COMPILER-COMPONENT in DEFUN
WARNING: redefining LSIP::SEMANTIC-COMPILER-COMPONENT-SOURCE-VALUE in DEFUN
WARNING: redefining LSIP::SEMANTIC-COMPILER-COMPONENT-EVAL-EXPRESSION in DEFUN
WARNING: redefining LSIP::SEMANTIC-COMPILER-COMPONENT-CONSTRUCT in DEFUN
WARNING: redefining LSIP::VALIDATE-SEMANTIC-COMPILER-COMPONENT-PRODUCT in DEFUN
WARNING:
   redefining LSIP::SEMANTIC-COMPILER-COMPONENT-EXECUTE-MAP-DESCRIPTORS in DEFUN
WARNING: redefining LSIP::SEMANTIC-COMPILER-COMPONENT-CONSTRUCT in DEFUN
WARNING: redefining LSIP::SEMANTIC-COMPILER-COMPONENT-TARGET-KIND in DEFUN
WARNING: redefining LSIP::SEMANTIC-COMPILER-COMPONENT-SOURCE-VALUE in DEFUN
WARNING: redefining LSIP::SEMANTIC-COMPILER-COMPONENT-BASE-CONTEXT in DEFUN
WARNING: redefining LSIP::EXTENSION-PRODUCT-GRAPH-RESULT-PRODUCTS in DEFUN

; file: /home/user0/FIM/deps/goggles-shg-growth/lisp/semantic_seed_extension_authority.lisp
; in: DEFMACRO DEFSYNTH-EXTENSION
;     (DEFMACRO LSIP:DEFSYNTH-EXTENSION (LSIP::NAME &REST LSIP::OPTIONS)
;       (IF (LSIP::SEMANTIC-EXTENSION-COVERED-NAME-P LSIP::NAME)
;           `(LSIP::DEFSEMANTIC-EXTENSION ,LSIP::NAME ,@LSIP::OPTIONS)
;           `(DEFPARAMETER ,(LSIP::SYNTH-EXTENSION-SPEC-VARIABLE-NAME LSIP::NAME)
;              (LSIP:MAKE-SYNTH-EXTENSION-SPEC :NAME ',LSIP::NAME :VERSION
;                                              LSIP::*SYNTH-EXTENSION-SPEC-VERSION*
;                                              ,@LSIP::OPTIONS))))
; --> EVAL-WHEN 
; ==>
;   (SB-C::%DEFMACRO 'LSIP:DEFSYNTH-EXTENSION
;                    (SB-INT:NAMED-LAMBDA (MACRO-FUNCTION LSIP:DEFSYNTH-EXTENSION)
;                        (#:EXPR #:ENV)
;                      (DECLARE
;                       (SB-C::LAMBDA-LIST (LSIP::NAME &REST LSIP::OPTIONS)))
;                      (DECLARE (IGNORE #:ENV))
;                      (SB-INT:NAMED-DS-BIND (:MACRO LSIP:DEFSYNTH-EXTENSION
;                                             . DEFMACRO)
;                          (LSIP::NAME &REST LSIP::OPTIONS)
;                          (CDR #:EXPR)
;                        (DECLARE (SB-C::CONSTANT-VALUE LSIP::NAME LSIP::OPTIONS))
;                        (BLOCK LSIP:DEFSYNTH-EXTENSION
;                          (IF #
;                              `#
;                              `#))))
;                    (SB-C:SOURCE-LOCATION))
; 
; caught STYLE-WARNING:
;   redefining LSIP:DEFSYNTH-EXTENSION in DEFMACRO
WARNING:
   Lisp compilation had style-warnings while
   compiling #<CL-SOURCE-FILE "lsip" "lisp/semantic_seed_extension_authority">
WARNING: redefining LSIP:COMPILE-SYNTH-EXTENSION in DEFUN
WARNING: redefining LSIP::COMPILE-SEMANTIC-SEED in DEFUN

; file: /home/user0/FIM/deps/goggles-shg-growth/lisp/lisp_artifact_ir.lisp
; in: DEFSTRUCT SHARED-LISP-ARTIFACT
;     (DEFSTRUCT LSIP:SHARED-LISP-ARTIFACT
;       LSIP::ID
;       LSIP::MACHINE-REF
;       LSIP::COMPILER-IR-MODULE-ID
;       LSIP::PLAN-DIGEST
;       LSIP::ENTRY
;       LSIP::MODULE-FORM
;       LSIP::TOP-FORM-ROWS
;       LSIP::SOURCE
;       LSIP::META)
; --> EVAL-WHEN 
; ==>
;   (SB-KERNEL::%COMPILER-DEFSTRUCT
;    '#<SB-KERNEL:DEFSTRUCT-DESCRIPTION LSIP:SHARED-LISP-ARTIFACT {10071AE5D3}>
;    '#(#<SB-KERNEL:WRAPPER (ID=0) for T {50101003}>
;       #<SB-KERNEL:WRAPPER (ID=1) for STRUCTURE-OBJECT {50101073}>))
; 
; caught STYLE-WARNING:
;   Previously compiled calls to LSIP:SHARED-LISP-ARTIFACT-ID,
;   LSIP:SHARED-LISP-ARTIFACT-COMPILER-IR-MODULE-ID and
;   LSIP:SHARED-LISP-ARTIFACT-PLAN-DIGEST could not be inlined because the
;   structure definition for LSIP:SHARED-LISP-ARTIFACT was not yet seen. To avoid
;   this warning, DEFSTRUCT should precede references to the affected functions, or
;   they must be declared locally notinline at each call site.

; in: DEFSTRUCT ARTIFACT-FRAGMENT
;     (DEFSTRUCT LSIP:ARTIFACT-FRAGMENT
;       LSIP::ID
;       LSIP::MACHINE-REF
;       LSIP::ARTIFACT-ID
;       LSIP::FRAGMENT-KIND
;       LSIP::FAMILY
;       LSIP::CONTENT
;       LSIP::SEMANTIC-DIGEST
;       LSIP::DEFAULT-ANCHOR-KIND
;       LSIP::DEFAULT-REWRITE-MODE
;       LSIP::META)
; --> EVAL-WHEN 
; ==>
;   (SB-KERNEL::%COMPILER-DEFSTRUCT
;    '#<SB-KERNEL:DEFSTRUCT-DESCRIPTION LSIP:ARTIFACT-FRAGMENT {10075EAE83}>
;    '#(#<SB-KERNEL:WRAPPER (ID=0) for T {50101003}>
;       #<SB-KERNEL:WRAPPER (ID=1) for STRUCTURE-OBJECT {50101073}>))
; 
; caught STYLE-WARNING:
;   Previously compiled calls to LSIP:ARTIFACT-FRAGMENT-ID,
;   LSIP:ARTIFACT-FRAGMENT-ARTIFACT-ID, LSIP:ARTIFACT-FRAGMENT-FRAGMENT-KIND,
;   LSIP:ARTIFACT-FRAGMENT-FAMILY, LSIP:ARTIFACT-FRAGMENT-CONTENT,
;   LSIP:ARTIFACT-FRAGMENT-DEFAULT-ANCHOR-KIND,
;   LSIP:ARTIFACT-FRAGMENT-DEFAULT-REWRITE-MODE and LSIP:ARTIFACT-FRAGMENT-META
;   could not be inlined because the structure definition for
;   LSIP:ARTIFACT-FRAGMENT was not yet seen. To avoid this warning, DEFSTRUCT
;   should precede references to the affected functions, or they must be declared
;   locally notinline at each call site.

; in: DEFSTRUCT ADMISSION-BUNDLE
;     (DEFSTRUCT LSIP:ADMISSION-BUNDLE
;       LSIP::ID
;       LSIP::MACHINE-REF
;       LSIP:PLACEMENT-BUNDLE-ID
;       LSIP::DELTA-IDS
;       LSIP::REINDEX-TARGET-IDS
;       LSIP::EVIDENCE-IDS
;       LSIP::STATUS
;       LSIP::META)
; --> EVAL-WHEN 
; ==>
;   (SB-KERNEL::%COMPILER-DEFSTRUCT
;    '#<SB-KERNEL:DEFSTRUCT-DESCRIPTION LSIP:ADMISSION-BUNDLE {1007BBB513}>
;    '#(#<SB-KERNEL:WRAPPER (ID=0) for T {50101003}>
;       #<SB-KERNEL:WRAPPER (ID=1) for STRUCTURE-OBJECT {50101073}>))
; 
; caught STYLE-WARNING:
;   Previously compiled calls to LSIP:ADMISSION-BUNDLE-ID,
;   LSIP:ADMISSION-BUNDLE-PLACEMENT-BUNDLE-ID and LSIP:ADMISSION-BUNDLE-STATUS
;   could not be inlined because the structure definition for LSIP:ADMISSION-BUNDLE
;   was not yet seen. To avoid this warning, DEFSTRUCT should precede references to
;   the affected functions, or they must be declared locally notinline at each call
;   site.
WARNING:
   Lisp compilation had style-warnings while
   compiling #<CL-SOURCE-FILE "lsip" "lisp/lisp_artifact_ir">

; file: /home/user0/FIM/deps/goggles-shg-growth/lisp/gen_module_graph.lisp
; in: DEFSTRUCT SHARED-RUST-ARTIFACT
;     (DEFSTRUCT LSIP:SHARED-RUST-ARTIFACT
;       LSIP::ID
;       LSIP::MACHINE-REF
;       LSIP::COMPILER-IR-MODULE-ID
;       LSIP::PLAN-DIGEST
;       LSIP::ENTRY
;       LSIP::ITEM-ROWS
;       LSIP::SOURCE
;       LSIP::META)
; --> EVAL-WHEN 
; ==>
;   (SB-KERNEL::%COMPILER-DEFSTRUCT
;    '#<SB-KERNEL:DEFSTRUCT-DESCRIPTION LSIP:SHARED-RUST-ARTIFACT {1003A1F733}>
;    '#(#<SB-KERNEL:WRAPPER (ID=0) for T {50101003}>
;       #<SB-KERNEL:WRAPPER (ID=1) for STRUCTURE-OBJECT {50101073}>))
; 
; caught STYLE-WARNING:
;   Previously compiled call to LSIP:SHARED-RUST-ARTIFACT-SOURCE could not be
;   inlined because the structure definition for LSIP:SHARED-RUST-ARTIFACT was not
;   yet seen. To avoid this warning, DEFSTRUCT should precede references to the
;   affected functions, or they must be declared locally notinline at each call
;   site.
WARNING:
   Lisp compilation had style-warnings while
   compiling #<CL-SOURCE-FILE "lsip" "lisp/gen_module_graph">

; file: /home/user0/FIM/deps/goggles-shg-growth/lisp/operator_contract_ir.lisp
; in: DEFSTRUCT OPERATOR-CONTRACT-PROGRAM
;     (DEFSTRUCT LSIP:OPERATOR-CONTRACT-PROGRAM
;       LSIP::ID
;       LSIP::MACHINE-REF
;       LSIP::PASS-ID
;       LSIP::SOURCE-DIGEST
;       LSIP::SOURCE-ROOT-ROW
;       LSIP::RESOLVED-DIGEST
;       LSIP::RESOLVED-ROOT-ROW
;       LSIP::RESOLVED-ROOT
;       LSIP::META)
; --> EVAL-WHEN 
; ==>
;   (SB-KERNEL::%COMPILER-DEFSTRUCT
;    '#<SB-KERNEL:DEFSTRUCT-DESCRIPTION LSIP:OPERATOR-CONTRACT-PROGRAM {1005E06693}>
;    '#(#<SB-KERNEL:WRAPPER (ID=0) for T {50101003}>
;       #<SB-KERNEL:WRAPPER (ID=1) for STRUCTURE-OBJECT {50101073}>))
; 
; caught STYLE-WARNING:
;   Previously compiled calls to LSIP:OPERATOR-CONTRACT-PROGRAM-ID,
;   LSIP:OPERATOR-CONTRACT-PROGRAM-PASS-ID,
;   LSIP:OPERATOR-CONTRACT-PROGRAM-SOURCE-DIGEST and
;   LSIP:OPERATOR-CONTRACT-PROGRAM-RESOLVED-DIGEST could not be inlined because the
;   structure definition for LSIP:OPERATOR-CONTRACT-PROGRAM was not yet seen. To
;   avoid this warning, DEFSTRUCT should precede references to the affected
;   functions, or they must be declared locally notinline at each call site.
WARNING:
   Lisp compilation had style-warnings while
   compiling #<CL-SOURCE-FILE "lsip" "lisp/operator_contract_ir">

; file: /home/user0/FIM/deps/goggles-shg-growth/lisp/rustgen.lisp
; in: DEFUN VALIDATE-OPERATOR-EFFECTS
;     'NIL
; 
; note: deleting unreachable code

; in: DEFUN VALIDATE-GOVERNED-CALL-OPERATOR-EXPR
;     'NIL
; 
; note: deleting unreachable code

; in: DEFUN RESOLVED-OPERATOR-META
;     (DEFUN LSIP::RESOLVED-OPERATOR-META (LSIP::META LSIP::SPEC LSIP:NODE)
;       (LET ((LSIP::OUT
;              (LSIP::PLIST-DELETE-KEYS LSIP::META "operator:candidate-heads"
;               "operator:candidate-targets")))
;         (WHEN (GETF LSIP::SPEC :FAMILY) (SETF LSIP::OUT #))
;         (WHEN (GETF LSIP::SPEC :KIND) (SETF LSIP::OUT #))
;         (WHEN (GETF LSIP::SPEC :HEAD) (SETF LSIP::OUT #))
;         (LET ((LSIP::CONTRACT #))
;           (LET (#)
;             (WHEN LSIP::EFFECT-ENTRIES #))
;           (WHEN (AND LSIP::CONTRACT #) (SETF #))
;           (WHEN (AND LSIP::CONTRACT #) (SETF #))
;           (WHEN (AND LSIP::CONTRACT #) (SETF #))
;           LSIP::OUT)))
; --> SB-IMPL::%DEFUN SB-IMPL::%DEFUN SB-INT:NAMED-LAMBDA 
; ==>
;   #'(SB-INT:NAMED-LAMBDA LSIP::RESOLVED-OPERATOR-META
;         (LSIP::META LSIP::SPEC LSIP:NODE)
;       (BLOCK LSIP::RESOLVED-OPERATOR-META
;         (LET ((LSIP::OUT #))
;           (WHEN (GETF LSIP::SPEC :FAMILY) (SETF #))
;           (WHEN (GETF LSIP::SPEC :KIND) (SETF #))
;           (WHEN (GETF LSIP::SPEC :HEAD) (SETF #))
;           (LET (#)
;             (LET #
;               #)
;             (WHEN # #)
;             (WHEN # #)
;             (WHEN # #)
;             LSIP::OUT))))
; 
; caught STYLE-WARNING:
;   The variable NODE is defined but never used.

; in: DEFUN RESOLVE-TYPED-FUNCTION-OPERATORS
;     (LSIP::BODY-NODE (LSIP::CALLABLE-BODY-NODE LSIP:NODE "Function"))
; 
; caught STYLE-WARNING:
;   The variable BODY-NODE is defined but never used.

; in: DEFUN RESOLVE-TYPED-METHOD-OPERATORS
;     (LSIP::BODY-NODE (LSIP::CALLABLE-BODY-NODE LSIP:NODE "Method"))
; 
; caught STYLE-WARNING:
;   The variable BODY-NODE is defined but never used.

; in: DEFUN EMIT-GOVERNED-OPERATOR-EXPR
;     'NIL
; 
; note: deleting unreachable code

; in: DEFUN AFSM-KERNEL-NORMALIZE
;     'NIL
; 
; note: deleting unreachable code

; in: DEFUN AFSM-KERNEL-TRANSITION-INDEX
;     (SETF (GETHASH LSIP::KEY LSIP::INDEX) (NREVERSE LSIP::ROWS))
; 
; caught STYLE-WARNING:
;   reading an ignored variable: KEY

; in: DEFUN AFSM-KERNEL-STEP-BODY-FORM
;     (LSIP::GUARDED-TRANSITION-EXPR (LSIP::STATE LSIP::TRANSITION)
;      (LET* ((LSIP::TO (GETF LSIP::TRANSITION :TO))
;             (LSIP::GUARD-NAME (GETF LSIP::TRANSITION :GUARD))
;             (LSIP::SUBSTITUTIONS (MAKE-HASH-TABLE :TEST #'EQUAL)))
;        (SETF (GETHASH "state" LSIP::SUBSTITUTIONS) LSIP::STATE-EXPR)
;        (LOOP LSIP::FOR LSIP::BINDER LSIP::IN (GETF LSIP::TRANSITION :BINDERS)
;              DO (SETF # LSIP::BINDER))
;        (IF LSIP::GUARD-NAME
;            (LSIP:IF-FORM (LSIP::AFSM-KERNEL-REWRITE-EXPR # LSIP::SUBSTITUTIONS)
;                          (LSIP::STATE-PATH LSIP::TO)
;                          (LSIP::STATE-PATH LSIP::STATE))
;            (LSIP::STATE-PATH LSIP::TO))))
; 
; note: deleting unused function
;   (LABELS GUARDED-TRANSITION-EXPR :IN AFSM-KERNEL-STEP-BODY-FORM)
WARNING:
   Lisp compilation had style-warnings while
   compiling #<CL-SOURCE-FILE "lsip" "lisp/rustgen">

; file: /home/user0/FIM/deps/goggles-shg-growth/lisp/afsm_ir.lisp
; in: DEFSTRUCT AFSM-TYPED-EXPANSION
;     (DEFSTRUCT LSIP:AFSM-TYPED-EXPANSION
;       LSIP::ID
;       LSIP::MACHINE-REF
;       LSIP::INDEXED-ID
;       LSIP::EXEC-ID
;       LSIP::STEP-IR-ID
;       LSIP::SOURCE-DIGEST
;       LSIP::EXPANSION-DIGEST
;       LSIP::SHAPE
;       LSIP::EXPANSION-ROW
;       LSIP::EXPANSION-FORM
;       ...)
; --> EVAL-WHEN 
; ==>
;   (SB-KERNEL::%COMPILER-DEFSTRUCT
;    '#<SB-KERNEL:DEFSTRUCT-DESCRIPTION LSIP:AFSM-TYPED-EXPANSION {1005F41D43}>
;    '#(#<SB-KERNEL:WRAPPER (ID=0) for T {50101003}>
;       #<SB-KERNEL:WRAPPER (ID=1) for STRUCTURE-OBJECT {50101073}>))
; 
; caught STYLE-WARNING:
;   Previously compiled call to LSIP:AFSM-TYPED-EXPANSION-EXPANSION-FORM could not
;   be inlined because the structure definition for LSIP:AFSM-TYPED-EXPANSION was
;   not yet seen. To avoid this warning, DEFSTRUCT should precede references to the
;   affected functions, or they must be declared locally notinline at each call
;   site.

; in: DEFUN AFSM-SHARED-EXEC-SURFACE-FORM
;     (LSIP::GUARDED-TRANSITION-EXPR (LSIP::STATE-NAME LSIP::TRANSITION)
;      (LET ((LSIP::TO-CODE (LSIP::STATE-CODE #)))
;        (IF (GETF LSIP::TRANSITION :GUARD)
;            (LSIP:IF-FORM
;             (LSIP::AFSM-SHARED-EXEC-GUARD-FORM # # LSIP::STATE-ALIST
;              LSIP::EVENT-ALIST)
;             LSIP::TO-CODE 'LSIP::STATE)
;            LSIP::TO-CODE)))
; 
; note: deleting unused function
;   (LABELS GUARDED-TRANSITION-EXPR :IN AFSM-SHARED-EXEC-SURFACE-FORM)

;     (LSIP::GUARDED-TRANSITION-CHAIN-EXPR (LSIP::STATE-NAME LSIP::TRANSITIONS)
;      (LABELS ((LSIP::EMIT (LSIP::ROWS)
;                 (IF #
;                     'LSIP::STATE
;                     #)))
;        (LSIP::EMIT LSIP::TRANSITIONS)))
; 
; caught STYLE-WARNING:
;   The variable STATE-NAME is defined but never used.
WARNING:
   Lisp compilation had style-warnings while
   compiling #<CL-SOURCE-FILE "lsip" "lisp/afsm_ir">

; file: /home/user0/FIM/deps/goggles-shg-growth/lisp/afsm_exec.lisp
; in: DEFSTRUCT AFSM-STATE-DOMAIN
;     (DEFSTRUCT LSIP:AFSM-STATE-DOMAIN
;       LSIP::ID
;       LSIP::MACHINE-REF
;       LSIP::EXEC-ID
;       LSIP::STATE-ROWS
;       LSIP::INITIAL-STATE-ID
;       LSIP::TERMINAL-STATE-IDS
;       LSIP::META)
; --> EVAL-WHEN 
; ==>
;   (SB-KERNEL::%COMPILER-DEFSTRUCT
;    '#<SB-KERNEL:DEFSTRUCT-DESCRIPTION LSIP:AFSM-STATE-DOMAIN {1006791BE3}>
;    '#(#<SB-KERNEL:WRAPPER (ID=0) for T {50101003}>
;       #<SB-KERNEL:WRAPPER (ID=1) for STRUCTURE-OBJECT {50101073}>))
; 
; caught STYLE-WARNING:
;   Previously compiled calls to LSIP:AFSM-STATE-DOMAIN-ID and
;   LSIP:AFSM-STATE-DOMAIN-INITIAL-STATE-ID could not be inlined because the
;   structure definition for LSIP:AFSM-STATE-DOMAIN was not yet seen. To avoid this
;   warning, DEFSTRUCT should precede references to the affected functions, or they
;   must be declared locally notinline at each call site.

; in: DEFSTRUCT AFSM-EVENT-DOMAIN
;     (DEFSTRUCT LSIP:AFSM-EVENT-DOMAIN
;       LSIP::ID
;       LSIP::MACHINE-REF
;       LSIP::EXEC-ID
;       LSIP::EVENT-ROWS
;       LSIP::EVENT-CODE-MAP
;       LSIP::META)
; --> EVAL-WHEN 
; ==>
;   (SB-KERNEL::%COMPILER-DEFSTRUCT
;    '#<SB-KERNEL:DEFSTRUCT-DESCRIPTION LSIP:AFSM-EVENT-DOMAIN {100560FA73}>
;    '#(#<SB-KERNEL:WRAPPER (ID=0) for T {50101003}>
;       #<SB-KERNEL:WRAPPER (ID=1) for STRUCTURE-OBJECT {50101073}>))
; 
; caught STYLE-WARNING:
;   Previously compiled call to LSIP:AFSM-EVENT-DOMAIN-ID could not be inlined
;   because the structure definition for LSIP:AFSM-EVENT-DOMAIN was not yet seen.
;   To avoid this warning, DEFSTRUCT should precede references to the affected
;   functions, or they must be declared locally notinline at each call site.

; in: DEFSTRUCT AFSM-GUARD-DOMAIN
;     (DEFSTRUCT LSIP:AFSM-GUARD-DOMAIN
;       LSIP::ID
;       LSIP::MACHINE-REF
;       LSIP::EXEC-ID
;       LSIP::GUARD-ROWS
;       LSIP::GUARD-AST-ROWS
;       LSIP::DEPENDENCY-ROWS
;       LSIP::META)
; --> EVAL-WHEN 
; ==>
;   (SB-KERNEL::%COMPILER-DEFSTRUCT
;    '#<SB-KERNEL:DEFSTRUCT-DESCRIPTION LSIP:AFSM-GUARD-DOMAIN {1005967273}>
;    '#(#<SB-KERNEL:WRAPPER (ID=0) for T {50101003}>
;       #<SB-KERNEL:WRAPPER (ID=1) for STRUCTURE-OBJECT {50101073}>))
; 
; caught STYLE-WARNING:
;   Previously compiled call to LSIP:AFSM-GUARD-DOMAIN-ID could not be inlined
;   because the structure definition for LSIP:AFSM-GUARD-DOMAIN was not yet seen.
;   To avoid this warning, DEFSTRUCT should precede references to the affected
;   functions, or they must be declared locally notinline at each call site.

; in: DEFSTRUCT AFSM-TRANSITION-DOMAIN
;     (DEFSTRUCT LSIP:AFSM-TRANSITION-DOMAIN
;       LSIP::ID
;       LSIP::MACHINE-REF
;       LSIP::EXEC-ID
;       LSIP::TRANSITION-ROWS
;       LSIP::TRANSITION-KEY-ROWS
;       LSIP::TRANSITION-INDEX-ROWS
;       LSIP::META)
; --> EVAL-WHEN 
; ==>
;   (SB-KERNEL::%COMPILER-DEFSTRUCT
;    '#<SB-KERNEL:DEFSTRUCT-DESCRIPTION LSIP:AFSM-TRANSITION-DOMAIN {1005D2E4B3}>
;    '#(#<SB-KERNEL:WRAPPER (ID=0) for T {50101003}>
;       #<SB-KERNEL:WRAPPER (ID=1) for STRUCTURE-OBJECT {50101073}>))
; 
; caught STYLE-WARNING:
;   Previously compiled call to LSIP:AFSM-TRANSITION-DOMAIN-ID could not be inlined
;   because the structure definition for LSIP:AFSM-TRANSITION-DOMAIN was not yet
;   seen. To avoid this warning, DEFSTRUCT should precede references to the
;   affected functions, or they must be declared locally notinline at each call
;   site.

; in: DEFSTRUCT AFSM-STEP-IR
;     (DEFSTRUCT LSIP:AFSM-STEP-IR
;       LSIP::ID
;       LSIP::MACHINE-REF
;       LSIP::EXEC-ID
;       LSIP::STATE-DOMAIN-ID
;       LSIP::EVENT-DOMAIN-ID
;       LSIP::GUARD-DOMAIN-ID
;       LSIP::TRANSITION-DOMAIN-ID
;       LSIP::STEP-ROW
;       LSIP::META)
; --> EVAL-WHEN 
; ==>
;   (SB-KERNEL::%COMPILER-DEFSTRUCT
;    '#<SB-KERNEL:DEFSTRUCT-DESCRIPTION LSIP:AFSM-STEP-IR {10060CEDD3}>
;    '#(#<SB-KERNEL:WRAPPER (ID=0) for T {50101003}>
;       #<SB-KERNEL:WRAPPER (ID=1) for STRUCTURE-OBJECT {50101073}>))
; 
; caught STYLE-WARNING:
;   Previously compiled call to LSIP:AFSM-STEP-IR-ID could not be inlined because
;   the structure definition for LSIP:AFSM-STEP-IR was not yet seen. To avoid this
;   warning, DEFSTRUCT should precede references to the affected functions, or they
;   must be declared locally notinline at each call site.

; in: DEFSTRUCT AFSM-EXEC
;     (DEFSTRUCT LSIP:AFSM-EXEC
;       LSIP::ID
;       LSIP::MACHINE-REF
;       LSIP::INDEXED-ID
;       LSIP::SOURCE-DIGEST
;       LSIP::EXEC-DIGEST
;       LSIP::STATE-DOMAIN-ID
;       LSIP::EVENT-DOMAIN-ID
;       LSIP::GUARD-DOMAIN-ID
;       LSIP::TRANSITION-DOMAIN-ID
;       LSIP::STEP-IR-ID
;       ...)
; --> EVAL-WHEN 
; ==>
;   (SB-KERNEL::%COMPILER-DEFSTRUCT
;    '#<SB-KERNEL:DEFSTRUCT-DESCRIPTION LSIP:AFSM-EXEC {10065F6A73}>
;    '#(#<SB-KERNEL:WRAPPER (ID=0) for T {50101003}>
;       #<SB-KERNEL:WRAPPER (ID=1) for STRUCTURE-OBJECT {50101073}>))
; 
; caught STYLE-WARNING:
;   Previously compiled calls to LSIP:AFSM-EXEC-ID, LSIP:AFSM-EXEC-INDEXED-ID,
;   LSIP:AFSM-EXEC-SOURCE-DIGEST, LSIP:AFSM-EXEC-EXEC-DIGEST,
;   LSIP:AFSM-EXEC-STATE-DOMAIN-ID, LSIP:AFSM-EXEC-EVENT-DOMAIN-ID,
;   LSIP:AFSM-EXEC-GUARD-DOMAIN-ID, LSIP:AFSM-EXEC-TRANSITION-DOMAIN-ID and
;   LSIP:AFSM-EXEC-STEP-IR-ID could not be inlined because the structure definition
;   for LSIP:AFSM-EXEC was not yet seen. To avoid this warning, DEFSTRUCT should
;   precede references to the affected functions, or they must be declared locally
;   notinline at each call site.
WARNING:
   Lisp compilation had style-warnings while
   compiling #<CL-SOURCE-FILE "lsip" "lisp/afsm_exec">
WARNING:
   redefining LSIP::COMPILE-SEMANTIC-SEED-STATE-MACHINE-EXECUTABLE-PRODUCT in DEFUN
WARNING: redefining LSIP::VALIDATE-SEMANTIC-PRODUCT-RECORD in DEFUN
WARNING: redefining LSIP::SEMANTIC-PRODUCT-EVIDENCE-MERGE in DEFUN
WARNING: redefining LSIP::SEMANTIC-COMPILER-COMPONENT-EVAL-EXPRESSION in DEFUN
WARNING: redefining LSIP::SEMANTIC-COMPILER-COMPONENT-CONSTRUCT in DEFUN
WARNING: redefining LSIP::SEMANTIC-COMPILER-COMPONENT-RUNTIME-ADAPTER in DEFUN
WARNING:
   redefining LSIP::SEMANTIC-COMPILER-COMPONENT-VALIDATE-ROW-CONSTRAINTS in DEFUN
WARNING:
   redefining LSIP::SEMANTIC-COMPILER-COMPONENT-VALIDATE-CONTEXT-CONSTRAINTS in DEFUN
WARNING: redefining LSIP::SEMANTIC-COMPILER-COMPONENT-VALID-SELECTOR-P in DEFUN
WARNING: redefining LSIP::SEMANTIC-COMPILER-COMPONENT-ORDER-ROWS in DEFUN
WARNING: redefining LSIP::SEMANTIC-COMPILER-COMPONENT-EVAL-EXPRESSION in DEFUN
WARNING: redefining LSIP::SEMANTIC-COMPILER-COMPONENT-CONSTRUCT in DEFUN
WARNING: redefining LSIP::TRUSTED-SEMANTIC-KERNEL-V1-JSON-OBJECT in DEFUN
WARNING: redefining LSIP::TRUSTED-SEMANTIC-KERNEL-V1-SUMMARY in DEFUN
WARNING: redefining LSIP::TRUSTED-SEMANTIC-KERNEL-V1-JSON-OBJECT in DEFUN
WARNING: redefining LSIP::TRUSTED-SEMANTIC-KERNEL-V1-SUMMARY in DEFUN

; file: /home/user0/FIM/deps/goggles-shg-growth/lisp/compiler_afsm.lisp
; in: DEFSTRUCT COMPILER-AFSM-EXECUTION
;     (DEFSTRUCT LSIP:COMPILER-AFSM-EXECUTION
;       PHASE
;       LSIP::CARRIER
;       LSIP::CARRIER-KIND
;       LSIP::CARRIERS
;       LSIP::TRANSITIONS
;       LSIP:DIAGNOSTIC
;       LSIP::STATUS)
; --> EVAL-WHEN 
; ==>
;   (SB-KERNEL::%COMPILER-DEFSTRUCT
;    '#<SB-KERNEL:DEFSTRUCT-DESCRIPTION LSIP:COMPILER-AFSM-EXECUTION {101B5E7D53}>
;    '#(#<SB-KERNEL:WRAPPER (ID=0) for T {50101003}>
;       #<SB-KERNEL:WRAPPER (ID=1) for STRUCTURE-OBJECT {50101073}>))
; 
; caught STYLE-WARNING:
;   Previously compiled calls to LSIP:COMPILER-AFSM-EXECUTION-PHASE,
;   LSIP:COMPILER-AFSM-EXECUTION-DIAGNOSTIC and LSIP:COMPILER-AFSM-EXECUTION-STATUS
;   could not be inlined because the structure definition for
;   LSIP:COMPILER-AFSM-EXECUTION was not yet seen. To avoid this warning, DEFSTRUCT
;   should precede references to the affected functions, or they must be declared
;   locally notinline at each call site.
WARNING:
   Lisp compilation had style-warnings while
   compiling #<CL-SOURCE-FILE "lsip" "lisp/compiler_afsm">

; file: /home/user0/FIM/deps/goggles-shg-growth/lisp/operator_realization_invariants.lisp
; in: DEFUN VALIDATE-OPERATOR-FAMILY-DECISION-REALIZATION
;     (LSIP::META (LSIP:OPERATOR-FAMILY-DECISION-META LSIP::DECISION))
; 
; caught STYLE-WARNING:
;   The variable META is defined but never used.
WARNING:
   Lisp compilation had style-warnings while
   compiling #<CL-SOURCE-FILE "lsip" "lisp/operator_realization_invariants">

; file: /home/user0/FIM/deps/goggles-shg-growth/lisp/afsm_lisp_artifact.lisp
; in: DEFSTRUCT AFSM-LISP-ARTIFACT
;     (DEFSTRUCT LSIP:AFSM-LISP-ARTIFACT
;       LSIP::ID
;       LSIP::MACHINE-REF
;       LSIP::PROJECTION-ID
;       LSIP::EXEC-ID
;       LSIP::STEP-IR-ID
;       LSIP::SHAPE
;       LSIP::SOURCE-DIGEST
;       LSIP::ARTIFACT-DIGEST
;       LSIP::MODULE-FORM
;       LSIP::TOP-FORM-ROWS
;       ...)
; --> EVAL-WHEN 
; ==>
;   (SB-KERNEL::%COMPILER-DEFSTRUCT
;    '#<SB-KERNEL:DEFSTRUCT-DESCRIPTION LSIP:AFSM-LISP-ARTIFACT {1009E84CF3}>
;    '#(#<SB-KERNEL:WRAPPER (ID=0) for T {50101003}>
;       #<SB-KERNEL:WRAPPER (ID=1) for STRUCTURE-OBJECT {50101073}>))
; 
; caught STYLE-WARNING:
;   Previously compiled calls to LSIP:AFSM-LISP-ARTIFACT-ID,
;   LSIP:AFSM-LISP-ARTIFACT-PROJECTION-ID, LSIP:AFSM-LISP-ARTIFACT-EXEC-ID,
;   LSIP:AFSM-LISP-ARTIFACT-STEP-IR-ID, LSIP:AFSM-LISP-ARTIFACT-SHAPE and
;   LSIP:AFSM-LISP-ARTIFACT-ARTIFACT-DIGEST could not be inlined because the
;   structure definition for LSIP:AFSM-LISP-ARTIFACT was not yet seen. To avoid
;   this warning, DEFSTRUCT should precede references to the affected functions, or
;   they must be declared locally notinline at each call site.
WARNING:
   Lisp compilation had style-warnings while
   compiling #<CL-SOURCE-FILE "lsip" "lisp/afsm_lisp_artifact">

; file: /home/user0/FIM/deps/goggles-shg-growth/lisp/afsm_rust_artifact.lisp
; in: DEFSTRUCT AFSM-RUST-ARTIFACT
;     (DEFSTRUCT LSIP:AFSM-RUST-ARTIFACT
;       LSIP::ID
;       LSIP::MACHINE-REF
;       LSIP::TYPED-EXPANSION-ID
;       LSIP::EXEC-ID
;       LSIP::STEP-IR-ID
;       LSIP::SHAPE
;       LSIP::SOURCE-DIGEST
;       LSIP::ARTIFACT-DIGEST
;       LSIP::ITEM-ROWS
;       LSIP::PROJECTION-FORM
;       ...)
; --> EVAL-WHEN 
; ==>
;   (SB-KERNEL::%COMPILER-DEFSTRUCT
;    '#<SB-KERNEL:DEFSTRUCT-DESCRIPTION LSIP:AFSM-RUST-ARTIFACT {1007958EB3}>
;    '#(#<SB-KERNEL:WRAPPER (ID=0) for T {50101003}>
;       #<SB-KERNEL:WRAPPER (ID=1) for STRUCTURE-OBJECT {50101073}>))
; 
; caught STYLE-WARNING:
;   Previously compiled calls to LSIP:AFSM-RUST-ARTIFACT-ID,
;   LSIP:AFSM-RUST-ARTIFACT-TYPED-EXPANSION-ID, LSIP:AFSM-RUST-ARTIFACT-EXEC-ID,
;   LSIP:AFSM-RUST-ARTIFACT-STEP-IR-ID, LSIP:AFSM-RUST-ARTIFACT-SHAPE and
;   LSIP:AFSM-RUST-ARTIFACT-ARTIFACT-DIGEST could not be inlined because the
;   structure definition for LSIP:AFSM-RUST-ARTIFACT was not yet seen. To avoid
;   this warning, DEFSTRUCT should precede references to the affected functions, or
;   they must be declared locally notinline at each call site.
WARNING:
   Lisp compilation had style-warnings while
   compiling #<CL-SOURCE-FILE "lsip" "lisp/afsm_rust_artifact">

; file: /home/user0/FIM/deps/goggles-shg-growth/lisp/afsm_dispatch.lisp
; in: DEFSTRUCT AFSM-DISPATCH-AUTHORITY
;     (DEFSTRUCT LSIP:AFSM-DISPATCH-AUTHORITY
;       LSIP::ID
;       LSIP::MACHINE-REF
;       LSIP::OWNER-NODE-ID
;       LSIP::ROUTE-ID
;       LSIP::ALLOWED-ISA-IDS
;       LSIP::PRIORITY-POLICY
;       LSIP::COMPLETION-POLICY
;       LSIP::META)
; --> EVAL-WHEN 
; ==>
;   (SB-KERNEL::%COMPILER-DEFSTRUCT
;    '#<SB-KERNEL:DEFSTRUCT-DESCRIPTION LSIP:AFSM-DISPATCH-AUTHORITY {1005B7D283}>
;    '#(#<SB-KERNEL:WRAPPER (ID=0) for T {50101003}>
;       #<SB-KERNEL:WRAPPER (ID=1) for STRUCTURE-OBJECT {50101073}>))
; 
; caught STYLE-WARNING:
;   Previously compiled calls to LSIP:AFSM-DISPATCH-AUTHORITY-ID and
;   LSIP:AFSM-DISPATCH-AUTHORITY-ALLOWED-ISA-IDS could not be inlined because the
;   structure definition for LSIP:AFSM-DISPATCH-AUTHORITY was not yet seen. To
;   avoid this warning, DEFSTRUCT should precede references to the affected
;   functions, or they must be declared locally notinline at each call site.

; in: DEFSTRUCT AFSM-ACTIVATION-FRAME
;     (DEFSTRUCT LSIP:AFSM-ACTIVATION-FRAME
;       LSIP::ID
;       LSIP::MACHINE-REF
;       LSIP::PARENT-ACTIVATION-REF
;       LSIP::AUTHORITY-ID
;       LSIP::ROUTE-ID
;       LSIP::ISA-ID
;       LSIP::RIP-KIND
;       LSIP::RIP-REF
;       LSIP::LOCAL-EVENT-REF
;       LSIP::STATUS
;       ...)
; --> EVAL-WHEN 
; ==>
;   (SB-KERNEL::%COMPILER-DEFSTRUCT
;    '#<SB-KERNEL:DEFSTRUCT-DESCRIPTION LSIP:AFSM-ACTIVATION-FRAME {1005F7F663}>
;    '#(#<SB-KERNEL:WRAPPER (ID=0) for T {50101003}>
;       #<SB-KERNEL:WRAPPER (ID=1) for STRUCTURE-OBJECT {50101073}>))
; 
; caught STYLE-WARNING:
;   Previously compiled calls to LSIP:AFSM-ACTIVATION-FRAME-ID,
;   LSIP:AFSM-ACTIVATION-FRAME-AUTHORITY-ID, LSIP:AFSM-ACTIVATION-FRAME-RIP-KIND
;   and LSIP:AFSM-ACTIVATION-FRAME-RIP-REF could not be inlined because the
;   structure definition for LSIP:AFSM-ACTIVATION-FRAME was not yet seen. To avoid
;   this warning, DEFSTRUCT should precede references to the affected functions, or
;   they must be declared locally notinline at each call site.

; in: DEFSTRUCT AFSM-LOCAL-EVENT
;     (DEFSTRUCT LSIP:AFSM-LOCAL-EVENT
;       LSIP::ID
;       LSIP::MACHINE-REF
;       LSIP::ACTIVATION-REF
;       LSIP::KIND
;       LSIP::PAYLOAD
;       LSIP::STATUS
;       LSIP::META)
; --> EVAL-WHEN 
; ==>
;   (SB-KERNEL::%COMPILER-DEFSTRUCT
;    '#<SB-KERNEL:DEFSTRUCT-DESCRIPTION LSIP:AFSM-LOCAL-EVENT {10065652B3}>
;    '#(#<SB-KERNEL:WRAPPER (ID=0) for T {50101003}>
;       #<SB-KERNEL:WRAPPER (ID=1) for STRUCTURE-OBJECT {50101073}>))
; 
; caught STYLE-WARNING:
;   Previously compiled calls to LSIP:AFSM-LOCAL-EVENT-ID,
;   LSIP:AFSM-LOCAL-EVENT-ACTIVATION-REF and LSIP:AFSM-LOCAL-EVENT-KIND could not
;   be inlined because the structure definition for LSIP:AFSM-LOCAL-EVENT was not
;   yet seen. To avoid this warning, DEFSTRUCT should precede references to the
;   affected functions, or they must be declared locally notinline at each call
;   site.
WARNING:
   Lisp compilation had style-warnings while
   compiling #<CL-SOURCE-FILE "lsip" "lisp/afsm_dispatch">

; file: /home/user0/FIM/deps/goggles-shg-growth/lisp/afsm_to_compiler_ir.lisp
; in: DEFUN AFSM-NATIVE-PAYLOAD-TYPE-LIST
;     'NIL
; 
; note: deleting unreachable code

; in: DEFUN AFSM-NATIVE-LOWER-GUARD-EXPR
;     (ERROR "Unsupported AFSM native guard expr ~S." LSIP::EXPR)
; 
; note: deleting unreachable code

; in: DEFUN AFSM-NATIVE-STEP-IR2
;     (LSIP::GUARDED-TRANSITION-EXPR (LSIP::TRANSITION LSIP:ADDRESS)
;      (LET ((LSIP::TO-CODE (LSIP::STATE-CODE #)))
;        (IF (GETF LSIP::TRANSITION :GUARD)
;            (LSIP::AFSM-NATIVE-IR2-IF-NODE LSIP::EXEC LSIP:ADDRESS
;             (LSIP::AFSM-NATIVE-LOWER-GUARD-EXPR LSIP::EXEC # # LSIP::STATE-ALIST
;              LSIP::EVENT-ALIST #)
;             (LSIP::AFSM-NATIVE-IR2-LITERAL-NODE LSIP::EXEC # LSIP::TO-CODE)
;             (LSIP::AFSM-NATIVE-IR2-ENV-REF-NODE LSIP::EXEC # "state"
;              LSIP::STATE-TOKEN))
;            (LSIP::AFSM-NATIVE-IR2-LITERAL-NODE LSIP::EXEC LSIP:ADDRESS
;             LSIP::TO-CODE))))
; 
; note: deleting unused function
;   (LABELS GUARDED-TRANSITION-EXPR :IN AFSM-NATIVE-STEP-IR2)
WARNING: redefining LSIP::MAKE-SEMANTIC-SYNTHESIS-OBLIGATION-V1 in DEFUN
WARNING: redefining LSIP::ADMIT-SYNTHESIS-CANDIDATE-V1 in DEFUN
WARNING: redefining LSIP::EXECUTE-SEMANTIC-PRODUCT-COMPONENT in DEFUN
WARNING: redefining LSIP::SEMANTIC-SYNTHESIS-VALIDATE-CANDIDATE-KERNEL in DEFUN
WARNING: redefining LSIP::SEMANTIC-SYNTHESIS-RESOLVE-OBLIGATION in DEFUN
WARNING: redefining LSIP::ADMIT-SYNTHESIS-CANDIDATE-V1 in DEFUN
WARNING: redefining LSIP::SEMANTIC-SYNTHESIS-RESOLVE-OBLIGATION in DEFUN
WARNING: redefining LSIP::SYNTHESIS-PLAN-V1-SELECT-CAPABILITY in DEFUN
WARNING: redefining LSIP::SYNTHESIS-PLAN-V1-RECURSIVE-GRAPH in DEFUN
WARNING:
   redefining LSIP::SEMANTIC-SYNTHESIS-RESOLVE-RECURSIVE-DEPENDENCIES-V1 in DEFUN
WARNING: redefining LSIP::SEMANTIC-PRODUCT-PRODUCER in DEFUN
WARNING: redefining LSIP::SEMANTIC-PRODUCT-CLOSURE in DEFUN
WARNING: redefining LSIP::SEMANTIC-COMPILER-COMPONENT-SOURCE-VALUE in DEFUN
WARNING: redefining LSIP::SEMANTIC-COMPILER-COMPONENT-BASE-CONTEXT in DEFUN
WARNING: redefining LSIP::SYNTHESIZE-COMPILER-COMPONENT-SEED-V1 in DEFUN
WARNING: redefining LSIP::COMPILER-COMPONENT-SYNTHESIS-V1-EVIDENCE-ROW in DEFUN
WARNING: redefining LSIP::SEMANTIC-SYNTHESIS-ADMISSION-CORE in DEFUN
WARNING: redefining LSIP::SEMANTIC-SYNTHESIS-STATIC-PRODUCER-MATCHES in DEFUN
WARNING:
   redefining LSIP::RECURSIVE-CFG-RUNTIME-FAMILY-INITIAL-ENVIRONMENT in DEFUN
WARNING: redefining LSIP::RECURSIVE-CFG-RUNTIME-FAMILY-CAPABILITIES in DEFUN
WARNING: redefining LSIP::EXECUTE-GENERATED-RECURSIVE-CFG-OPERATION in DEFUN
WARNING: redefining LSIP::SEMANTIC-COMPILER-COMPONENT-EVAL-EXPRESSION in DEFUN
WARNING: redefining LSIP::RECURSIVE-CFG-RUNTIME-CANONICAL-FAMILY-V1 in DEFUN
WARNING: redefining LSIP::SEMANTIC-SYNTHESIS-STATIC-PRODUCER-MATCHES in DEFUN
WARNING: redefining LSIP::SYNTHESIZE-COMPILER-COMPONENT-SEED-V1 in DEFUN
WARNING: redefining LSIP::SEMANTIC-COMPILER-DOMAIN-SYNTHESIZED-SEED-V1 in DEFUN
WARNING: redefining LSIP::ADMIT-SYNTHESIS-CANDIDATE-V1 in DEFUN
WARNING:
   redefining LSIP::SEMANTIC-COMPILER-SCAFFOLD-AUTHORITY-REGISTER-OVERLAY-PROJECTION-V1 in DEFUN
WARNING: redefining LSIP::SEMANTIC-SYNTHESIS-STATIC-PRODUCER-MATCHES in DEFUN
WARNING: redefining LSIP::SEMANTIC-SYNTHESIS-OVERLAY-PRODUCER-MATCHES in DEFUN
WARNING: redefining LSIP::SYNTHESIS-CAPABILITY-SELECTION-V1-SELECT in DEFUN
WARNING: redefining LSIP::SYNTHESIS-PLAN-V1-RECURSIVE-GRAPH in DEFUN
WARNING:
   redefining LSIP::SEMANTIC-SYNTHESIS-RESOLVE-RECURSIVE-DEPENDENCIES-V1 in DEFUN
WARNING: redefining LSIP::RPB-CHECK-RECIPE in DEFUN
WARNING: redefining LSIP::RPB-RESOLVE-RECIPE in DEFUN
WARNING: redefining LSIP::SYNTHESIS-PLAN-V2-FOR-OBLIGATION in DEFUN
WARNING:
   redefining LSIP::VALIDATE-SYNTHESIS-PROVIDER-IMPLEMENTATION-PROJECTIONS-V1 in DEFUN
WARNING: redefining LSIP::EGRESS-RPD-PROVIDER-VERIFIER-V1 in DEFUN
WARNING: redefining LSIP::EGRESS-RPD-EXACT-PLIST-V1 in DEFUN
WARNING: redefining LSIP::EGRESS-RPD-READ-INTENT-V1 in DEFUN
WARNING: redefining LSIP::EGRESS-SYNS1-DECOMPOSE-REQUIREMENTS-V1 in DEFUN
WARNING: redefining LSIP::INSTALL-EGRESS-ATOMIC-SEMANTIC-SYNTHESIS-V1 in DEFUN
WARNING: redefining LSIP::EGRESS-EGS1-RUN-V1 in DEFUN
WARNING: redefining LSIP::EGRESS-EGS1-CLOSURE-V1 in DEFUN
WARNING: redefining LSIP::EGRESS-EGS1-PROVIDER-VERIFIER-V1 in DEFUN
WARNING: redefining LSIP::EGRESS-RPE-DOMAIN-PRIMITIVES-CLOSURE-V1 in DEFUN
WARNING: redefining LSIP::RECORD-EGRESS-RPE-RECONSTRUCTION-TESTED-V1 in DEFUN
WARNING:
   redefining LSIP:VALIDATE-SYNTHESIS-PROVIDER-GRAPH-PROJECTIONS-V1 in DEFUN
WARNING: redefining LSIP::EGRESS-RPF-GRAPH-ACCEPTANCE-V1 in DEFUN
WARNING: redefining LSIP::EGRESS-RPF-GENERATOR-CLOSURE-V1 in DEFUN
WARNING: redefining LSIP::SYNTHESIS-PLAN-V1-FOR-OBLIGATION in DEFUN
WARNING: redefining LSIP::SEMANTIC-SYNTHESIS-RESOLVE-OBLIGATION in DEFUN
WARNING:
   redefining LSIP::COMPILER-COMPONENT-SYNTHESIS-V1-PROPOSAL-PROVIDER in DEFUN
WARNING: redefining LSIP::RESTORE-SCAFFOLD-AUTHORITY-SNAPSHOT-V1 in DEFUN

; file: /home/user0/FIM/deps/goggles-shg-growth/lisp/semantic_seed_program_scaffold_v1.lisp
; in: DEFUN MATERIALIZE-NESTED-GUARDED-PROGRAM-V1
;     (LSIP::GRANTED
;      (INTERN (STRING-UPCASE (FIRST (SECOND LSIP::PARAMETERS))) :LSIP))
; 
; caught STYLE-WARNING:
;   The variable GRANTED is defined but never used.

; in: DEFUN SYNTHESIZE-SEMANTIC-SEED-NESTED-PROGRAM-SCAFFOLD-V1
;     (LSIP::PARENT-PARAMETERS (COPY-TREE (GETF LSIP::CONTROL :PARAMETERS)))
; 
; caught STYLE-WARNING:
;   The variable PARENT-PARAMETERS is defined but never used.
WARNING:
   Lisp compilation had style-warnings while
   compiling #<CL-SOURCE-FILE "lsip" "lisp/semantic_seed_program_scaffold_v1">
WARNING: redefining LSIP::RPB-CHECK-RECIPE in DEFUN
WARNING: redefining LSIP::RPB-RESOLVE-RECIPE in DEFUN
WARNING: redefining LSIP::SYNTHESIS-PLAN-V2-FOR-OBLIGATION in DEFUN

; file: /home/user0/FIM/deps/goggles-shg-growth/lisp/scaffold/graph_v1.lisp
; in: DEFUN RESTORE-SCAFFOLD-GRAPH-AUTHORITY-V1
;     (DEFUN LSIP:RESTORE-SCAFFOLD-GRAPH-AUTHORITY-V1
;            (PATHNAME &OPTIONAL LSIP::ROOT-OBJECT-REF &KEY (REPLACE T))
;       "Restore authority, typed evidence, all scaffold nodes, then graph topology.
;   
;   When ROOT-OBJECT-REF is NIL the snapshot must contain exactly one ScaffoldGraphV1
;   projection."
;       (LET* ((LSIP::SNAPSHOT
;               (LSIP::READ-SCAFFOLD-AUTHORITY-SNAPSHOT-V1 PATHNAME))
;              (LSIP::PROJECTION
;               (IF LSIP::ROOT-OBJECT-REF
;                   #
;                   #)))
;         (UNLESS LSIP::PROJECTION
;           (ERROR "ScaffoldGraphV1 durable projection is absent for root ~S."
;                  LSIP::ROOT-OBJECT-REF))
;         (LSIP::RESTORE-SCAFFOLD-AUTHORITY-SNAPSHOT-V1 LSIP::SNAPSHOT :REPLACE
;                                                       REPLACE)
;         (LSIP:SCAFFOLD-GRAPH-FROM-FORM-V1 (GETF LSIP::PROJECTION :PAYLOAD))))
; --> SB-IMPL::%DEFUN SB-IMPL::%DEFUN SB-INT:NAMED-LAMBDA 
; ==>
;   #'(SB-INT:NAMED-LAMBDA LSIP:RESTORE-SCAFFOLD-GRAPH-AUTHORITY-V1
;         (PATHNAME &OPTIONAL LSIP::ROOT-OBJECT-REF &KEY (REPLACE T))
;       "Restore authority, typed evidence, all scaffold nodes, then graph topology.
; 
; When ROOT-OBJECT-REF is NIL the snapshot must contain exactly one ScaffoldGraphV1
; projection."
;       (BLOCK LSIP:RESTORE-SCAFFOLD-GRAPH-AUTHORITY-V1
;         (LET* ((LSIP::SNAPSHOT #) (LSIP::PROJECTION #))
;           (UNLESS LSIP::PROJECTION
;             (ERROR "ScaffoldGraphV1 durable projection is absent for root ~S."
;                    LSIP::ROOT-OBJECT-REF))
;           (LSIP::RESTORE-SCAFFOLD-AUTHORITY-SNAPSHOT-V1 LSIP::SNAPSHOT :REPLACE
;                                                         REPLACE)
;           (LSIP:SCAFFOLD-GRAPH-FROM-FORM-V1 (GETF LSIP::PROJECTION :PAYLOAD)))))
; 
; caught STYLE-WARNING:
;   &OPTIONAL and &KEY found in the same lambda list: (PATHNAME &OPTIONAL
;                                                               ROOT-OBJECT-REF
;                                                               &KEY (REPLACE T))
WARNING:
   Lisp compilation had style-warnings while
   compiling #<CL-SOURCE-FILE "lsip" "lisp/scaffold/graph_v1">

; file: /home/user0/FIM/deps/goggles-shg-growth/lisp/semantic_graph_obligation_v1.lisp
; in: DEFSTRUCT GRAPH-NODE-HOLE-V1
;     (DEFSTRUCT
;         (LSIP::GRAPH-NODE-HOLE-V1 (:CONSTRUCTOR LSIP::%MAKE-GRAPH-NODE-HOLE-V1))
;       LSIP::HOLE-ID
;       LSIP::REQUIRED-NODE-KIND
;       LSIP::REQUIRED-CAPABILITIES
;       LSIP::INPUT-CONTRACT
;       LSIP::OUTPUT-CONTRACT
;       LSIP::LOCAL-CONSTRAINTS
;       LSIP::PARENT-GRAPH-REF
;       LSIP::SEMANTIC-IDENTITY)
; --> EVAL-WHEN 
; ==>
;   (SB-KERNEL::%COMPILER-DEFSTRUCT
;    '#<SB-KERNEL:DEFSTRUCT-DESCRIPTION LSIP::GRAPH-NODE-HOLE-V1 {1002931A43}>
;    '#(#<SB-KERNEL:WRAPPER (ID=0) for T {50101003}>
;       #<SB-KERNEL:WRAPPER (ID=1) for STRUCTURE-OBJECT {50101073}>))
; 
; caught STYLE-WARNING:
;   Previously compiled calls to LSIP::GRAPH-NODE-HOLE-V1-HOLE-ID,
;   LSIP::GRAPH-NODE-HOLE-V1-REQUIRED-NODE-KIND,
;   LSIP::GRAPH-NODE-HOLE-V1-REQUIRED-CAPABILITIES,
;   LSIP::GRAPH-NODE-HOLE-V1-INPUT-CONTRACT,
;   LSIP::GRAPH-NODE-HOLE-V1-OUTPUT-CONTRACT,
;   LSIP::GRAPH-NODE-HOLE-V1-LOCAL-CONSTRAINTS and
;   LSIP::GRAPH-NODE-HOLE-V1-PARENT-GRAPH-REF could not be inlined because the
;   structure definition for LSIP::GRAPH-NODE-HOLE-V1 was not yet seen. To avoid
;   this warning, DEFSTRUCT should precede references to the affected functions, or
;   they must be declared locally notinline at each call site.

; in: DEFSTRUCT GRAPH-EDGE-HOLE-V1
;     (DEFSTRUCT
;         (LSIP::GRAPH-EDGE-HOLE-V1 (:CONSTRUCTOR LSIP::%MAKE-GRAPH-EDGE-HOLE-V1))
;       LSIP::HOLE-ID
;       LSIP::SOURCE-DOMAIN
;       LSIP::TARGET-DOMAIN
;       LSIP::ALLOWED-EDGE-KINDS
;       LSIP::PAYLOAD-CONTRACT
;       LSIP::LOCAL-CONSTRAINTS
;       LSIP::PARENT-GRAPH-REF
;       LSIP::SEMANTIC-IDENTITY)
; --> EVAL-WHEN 
; ==>
;   (SB-KERNEL::%COMPILER-DEFSTRUCT
;    '#<SB-KERNEL:DEFSTRUCT-DESCRIPTION LSIP::GRAPH-EDGE-HOLE-V1 {1002D5A763}>
;    '#(#<SB-KERNEL:WRAPPER (ID=0) for T {50101003}>
;       #<SB-KERNEL:WRAPPER (ID=1) for STRUCTURE-OBJECT {50101073}>))
; 
; caught STYLE-WARNING:
;   Previously compiled calls to LSIP::GRAPH-EDGE-HOLE-V1-HOLE-ID,
;   LSIP::GRAPH-EDGE-HOLE-V1-SOURCE-DOMAIN, LSIP::GRAPH-EDGE-HOLE-V1-TARGET-DOMAIN,
;   LSIP::GRAPH-EDGE-HOLE-V1-ALLOWED-EDGE-KINDS,
;   LSIP::GRAPH-EDGE-HOLE-V1-PAYLOAD-CONTRACT,
;   LSIP::GRAPH-EDGE-HOLE-V1-LOCAL-CONSTRAINTS,
;   LSIP::GRAPH-EDGE-HOLE-V1-PARENT-GRAPH-REF and
;   LSIP::GRAPH-EDGE-HOLE-V1-SEMANTIC-IDENTITY could not be inlined because the
;   structure definition for LSIP::GRAPH-EDGE-HOLE-V1 was not yet seen. To avoid
;   this warning, DEFSTRUCT should precede references to the affected functions, or
;   they must be declared locally notinline at each call site.

; in: DEFSTRUCT GRAPH-SUBGRAPH-HOLE-V1
;     (DEFSTRUCT
;         (LSIP::GRAPH-SUBGRAPH-HOLE-V1
;          (:CONSTRUCTOR LSIP::%MAKE-GRAPH-SUBGRAPH-HOLE-V1))
;       LSIP::HOLE-ID
;       LSIP::BOUNDARY-INPUT-CONTRACT
;       LSIP::BOUNDARY-OUTPUT-CONTRACT
;       LSIP::REQUIRED-PROPERTIES
;       LSIP::ALLOWED-SCHEMA-REFS
;       LSIP::LOCAL-CONSTRAINTS
;       LSIP::PARENT-GRAPH-REF
;       LSIP::SEMANTIC-IDENTITY)
; --> EVAL-WHEN 
; ==>
;   (SB-KERNEL::%COMPILER-DEFSTRUCT
;    '#<SB-KERNEL:DEFSTRUCT-DESCRIPTION LSIP::GRAPH-SUBGRAPH-HOLE-V1 {1003426373}>
;    '#(#<SB-KERNEL:WRAPPER (ID=0) for T {50101003}>
;       #<SB-KERNEL:WRAPPER (ID=1) for STRUCTURE-OBJECT {50101073}>))
; 
; caught STYLE-WARNING:
;   Previously compiled calls to LSIP::GRAPH-SUBGRAPH-HOLE-V1-HOLE-ID,
;   LSIP::GRAPH-SUBGRAPH-HOLE-V1-BOUNDARY-INPUT-CONTRACT,
;   LSIP::GRAPH-SUBGRAPH-HOLE-V1-BOUNDARY-OUTPUT-CONTRACT,
;   LSIP::GRAPH-SUBGRAPH-HOLE-V1-REQUIRED-PROPERTIES,
;   LSIP::GRAPH-SUBGRAPH-HOLE-V1-ALLOWED-SCHEMA-REFS,
;   LSIP::GRAPH-SUBGRAPH-HOLE-V1-LOCAL-CONSTRAINTS and
;   LSIP::GRAPH-SUBGRAPH-HOLE-V1-PARENT-GRAPH-REF could not be inlined because the
;   structure definition for LSIP::GRAPH-SUBGRAPH-HOLE-V1 was not yet seen. To
;   avoid this warning, DEFSTRUCT should precede references to the affected
;   functions, or they must be declared locally notinline at each call site.
WARNING:
   Lisp compilation had style-warnings while
   compiling #<CL-SOURCE-FILE "lsip" "lisp/semantic_graph_obligation_v1">

; file: /home/user0/FIM/deps/goggles-shg-growth/lisp/typed_afsm_family_network_v1.lisp
; in: DEFSTRUCT TYPED-AFSM-FAMILY-V1
;     (DEFSTRUCT LSIP:TYPED-AFSM-FAMILY-V1
;       LSIP::ID
;       IDENTITY
;       LSIP::SOURCE-FAMILY-IDENTITY
;       LSIP::KERNEL
;       LSIP::INPUT-CONTRACT
;       LSIP::OUTPUT-CONTRACT
;       LSIP::INITIAL-STATE
;       LSIP::CALLABLE
;       LSIP::SEMANTIC-CONTRACTS)
; --> EVAL-WHEN 
; ==>
;   (SB-KERNEL::%COMPILER-DEFSTRUCT
;    '#<SB-KERNEL:DEFSTRUCT-DESCRIPTION LSIP:TYPED-AFSM-FAMILY-V1 {10049008C3}>
;    '#(#<SB-KERNEL:WRAPPER (ID=0) for T {50101003}>
;       #<SB-KERNEL:WRAPPER (ID=1) for STRUCTURE-OBJECT {50101073}>))
; 
; caught STYLE-WARNING:
;   Previously compiled calls to LSIP:TYPED-AFSM-FAMILY-V1-ID,
;   LSIP:TYPED-AFSM-FAMILY-V1-IDENTITY,
;   LSIP:TYPED-AFSM-FAMILY-V1-SOURCE-FAMILY-IDENTITY,
;   LSIP:TYPED-AFSM-FAMILY-V1-KERNEL, LSIP:TYPED-AFSM-FAMILY-V1-INPUT-CONTRACT,
;   LSIP:TYPED-AFSM-FAMILY-V1-OUTPUT-CONTRACT,
;   LSIP:TYPED-AFSM-FAMILY-V1-INITIAL-STATE, LSIP:TYPED-AFSM-FAMILY-V1-CALLABLE and
;   LSIP::TYPED-AFSM-FAMILY-V1-SEMANTIC-CONTRACTS could not be inlined because the
;   structure definition for LSIP:TYPED-AFSM-FAMILY-V1 was not yet seen. To avoid
;   this warning, DEFSTRUCT should precede references to the affected functions, or
;   they must be declared locally notinline at each call site.
WARNING:
   Lisp compilation had style-warnings while
   compiling #<CL-SOURCE-FILE "lsip" "lisp/typed_afsm_family_network_v1">

; file: /home/user0/FIM/deps/goggles-shg-growth/lisp/semantic_composition_surface_v1.lisp
; in: DEFSTRUCT SEMANTIC-COMPOSITIONAL-SURFACE-V1
;     (DEFSTRUCT LSIP:SEMANTIC-COMPOSITIONAL-SURFACE-V1
;       LSIP::SOURCE-PRODUCT-REF
;       LSIP::SOURCE-SEMANTIC-IDENTITY
;       LSIP::SURFACE-KIND
;       LSIP::INPUT-CONTRACT
;       LSIP::OUTPUT-CONTRACT
;       LSIP::STATE-CONTRACT
;       LSIP::EFFECT-CONTRACT
;       LSIP::FAILURE-CONTRACT
;       LSIP::EVIDENCE-CONTRACT
;       LSIP::AUTHORITY-CONTRACT
;       ...)
; --> EVAL-WHEN 
; ==>
;   (SB-KERNEL::%COMPILER-DEFSTRUCT
;    '#<SB-KERNEL:DEFSTRUCT-DESCRIPTION LSIP:SEMANTIC-COMPOSITIONAL-SURFACE-V1 {1005B820B3}>
;    '#(#<SB-KERNEL:WRAPPER (ID=0) for T {50101003}>
;       #<SB-KERNEL:WRAPPER (ID=1) for STRUCTURE-OBJECT {50101073}>))
; 
; caught STYLE-WARNING:
;   Previously compiled calls to
;   LSIP:SEMANTIC-COMPOSITIONAL-SURFACE-V1-SURFACE-KIND,
;   LSIP:SEMANTIC-COMPOSITIONAL-SURFACE-V1-INPUT-CONTRACT,
;   LSIP:SEMANTIC-COMPOSITIONAL-SURFACE-V1-OUTPUT-CONTRACT and
;   LSIP:SEMANTIC-COMPOSITIONAL-SURFACE-V1-SURFACE-IDENTITY could not be inlined
;   because the structure definition for LSIP:SEMANTIC-COMPOSITIONAL-SURFACE-V1 was
;   not yet seen. To avoid this warning, DEFSTRUCT should precede references to the
;   affected functions, or they must be declared locally notinline at each call
;   site.

; in: DEFUN PROJECT-SEMANTIC-COMPOSITIONAL-SURFACE-V1
;     (LSIP::ABSENT (LSIP::SEMANTIC-COMPOSITION-ABSENT-CONTRACT-V1))
; 
; caught STYLE-WARNING:
;   The variable ABSENT is defined but never used.
WARNING:
   Lisp compilation had style-warnings while
   compiling #<CL-SOURCE-FILE "lsip" "lisp/semantic_composition_surface_v1">

; file: /home/user0/FIM/deps/goggles-shg-growth/lisp/semantic_algebra_search_v1.lisp
; in: DEFSTRUCT SEMANTIC-ALGEBRA-SEARCH-EXPANSION-V1
;     (DEFSTRUCT
;         (LSIP:SEMANTIC-ALGEBRA-SEARCH-EXPANSION-V1
;          (:CONSTRUCTOR LSIP::%MAKE-SEMANTIC-ALGEBRA-SEARCH-EXPANSION-V1))
;       LSIP::PROBLEM-ID
;       LSIP::OPERATOR-CONSTITUTION-REF
;       LSIP::PARAMETERS
;       LSIP::OPERAND-EXPRESSION-IDS
;       LSIP::EXPRESSION
;       LSIP::EXPRESSION-IDENTITY
;       LSIP::EXPANSION-IDENTITY)
; --> EVAL-WHEN 
; ==>
;   (SB-KERNEL::%COMPILER-DEFSTRUCT
;    '#<SB-KERNEL:DEFSTRUCT-DESCRIPTION LSIP:SEMANTIC-ALGEBRA-SEARCH-EXPANSION-V1 {1004889223}>
;    '#(#<SB-KERNEL:WRAPPER (ID=0) for T {50101003}>
;       #<SB-KERNEL:WRAPPER (ID=1) for STRUCTURE-OBJECT {50101073}>))
; 
; caught STYLE-WARNING:
;   Previously compiled calls to
;   LSIP:SEMANTIC-ALGEBRA-SEARCH-EXPANSION-V1-EXPRESSION and
;   LSIP:SEMANTIC-ALGEBRA-SEARCH-EXPANSION-V1-EXPANSION-IDENTITY could not be
;   inlined because the structure definition for
;   LSIP:SEMANTIC-ALGEBRA-SEARCH-EXPANSION-V1 was not yet seen. To avoid this
;   warning, DEFSTRUCT should precede references to the affected functions, or they
;   must be declared locally notinline at each call site.
WARNING:
   Lisp compilation had style-warnings while
   compiling #<CL-SOURCE-FILE "lsip" "lisp/semantic_algebra_search_v1">

; file: /home/user0/FIM/deps/goggles-shg-growth/lisp/proof_machine_structured_checker_v1.lisp
; in: DEFUN PROOF-MACHINE-CHECK-STRUCTURED-PRIMITIVE-V1
;     (LSIP::DEPS (LSIP::VALUE)
;      (LSIP::PROOF-MACHINE-VALUE-V1-DEPENDENCY-REFS LSIP::VALUE))
; 
; note: deleting unused function
;   (LABELS DEPS :IN PROOF-MACHINE-CHECK-STRUCTURED-PRIMITIVE-V1)

; file: /home/user0/FIM/deps/goggles-shg-growth/lisp/source_artifact_ref_v1.lisp
; in: DEFUN MAKE-SOURCE-ARTIFACT-REF-V1
;     (COPY-TREE LSIP::ARTIFACT-ADDRESS-REF)
; 
; note: deleting unreachable code

; file: /home/user0/FIM/deps/goggles-shg-growth/lisp/semantic_projection_law_v1.lisp
; in: DEFSTRUCT SEMANTIC-PROJECTION-LAW-V1
;     (DEFSTRUCT
;         (LSIP:SEMANTIC-PROJECTION-LAW-V1
;          (:CONSTRUCTOR LSIP::%MAKE-SEMANTIC-PROJECTION-LAW-V1))
;       LSIP::LAW-ID
;       LSIP::INPUT-ASSERTION-KINDS
;       LSIP::REQUIRED-AUTHORITY-CLASSES
;       LSIP::REQUIRED-OBSERVATION-KINDS
;       LSIP::SEMANTIC-OUTPUT-KIND
;       LSIP::PRECONDITION-REF
;       LSIP::PROJECTION-FUNCTION-REF
;       LSIP::FORMAL-CONSEQUENCE-REF
;       LSIP::UNCERTAINTY-POLICY
;       LSIP::LAW-IDENTITY)
; --> EVAL-WHEN 
; ==>
;   (SB-KERNEL::%COMPILER-DEFSTRUCT
;    '#<SB-KERNEL:DEFSTRUCT-DESCRIPTION LSIP:SEMANTIC-PROJECTION-LAW-V1 {1007043843}>
;    '#(#<SB-KERNEL:WRAPPER (ID=0) for T {50101003}>
;       #<SB-KERNEL:WRAPPER (ID=1) for STRUCTURE-OBJECT {50101073}>))
; 
; caught STYLE-WARNING:
;   Previously compiled call to LSIP::SEMANTIC-PROJECTION-LAW-V1-LAW-IDENTITY could
;   not be inlined because the structure definition for
;   LSIP:SEMANTIC-PROJECTION-LAW-V1 was not yet seen. To avoid this warning,
;   DEFSTRUCT should precede references to the affected functions, or they must be
;   declared locally notinline at each call site.
WARNING:
   Lisp compilation had style-warnings while
   compiling #<CL-SOURCE-FILE "lsip" "lisp/semantic_projection_law_v1">

; file: /home/user0/FIM/deps/goggles-shg-growth/lisp/source_semantic_address_projection_v1.lisp
; in: DEFUN MAKE-FACE-H005-OCCURRENCE-WITNESS-V1
;     'LSIP:SEMANTIC-ENTITY-PROJECTION-V1
; 
; note: can't open-code test of unknown type SEMANTIC-ENTITY-PROJECTION-V1

; file: /home/user0/FIM/deps/goggles-shg-growth/lisp/semantic_entity_projection_v1.lisp
; in: DEFSTRUCT SEMANTIC-ENTITY-PROJECTION-V1
;     (DEFSTRUCT
;         (LSIP:SEMANTIC-ENTITY-PROJECTION-V1
;          (:CONSTRUCTOR LSIP::%MAKE-SEMANTIC-ENTITY-PROJECTION-V1))
;       LSIP::SOURCE-REFS
;       LSIP::SOURCE-ASSERTION-REFS
;       LSIP::SEMANTIC-CLASSIFICATION
;       LSIP::SEMANTIC-OBJECT-REF
;       LSIP::PROJECTION-LAW-REF
;       LSIP::ADDRESS-WITNESS-REFS
;       LSIP::PROJECTION-KIND
;       LSIP::CONFIDENCE-CLASS
;       LSIP::PROJECTION-STATUS
;       LSIP::WITNESS-IDENTITY)
; --> EVAL-WHEN 
; ==>
;   (SB-KERNEL::%COMPILER-DEFSTRUCT
;    '#<SB-KERNEL:DEFSTRUCT-DESCRIPTION LSIP:SEMANTIC-ENTITY-PROJECTION-V1 {1004A58D93}>
;    '#(#<SB-KERNEL:WRAPPER (ID=0) for T {50101003}>
;       #<SB-KERNEL:WRAPPER (ID=1) for STRUCTURE-OBJECT {50101073}>))
; 
; caught STYLE-WARNING:
;   Previously compiled calls to LSIP::SEMANTIC-ENTITY-PROJECTION-V1-SOURCE-REFS,
;   LSIP::SEMANTIC-ENTITY-PROJECTION-V1-SEMANTIC-CLASSIFICATION,
;   LSIP::SEMANTIC-ENTITY-PROJECTION-V1-SEMANTIC-OBJECT-REF,
;   LSIP::SEMANTIC-ENTITY-PROJECTION-V1-PROJECTION-LAW-REF,
;   LSIP::SEMANTIC-ENTITY-PROJECTION-V1-ADDRESS-WITNESS-REFS and
;   LSIP::SEMANTIC-ENTITY-PROJECTION-V1-PROJECTION-STATUS could not be inlined
;   because the structure definition for LSIP:SEMANTIC-ENTITY-PROJECTION-V1 was not
;   yet seen. To avoid this warning, DEFSTRUCT should precede references to the
;   affected functions, or they must be declared locally notinline at each call
;   site.

; in: DEFUN PROJECT-SEMANTIC-ENTITY-GROUP-V1
;     (IGNORE LSIP::EXTRACTION-BUNDLE)
; 
; caught STYLE-WARNING:
;   IGNORE declaration for a variable from outer scope: EXTRACTION-BUNDLE

;     (DEFUN LSIP:PROJECT-SEMANTIC-ENTITY-GROUP-V1
;            (LSIP::ENTITIES LSIP::SOURCE-BUNDLE LSIP::EXTRACTION-BUNDLE
;             LSIP::POLICY
;             &KEY LSIP::SEMANTIC-CLASSIFICATION LSIP::PROJECTION-LAW-REF
;             LSIP::GROUP-KEY (LSIP::SCOPE-TOKENS '(:SEMANTIC "h005" "group")))
;       (UNLESS
;           (AND LSIP::ENTITIES LSIP::GROUP-KEY LSIP::SEMANTIC-CLASSIFICATION
;                LSIP::PROJECTION-LAW-REF)
;         (ERROR
;          "Many-to-one semantic projection requires explicit group authority."))
;       (WHEN
;           (EQ
;            (LSIP::SEMANTIC-PROJECTION-LAW-V1-LAW-ID
;             (LSIP:FIND-SEMANTIC-PROJECTION-LAW-V1 LSIP::PROJECTION-LAW-REF))
;            :H005-DECLARED-FUNCTION-INTERFACE-V1)
;         (ERROR
;          "Declared function interface requires the source-verified dedicated API."))
;       (LET* ((LSIP::GROUP-AUTHORITY
;               (LSIP::SEMANTIC-LIFT-GROUP-AUTHORITY-V1 LSIP::SOURCE-BUNDLE
;                LSIP::ENTITIES LSIP::GROUP-KEY LSIP::SEMANTIC-CLASSIFICATION))
;              (FIRST (FIRST LSIP::ENTITIES))
;              (LSIP::LAW
;               (LSIP:FIND-SEMANTIC-PROJECTION-LAW-V1 LSIP::PROJECTION-LAW-REF)))
;         (UNLESS LSIP::GROUP-AUTHORITY
;           (ERROR
;            "Many-to-one projection lacks exact H003 semantic-group authority."))
;         (UNLESS
;             (EQ LSIP::SEMANTIC-CLASSIFICATION
;                 (LSIP::SEMANTIC-PROJECTION-LAW-V1-SEMANTIC-OUTPUT-KIND
;                  LSIP::LAW))
;           (ERROR "Group semantic classification disagrees with projection law."))
;         (MULTIPLE-VALUE-BIND (LSIP:ADDRESS LSIP::RAW-ADDRESS-WITNESS)
;             (LSIP::SEMANTIC-LIFT-ADDRESS-V1 LSIP::POLICY LSIP::PROJECTION-LAW-REF
;                                             (LSIP::OBSERVED-PROGRAM-ENTITY-V1-SOURCE-ADDRESS-REF
;                                              FIRST)
;                                             (LSIP::OBSERVED-PROGRAM-ENTITY-V1-SOURCE-ARTIFACT-REF
;                                              FIRST)
;                                             (LIST :GROUP LSIP::GROUP-KEY
;                                                   :CLASSIFICATION
;                                                   LSIP::SEMANTIC-CLASSIFICATION)
;                                             (IF #
;                                                 :REGION
;                                                 :NODE)
;                                             :SCOPE-TOKENS LSIP::SCOPE-TOKENS)
;           (LET* (# # # # # # #)
;             (DECLARE #)
;             (VALUES LSIP::OBJECT LSIP::PROJECTION LSIP::LINKS
;                     LSIP::ADDRESS-WITNESSES)))))
; --> SB-IMPL::%DEFUN SB-IMPL::%DEFUN SB-INT:NAMED-LAMBDA 
; ==>
;   #'(SB-INT:NAMED-LAMBDA LSIP:PROJECT-SEMANTIC-ENTITY-GROUP-V1
;         (LSIP::ENTITIES LSIP::SOURCE-BUNDLE LSIP::EXTRACTION-BUNDLE
;          LSIP::POLICY &KEY LSIP::SEMANTIC-CLASSIFICATION
;          LSIP::PROJECTION-LAW-REF LSIP::GROUP-KEY
;          (LSIP::SCOPE-TOKENS '(:SEMANTIC "h005" "group")))
;       (BLOCK LSIP:PROJECT-SEMANTIC-ENTITY-GROUP-V1
;         (UNLESS
;             (AND LSIP::ENTITIES LSIP::GROUP-KEY LSIP::SEMANTIC-CLASSIFICATION
;                  LSIP::PROJECTION-LAW-REF)
;           (ERROR
;            "Many-to-one semantic projection requires explicit group authority."))
;         (WHEN
;             (EQ (LSIP::SEMANTIC-PROJECTION-LAW-V1-LAW-ID #)
;                 :H005-DECLARED-FUNCTION-INTERFACE-V1)
;           (ERROR
;            "Declared function interface requires the source-verified dedicated API."))
;         (LET* ((LSIP::GROUP-AUTHORITY #) (FIRST #) (LSIP::LAW #))
;           (UNLESS LSIP::GROUP-AUTHORITY
;             (ERROR
;              "Many-to-one projection lacks exact H003 semantic-group authority."))
;           (UNLESS (EQ LSIP::SEMANTIC-CLASSIFICATION #)
;             (ERROR
;              "Group semantic classification disagrees with projection law."))
;           (MULTIPLE-VALUE-BIND (LSIP:ADDRESS LSIP::RAW-ADDRESS-WITNESS)
;               (LSIP::SEMANTIC-LIFT-ADDRESS-V1 LSIP::POLICY
;                                               LSIP::PROJECTION-LAW-REF # # # #
;                                               :SCOPE-TOKENS LSIP::SCOPE-TOKENS)
;             (LET* #
;               #
;               #)))))
; 
; caught STYLE-WARNING:
;   The variable EXTRACTION-BUNDLE is defined but never used.
WARNING:
   Lisp compilation had style-warnings while
   compiling #<CL-SOURCE-FILE "lsip" "lisp/semantic_entity_projection_v1">

; file: /home/user0/FIM/deps/goggles-shg-growth/lisp/semantic_segmentation_v1.lisp
; in: DEFUN %SEGMENT-SEMANTIC-REGION-VALIDATED-V1
;     (DEFUN LSIP::%SEGMENT-SEMANTIC-REGION-VALIDATED-V1
;            (LSIP::SOURCE-REF LSIP::SOURCE-ARTIFACT-REF LSIP::SOURCE-BUNDLE
;             LSIP::EXTRACTION-BUNDLE LSIP::POLICY
;             &KEY LSIP::SEGMENTATION-LAW-REF LSIP::PROJECTION-LAW-REF
;             LSIP::SEMANTIC-REGION-KIND LSIP::SEMANTIC-KEY LSIP::PARENT-REGION-REF
;             (LSIP::SCOPE-TOKENS '(:SEMANTIC "h005" "region")) ...)
;       (DECLARE (IGNORE LSIP::EXTRACTION-BUNDLE))
;       (LET* ((LSIP::SEG-LAW
;               (LSIP::FIND-SEMANTIC-SEGMENTATION-LAW-V1
;                LSIP::SEGMENTATION-LAW-REF))
;              (LSIP::PROJECTION-LAW
;               (LSIP:FIND-SEMANTIC-PROJECTION-LAW-V1 LSIP::PROJECTION-LAW-REF))
;              (LSIP::REGION-KIND (OR LSIP::SEMANTIC-REGION-KIND #)))
;         (UNLESS
;             (AND (MEMBER LSIP::SEGMENTATION-LAW-REF # :TEST #'EQUAL)
;                  (MEMBER LSIP::REGION-KIND LSIP::*SEMANTIC-REGION-KINDS-V1* :TEST
;                          #'EQ))
;           (ERROR
;            "Segmentation law is not admitted by selected projection policy."))
;         (MULTIPLE-VALUE-BIND
;             (LSIP::REGION-ADDRESS LSIP::RAW-REGION-ADDRESS-WITNESS)
;             (LSIP::SEMANTIC-LIFT-ADDRESS-V1 LSIP::POLICY LSIP::PROJECTION-LAW-REF
;                                             LSIP::SOURCE-REF
;                                             LSIP::SOURCE-ARTIFACT-REF
;                                             (OR LSIP::SEMANTIC-KEY #) :REGION
;                                             :SCOPE-TOKENS LSIP::SCOPE-TOKENS)
;           (LET* (# # #)
;             (WHEN LSIP::CREATE-REFINEMENT-HOLE-P #)
;             (LET* #
;               #)))))
; --> SB-IMPL::%DEFUN SB-IMPL::%DEFUN SB-INT:NAMED-LAMBDA 
; ==>
;   #'(SB-INT:NAMED-LAMBDA LSIP::%SEGMENT-SEMANTIC-REGION-VALIDATED-V1
;         (LSIP::SOURCE-REF LSIP::SOURCE-ARTIFACT-REF LSIP::SOURCE-BUNDLE
;          LSIP::EXTRACTION-BUNDLE LSIP::POLICY &KEY LSIP::SEGMENTATION-LAW-REF
;          LSIP::PROJECTION-LAW-REF LSIP::SEMANTIC-REGION-KIND LSIP::SEMANTIC-KEY
;          LSIP::PARENT-REGION-REF
;          (LSIP::SCOPE-TOKENS '(:SEMANTIC "h005" "region")) ...)
;       (DECLARE (IGNORE LSIP::EXTRACTION-BUNDLE))
;       (BLOCK LSIP::%SEGMENT-SEMANTIC-REGION-VALIDATED-V1
;         (LET* ((LSIP::SEG-LAW #) (LSIP::PROJECTION-LAW #) (LSIP::REGION-KIND #))
;           (UNLESS (AND # #)
;             (ERROR
;              "Segmentation law is not admitted by selected projection policy."))
;           (MULTIPLE-VALUE-BIND
;               (LSIP::REGION-ADDRESS LSIP::RAW-REGION-ADDRESS-WITNESS)
;               (LSIP::SEMANTIC-LIFT-ADDRESS-V1 LSIP::POLICY
;                                               LSIP::PROJECTION-LAW-REF
;                                               LSIP::SOURCE-REF
;                                               LSIP::SOURCE-ARTIFACT-REF #
;                                               :REGION :SCOPE-TOKENS
;                                               LSIP::SCOPE-TOKENS)
;             (LET* #
;               #
;               #)))))
; 
; caught STYLE-WARNING:
;   The variable SOURCE-BUNDLE is defined but never used.
WARNING:
   Lisp compilation had style-warnings while
   compiling #<CL-SOURCE-FILE "lsip" "lisp/semantic_segmentation_v1">

; file: /home/user0/FIM/deps/goggles-shg-growth/lisp/semantic_codata_v1.lisp
; in: DEFSTRUCT SEMANTIC-CODATA-V1
;     (DEFSTRUCT
;         (LSIP::SEMANTIC-CODATA-V1 (:CONSTRUCTOR LSIP::%MAKE-SEMANTIC-CODATA-V1))
;       LSIP::SUBJECT-KIND
;       LSIP::SUBJECT-REF
;       LSIP::ANNOTATIONS
;       LSIP::BUNDLE-SNAPSHOT-REF
;       LSIP::CODATA-IDENTITY)
; --> EVAL-WHEN 
; ==>
;   (SB-KERNEL::%COMPILER-DEFSTRUCT
;    '#<SB-KERNEL:DEFSTRUCT-DESCRIPTION LSIP::SEMANTIC-CODATA-V1 {1004C277A3}>
;    '#(#<SB-KERNEL:WRAPPER (ID=0) for T {50101003}>
;       #<SB-KERNEL:WRAPPER (ID=1) for STRUCTURE-OBJECT {50101073}>))
; 
; caught STYLE-WARNING:
;   Previously compiled call to LSIP::SEMANTIC-CODATA-V1-CODATA-IDENTITY could not
;   be inlined because the structure definition for LSIP::SEMANTIC-CODATA-V1 was
;   not yet seen. To avoid this warning, DEFSTRUCT should precede references to the
;   affected functions, or they must be declared locally notinline at each call
;   site.
WARNING:
   Lisp compilation had style-warnings while
   compiling #<CL-SOURCE-FILE "lsip" "lisp/semantic_codata_v1">

; file: /home/user0/FIM/deps/goggles-shg-growth/lisp/semantic_saturation_v1.lisp
; in: DEFUN SEMANTIC-BUNDLE-SATURATE-V1
;     (LSIP::_TRANSPORT-VALIDATION
;      (PROGN
;       (IF (FBOUNDP 'LSIP::VALIDATE-SEMANTIC-CONSEQUENCE-TRANSPORT-REGISTRY-V1)
;           (LSIP::VALIDATE-SEMANTIC-CONSEQUENCE-TRANSPORT-REGISTRY-V1
;            LSIP::TRANSPORT-REGISTRY)
;           (PROGN
;            (LSIP::VALIDATE-SEMANTIC-REGISTRY-ROOT-V1 LSIP::TRANSPORT-REGISTRY)
;            (UNLESS # #)))
;       T))
; 
; caught STYLE-WARNING:
;   The variable _TRANSPORT-VALIDATION is defined but never used.
WARNING:
   Lisp compilation had style-warnings while
   compiling #<CL-SOURCE-FILE "lsip" "lisp/semantic_saturation_v1">

; file: /home/user0/FIM/deps/goggles-shg-growth/lisp/semantic_transport_v1.lisp
; in: DEFSTRUCT SEMANTIC-APPLICABILITY-DOMAIN-V1
;     (DEFSTRUCT
;         (LSIP::SEMANTIC-APPLICABILITY-DOMAIN-V1
;          (:CONSTRUCTOR LSIP::%MAKE-SEMANTIC-APPLICABILITY-DOMAIN-V1))
;       LSIP::SUBJECT-REF
;       LSIP::CANDIDATE-REFS
;       LSIP::CONSTRAINT-REFS
;       LSIP::DERIVATION-REFS
;       LSIP::BUNDLE-SNAPSHOT-REF
;       LSIP::DOMAIN-IDENTITY)
; --> EVAL-WHEN 
; ==>
;   (SB-KERNEL::%COMPILER-DEFSTRUCT
;    '#<SB-KERNEL:DEFSTRUCT-DESCRIPTION LSIP::SEMANTIC-APPLICABILITY-DOMAIN-V1 {1005BC1E23}>
;    '#(#<SB-KERNEL:WRAPPER (ID=0) for T {50101003}>
;       #<SB-KERNEL:WRAPPER (ID=1) for STRUCTURE-OBJECT {50101073}>))
; 
; caught STYLE-WARNING:
;   Previously compiled calls to
;   LSIP::SEMANTIC-APPLICABILITY-DOMAIN-V1-CANDIDATE-REFS and
;   LSIP::SEMANTIC-APPLICABILITY-DOMAIN-V1-DOMAIN-IDENTITY could not be inlined
;   because the structure definition for LSIP::SEMANTIC-APPLICABILITY-DOMAIN-V1 was
;   not yet seen. To avoid this warning, DEFSTRUCT should precede references to the
;   affected functions, or they must be declared locally notinline at each call
;   site.
WARNING:
   Lisp compilation had style-warnings while
   compiling #<CL-SOURCE-FILE "lsip" "lisp/semantic_transport_v1">

; file: /home/user0/FIM/deps/goggles-shg-growth/lisp/semantic_bundle_instantiator_v1.lisp
; in: DEFUN INSTANTIATE-SEMANTIC-BUNDLE-V1
;     (LSIP::_CHILD-CONTAINMENT-VALIDATION
;      (LSIP::VALIDATE-SEMANTIC-INSTANTIATION-CHILD-CONTAINMENT-ACYCLIC-V1
;       LSIP::RESOLVED-ENVIRONMENT))
; 
; caught STYLE-WARNING:
;   The variable _CHILD-CONTAINMENT-VALIDATION is defined but never used.

;     (LSIP::_CHILD-BINDING-VALIDATION
;      (LSIP::VALIDATE-SEMANTIC-INSTANTIATION-CHILD-BINDINGS-V1 LSIP::INSTANCE
;       LSIP::RESOLVED-ENVIRONMENT))
; 
; caught STYLE-WARNING:
;   The variable _CHILD-BINDING-VALIDATION is defined but never used.
WARNING:
   Lisp compilation had style-warnings while
   compiling #<CL-SOURCE-FILE "lsip" "lisp/semantic_bundle_instantiator_v1">

; file: /home/user0/FIM/deps/goggles-shg-growth/lisp/semantic_composition_plan_v1.lisp
; in: DEFSTRUCT SEMANTIC-COMPOSITION-PLAN-V1
;     (DEFSTRUCT LSIP:SEMANTIC-COMPOSITION-PLAN-V1
;       LSIP::COMBINATOR-REF
;       LSIP::CHILD-PRODUCT-REFS
;       LSIP::CHILD-SURFACE-REFS
;       LSIP::PARAMETERS
;       LSIP::RESULTING-SURFACE
;       LSIP::COMPOSITION-RELATIONS
;       LSIP::SEMANTIC-IDENTITY
;       LSIP::EXPRESSION
;       LSIP::ALGEBRA-REGISTRY-REF
;       LSIP::SELECTION-REF)
; --> EVAL-WHEN 
; ==>
;   (SB-KERNEL::%COMPILER-DEFSTRUCT
;    '#<SB-KERNEL:DEFSTRUCT-DESCRIPTION LSIP:SEMANTIC-COMPOSITION-PLAN-V1 {1003299D23}>
;    '#(#<SB-KERNEL:WRAPPER (ID=0) for T {50101003}>
;       #<SB-KERNEL:WRAPPER (ID=1) for STRUCTURE-OBJECT {50101073}>))
; 
; caught STYLE-WARNING:
;   Previously compiled call to LSIP:SEMANTIC-COMPOSITION-PLAN-V1-SEMANTIC-IDENTITY
;   could not be inlined because the structure definition for
;   LSIP:SEMANTIC-COMPOSITION-PLAN-V1 was not yet seen. To avoid this warning,
;   DEFSTRUCT should precede references to the affected functions, or they must be
;   declared locally notinline at each call site.

; in: DEFSTRUCT SEMANTIC-COMPOSITION-WITNESS-V1
;     (DEFSTRUCT LSIP:SEMANTIC-COMPOSITION-WITNESS-V1
;       LSIP::COMPOSITION-PLAN-REF
;       LSIP::COMBINATOR-CONSTITUTION-REF
;       LSIP::CHILD-PRODUCT-REFS
;       LSIP::CHILD-SURFACE-REFS
;       LSIP::COMPOSITION-RELATIONS
;       LSIP::RESULT-PRODUCT-REF
;       LSIP::RESULT-SURFACE-REF
;       LSIP::EXTENSION-LAW-RECEIPT-REFS
;       LSIP::WITNESS-IDENTITY)
; --> EVAL-WHEN 
; ==>
;   (SB-KERNEL::%COMPILER-DEFSTRUCT
;    '#<SB-KERNEL:DEFSTRUCT-DESCRIPTION LSIP:SEMANTIC-COMPOSITION-WITNESS-V1 {1004583463}>
;    '#(#<SB-KERNEL:WRAPPER (ID=0) for T {50101003}>
;       #<SB-KERNEL:WRAPPER (ID=1) for STRUCTURE-OBJECT {50101073}>))
; 
; caught STYLE-WARNING:
;   Previously compiled call to
;   LSIP:SEMANTIC-COMPOSITION-WITNESS-V1-WITNESS-IDENTITY could not be inlined
;   because the structure definition for LSIP:SEMANTIC-COMPOSITION-WITNESS-V1 was
;   not yet seen. To avoid this warning, DEFSTRUCT should precede references to the
;   affected functions, or they must be declared locally notinline at each call
;   site.
WARNING:
   Lisp compilation had style-warnings while
   compiling #<CL-SOURCE-FILE "lsip" "lisp/semantic_composition_plan_v1">

; file: /home/user0/FIM/deps/goggles-shg-growth/lisp/semantic_composition_v1.lisp
; in: DEFUN %COMPOSE-SEMANTIC-OBJECTS-MATERIALIZED-V1
;     (IGNORE LSIP::_ARITY LSIP::_PARAMETERS)
; 
; caught STYLE-WARNING:
;   IGNORE declaration for a variable from outer scope: _ARITY
; 
; caught STYLE-WARNING:
;   IGNORE declaration for a variable from outer scope: _PARAMETERS

;     (LSIP::_RAW-CHILD-REFERENCE-CHECK
;      (LET* ((LSIP::GRAPH (AND # #))
;             (LSIP::MISSING (GENSYM "MISSING"))
;             (LSIP::ACTUAL (AND LSIP::GRAPH #)))
;        (WHEN (AND LSIP::GRAPH (NOT #) (NOT #))
;          (ERROR
;           "Composition materializer returned forged child references for ~S."
;           LSIP::COMBINATOR-ID))))
; 
; caught STYLE-WARNING:
;   The variable _RAW-CHILD-REFERENCE-CHECK is defined but never used.

;     (LSIP::_RAW-CONTRACT-CHECK
;      (LET ((LSIP::GRAPH (AND # #)) (LSIP::MISSING (GENSYM "MISSING")))
;        (WHEN LSIP::GRAPH
;          (DOLIST (LSIP::ENTRY `#)
;            (LET #
;              #)))))
; 
; caught STYLE-WARNING:
;   The variable _RAW-CONTRACT-CHECK is defined but never used.

;     (LSIP::_RAW-EXECUTION-CHECK
;      (LET ((LSIP::GRAPH (AND # #))
;            (LSIP::SURFACE
;             (LSIP:SEMANTIC-COMPOSITION-PLAN-V1-RESULTING-SURFACE LSIP::PLAN)))
;        (WHEN LSIP::GRAPH
;          (DOLIST (LSIP::ENTRY #)
;            (LET #
;              #)))))
; 
; caught STYLE-WARNING:
;   The variable _RAW-EXECUTION-CHECK is defined but never used.

;     (LSIP::_RAW-RELATION-CHECK
;      (LET* ((LSIP::GRAPH (AND # #))
;             (LSIP::MISSING (GENSYM "MISSING"))
;             (LSIP::ACTUAL
;              (GETF LSIP::GRAPH :COMPOSITION-RELATIONS LSIP::MISSING)))
;        (WHEN (AND (NOT #) (NOT #))
;          (ERROR "Composition materializer returned forged relations for ~S."
;                 LSIP::COMBINATOR-ID))))
; 
; caught STYLE-WARNING:
;   The variable _RAW-RELATION-CHECK is defined but never used.

;     (LSIP::_ARITY
;      (FUNCALL
;       (LSIP:SEMANTIC-ALGEBRA-LAW-V1-IMPLEMENTATION-ATTACHMENT LSIP::ARITY-LAW)
;       LSIP::CONSTITUTION LSIP::CHILDREN))
; 
; caught STYLE-WARNING:
;   The variable _ARITY is defined but never used.

;     (LSIP::_PARAMETERS
;      (FUNCALL
;       (LSIP:SEMANTIC-ALGEBRA-LAW-V1-IMPLEMENTATION-ATTACHMENT
;        LSIP::PARAMETER-LAW)
;       LSIP::COMBINATOR-ID LSIP::CHILDREN LSIP::PARAMETERS))
; 
; caught STYLE-WARNING:
;   The variable _PARAMETERS is defined but never used.

;     (LSIP::_SURFACE-ADMISSIBILITY
;      (DOLIST (LSIP::SURFACE LSIP::SURFACES)
;        (UNLESS
;            (MEMBER
;             (LSIP:SEMANTIC-COMPOSITIONAL-SURFACE-V1-SURFACE-KIND LSIP::SURFACE)
;             (LSIP::SEMANTIC-COMBINATOR-CONSTITUTION-V1-ACCEPTED-SURFACE-KINDS
;              LSIP::CONSTITUTION))
;          (ERROR "Combinator ~S does not admit child surface kind ~S."
;                 LSIP::COMBINATOR-ID
;                 (LSIP:SEMANTIC-COMPOSITIONAL-SURFACE-V1-SURFACE-KIND
;                  LSIP::SURFACE)))))
; 
; caught STYLE-WARNING:
;   The variable _SURFACE-ADMISSIBILITY is defined but never used.

;     (LSIP::_CONTRACT-CHECK
;      (FUNCALL
;       (LSIP:SEMANTIC-ALGEBRA-LAW-V1-IMPLEMENTATION-ATTACHMENT
;        LSIP::ADMISSIBILITY-LAW)
;       LSIP::CONSTITUTION LSIP::CHILDREN :PARAMETERS LSIP::PARAMETERS))
; 
; caught STYLE-WARNING:
;   The variable _CONTRACT-CHECK is defined but never used.

; in: DEFUN SYNTHESIZE-SEMANTIC-COMPOSITION-EXPRESSION-V1
;     (LSIP::GOAL-INPUT (GETF LSIP::GOAL :INPUT-CONTRACT))
; 
; caught STYLE-WARNING:
;   The variable GOAL-INPUT is defined but never used.

;     (LSIP::GOAL-OUTPUT (GETF LSIP::GOAL :OUTPUT-CONTRACT))
; 
; caught STYLE-WARNING:
;   The variable GOAL-OUTPUT is defined but never used.
WARNING:
   Lisp compilation had style-warnings while
   compiling #<CL-SOURCE-FILE "lsip" "lisp/semantic_composition_v1">

; file: /home/user0/FIM/deps/goggles-shg-growth/lisp/synthesis_extension_v1.lisp
; in: DEFUN ADMIT-GENERATED-SYNTHESIS-EXTENSION-V1
;     'LSIP::SYNTHESIS-EXTENSION-LIFECYCLE-V1
; 
; note: can't open-code test of unknown type SYNTHESIS-EXTENSION-LIFECYCLE-V1

; in: DEFSTRUCT SYNTHESIS-EXTENSION-LIFECYCLE-V1
;     (DEFSTRUCT
;         (LSIP::SYNTHESIS-EXTENSION-LIFECYCLE-V1
;          (:CONSTRUCTOR LSIP::%MAKE-SYNTHESIS-EXTENSION-LIFECYCLE-V1))
;       LSIP::EXTENSION-REF
;       LSIP::STATE
;       LSIP::ACCEPTED-PRODUCT-REF
;       LSIP::PARITY-WITNESS-REF
;       LSIP::INDEPENDENCE-WITNESS-REF
;       LSIP::ACTIVATION-WITNESS-REF
;       LSIP::EPOCH-REF
;       LSIP::RECONSTRUCTION-WITNESS-REF
;       LSIP::SUCCESSOR-WITNESS-REF
;       LSIP::LIFECYCLE-IDENTITY)
; --> EVAL-WHEN 
; ==>
;   (SB-KERNEL::%COMPILER-DEFSTRUCT
;    '#<SB-KERNEL:DEFSTRUCT-DESCRIPTION LSIP::SYNTHESIS-EXTENSION-LIFECYCLE-V1 {1005DF17D3}>
;    '#(#<SB-KERNEL:WRAPPER (ID=0) for T {50101003}>
;       #<SB-KERNEL:WRAPPER (ID=1) for STRUCTURE-OBJECT {50101073}>))
; 
; caught STYLE-WARNING:
;   Previously compiled calls to
;   LSIP::SYNTHESIS-EXTENSION-LIFECYCLE-V1-EXTENSION-REF and
;   LSIP::SYNTHESIS-EXTENSION-LIFECYCLE-V1-STATE could not be inlined because the
;   structure definition for LSIP::SYNTHESIS-EXTENSION-LIFECYCLE-V1 was not yet
;   seen. To avoid this warning, DEFSTRUCT should precede references to the
;   affected functions, or they must be declared locally notinline at each call
;   site.
WARNING:
   Lisp compilation had style-warnings while
   compiling #<CL-SOURCE-FILE "lsip" "lisp/synthesis_extension_v1">

; file: /home/user0/FIM/deps/goggles-shg-growth/lisp/synthesis_runtime_hook_activation_v1.lisp
; in: DEFUN ACTIVATE-SYNTHESIS-RUNTIME-HOOK-THROUGH-V2-V1
;     (MULTIPLE-VALUE-BIND
;         (LSIP::ACCEPTED-PERMIT LSIP::PERMIT-OUTPUT LSIP::_PERMIT-OBLIGATION
;          LSIP::PERMIT-PLAN LSIP::PERMIT)
;         (LSIP:ISSUE-SYNTHESIS-ACTIVATION-PERMIT-THROUGH-V2-V1 LSIP::INTENT
;                                                               (LIST
;                                                                :RUNTIME-HOOK-ACTIVATION
;                                                                LSIP::ACTIVATION-KIND
;                                                                LSIP::SUBJECT
;                                                                LSIP::PROGRAM-REF))
;       (DECLARE (IGNORE LSIP::_PERMIT-OBLIGATION))
;       (SETF LSIP::PERMIT
;               (LSIP:VALIDATE-ACCEPTED-SYNTHESIS-ACTIVATION-PERMIT-V1
;                LSIP::ACCEPTED-PERMIT LSIP::PERMIT-OUTPUT))
;       (LSIP::VALIDATE-SYNTHESIS-PLAN-V2 LSIP::PERMIT-PLAN)
;       (LET* ((LSIP::PLANNER-COMPONENT-REF
;               LSIP::*SYNTHESIS-CAPABILITY-SELECTION-V2-ACTIVE-COMPONENT-ID*)
;              (LSIP::APPLICATION-PREVIEW
;               (LSIP::SYNTHESIS-ACTIVATION-APPLICATION-V1 LSIP::ACCEPTED-PERMIT
;                                                          LSIP::PERMIT-OUTPUT
;                                                          LSIP::PERMIT-PLAN
;                                                          LSIP::PLANNER-COMPONENT-REF))
;              (LSIP::RECONSTRUCTION-INTENT
;               (LSIP:SYNTHESIS-RECONSTRUCTION-INTENT-V1 :RECONSTRUCTION-KIND
;                                                        LSIP::RECONSTRUCTION-KIND
;                                                        :TARGET-ID LSIP::TARGET-ID
;                                                        :MUTATION-SURFACE
;                                                        LSIP::MUTATION-SURFACE
;                                                        :SUCCESSOR-REF
;                                                        LSIP::PROGRAM-REF
;                                                        :PROGRAM-REF
;                                                        LSIP::PROGRAM-REF
;                                                        :ACTIVATION-APPLICATION-REF
;                                                        ...))
;              (LSIP::PREPARED-RECONSTRUCTION
;               (LSIP:PREPARE-SYNTHESIS-RECONSTRUCTION-GRANT-THROUGH-V2-V1
;                LSIP::RECONSTRUCTION-INTENT #))
;              (LSIP::APPLICATION
;               (LSIP:REGISTER-SYNTHESIS-ACTIVATION-APPLICATION-V1
;                LSIP::ACCEPTED-PERMIT LSIP::PERMIT-OUTPUT LSIP::PERMIT-PLAN
;                LSIP::PLANNER-COMPONENT-REF))
;              (LSIP::CUTOVER
;               (LSIP:SYNTHESIS-AUTHORITY-CUTOVER-COMMAND-V1 :EVIDENCE-KIND
;                                                            :ACTIVATION-APPLICATION
;                                                            :MUTATION-SURFACE
;                                                            LSIP::MUTATION-SURFACE
;                                                            :EXPECTED-CURRENT-REF
;                                                            LSIP::EXPECTED-CURRENT
;                                                            :SUCCESSOR-REF
;                                                            LSIP::PROGRAM-REF
;                                                            :EVIDENCE-REF #
;                                                            :CAPABILITY-REF ...)))
;         (UNLESS
;             (AND (EQUAL LSIP::APPLICATION LSIP::APPLICATION-PREVIEW)
;                  (EQUAL # LSIP::PLANNER-COMPONENT-REF))
;           (LSIP::RPB-FAIL :SYNTHESIS-RUNTIME-HOOK-ACTIVATION-EVIDENCE-DRIFT))
;         (LSIP::APPLY-SYNTHESIS-RUNTIME-HOOK-CUTOVER-V1 LSIP::CUTOVER
;          LSIP::MUTATION-SURFACE COMPILED-FUNCTION)
;         (MULTIPLE-VALUE-BIND
;             (LSIP::ACCEPTED-GRANT LSIP::GRANT-OUTPUT LSIP::_GRANT-OBLIGATION
;              LSIP::_GRANT-PLAN LSIP::GRANT)
;             (LSIP:RESOLVE-PREPARED-SYNTHESIS-RECONSTRUCTION-GRANT-V1
;              LSIP::PREPARED-RECONSTRUCTION)
;           (DECLARE (IGNORE LSIP::_GRANT-OBLIGATION LSIP::_GRANT-PLAN))
;           (VALUES LSIP::PROGRAM-REF LSIP::ACCEPTED-GRANT LSIP::GRANT-OUTPUT
;                   LSIP::GRANT LSIP::APPLICATION))))
; ==>
;   #'(LAMBDA
;         (
;          &OPTIONAL (LSIP::ACCEPTED-PERMIT) (LSIP::PERMIT-OUTPUT)
;          (LSIP::_PERMIT-OBLIGATION) (LSIP::PERMIT-PLAN) (LSIP::PERMIT)
;          &REST #:G0)
;       (DECLARE (IGNORE #:G0))
;       (DECLARE (IGNORE LSIP::_PERMIT-OBLIGATION))
;       (SETF LSIP::PERMIT
;               (LSIP:VALIDATE-ACCEPTED-SYNTHESIS-ACTIVATION-PERMIT-V1
;                LSIP::ACCEPTED-PERMIT LSIP::PERMIT-OUTPUT))
;       (LSIP::VALIDATE-SYNTHESIS-PLAN-V2 LSIP::PERMIT-PLAN)
;       (LET* ((LSIP::PLANNER-COMPONENT-REF
;               LSIP::*SYNTHESIS-CAPABILITY-SELECTION-V2-ACTIVE-COMPONENT-ID*)
;              (LSIP::APPLICATION-PREVIEW
;               (LSIP::SYNTHESIS-ACTIVATION-APPLICATION-V1 LSIP::ACCEPTED-PERMIT
;                                                          LSIP::PERMIT-OUTPUT
;                                                          LSIP::PERMIT-PLAN
;                                                          LSIP::PLANNER-COMPONENT-REF))
;              (LSIP::RECONSTRUCTION-INTENT
;               (LSIP:SYNTHESIS-RECONSTRUCTION-INTENT-V1 :RECONSTRUCTION-KIND
;                                                        LSIP::RECONSTRUCTION-KIND
;                                                        :TARGET-ID
;                                                        LSIP::TARGET-ID
;                                                        :MUTATION-SURFACE
;                                                        LSIP::MUTATION-SURFACE
;                                                        :SUCCESSOR-REF
;                                                        LSIP::PROGRAM-REF
;                                                        :PROGRAM-REF
;                                                        LSIP::PROGRAM-REF
;                                                        :ACTIVATION-APPLICATION-REF
;                                                        ...))
;              (LSIP::PREPARED-RECONSTRUCTION
;               (LSIP:PREPARE-SYNTHESIS-RECONSTRUCTION-GRANT-THROUGH-V2-V1
;                LSIP::RECONSTRUCTION-INTENT #))
;              (LSIP::APPLICATION
;               (LSIP:REGISTER-SYNTHESIS-ACTIVATION-APPLICATION-V1
;                LSIP::ACCEPTED-PERMIT LSIP::PERMIT-OUTPUT LSIP::PERMIT-PLAN
;                LSIP::PLANNER-COMPONENT-REF))
;              (LSIP::CUTOVER
;               (LSIP:SYNTHESIS-AUTHORITY-CUTOVER-COMMAND-V1 :EVIDENCE-KIND
;                                                            :ACTIVATION-APPLICATION
;                                                            :MUTATION-SURFACE
;                                                            LSIP::MUTATION-SURFACE
;                                                            :EXPECTED-CURRENT-REF
;                                                            LSIP::EXPECTED-CURRENT
;                                                            :SUCCESSOR-REF
;                                                            LSIP::PROGRAM-REF
;                                                            :EVIDENCE-REF #
;                                                            :CAPABILITY-REF
;                                                            ...)))
;         (UNLESS
;             (AND (EQUAL LSIP::APPLICATION LSIP::APPLICATION-PREVIEW)
;                  (EQUAL # LSIP::PLANNER-COMPONENT-REF))
;           (LSIP::RPB-FAIL :SYNTHESIS-RUNTIME-HOOK-ACTIVATION-EVIDENCE-DRIFT))
;         (LSIP::APPLY-SYNTHESIS-RUNTIME-HOOK-CUTOVER-V1 LSIP::CUTOVER
;          LSIP::MUTATION-SURFACE COMPILED-FUNCTION)
;         (MULTIPLE-VALUE-BIND
;             (LSIP::ACCEPTED-GRANT LSIP::GRANT-OUTPUT LSIP::_GRANT-OBLIGATION
;              LSIP::_GRANT-PLAN LSIP::GRANT)
;             (LSIP:RESOLVE-PREPARED-SYNTHESIS-RECONSTRUCTION-GRANT-V1
;              LSIP::PREPARED-RECONSTRUCTION)
;           (DECLARE (IGNORE LSIP::_GRANT-OBLIGATION LSIP::_GRANT-PLAN))
;           (VALUES LSIP::PROGRAM-REF LSIP::ACCEPTED-GRANT LSIP::GRANT-OUTPUT
;                   LSIP::GRANT LSIP::APPLICATION))))
; 
; caught STYLE-WARNING:
;   The variable PERMIT is assigned but never read.
WARNING:
   Lisp compilation had style-warnings while
   compiling #<CL-SOURCE-FILE "lsip" "lisp/synthesis_runtime_hook_activation_v1">

; file: /home/user0/FIM/deps/goggles-shg-growth/lisp/synthesis_capability_ranking_self_host_v1.lisp
; in: DEFUN ACTIVATE-SYNTHESIS-CAPABILITY-RANKING-SH11-V1
;     (MULTIPLE-VALUE-BIND
;         (LSIP::ACCEPTED-PERMIT LSIP::PERMIT-OUTPUT LSIP::_PERMIT-OBLIGATION
;          LSIP::PERMIT-PLAN LSIP::PERMIT)
;         (LSIP:ISSUE-SYNTHESIS-ACTIVATION-PERMIT-THROUGH-V2-V1 LSIP::INTENT
;                                                               (LIST
;                                                                :RANKING-ACTIVATION
;                                                                :SH11
;                                                                LSIP::SEMANTIC-REF))
;       (DECLARE (IGNORE LSIP::_PERMIT-OBLIGATION))
;       (SETF LSIP::PERMIT
;               (LSIP:VALIDATE-ACCEPTED-SYNTHESIS-ACTIVATION-PERMIT-V1
;                LSIP::ACCEPTED-PERMIT LSIP::PERMIT-OUTPUT))
;       (LSIP::VALIDATE-SYNTHESIS-PLAN-V2 LSIP::PERMIT-PLAN)
;       (LET* ((LSIP::PLANNER-COMPONENT-REF
;               LSIP::*SYNTHESIS-CAPABILITY-SELECTION-V2-ACTIVE-COMPONENT-ID*)
;              (LSIP::APPLICATION-PREVIEW
;               (LSIP::SYNTHESIS-ACTIVATION-APPLICATION-V1 LSIP::ACCEPTED-PERMIT
;                                                          LSIP::PERMIT-OUTPUT
;                                                          LSIP::PERMIT-PLAN
;                                                          LSIP::PLANNER-COMPONENT-REF))
;              (LSIP::RECONSTRUCTION-INTENT
;               (LSIP:SYNTHESIS-RECONSTRUCTION-INTENT-V1 :RECONSTRUCTION-KIND
;                                                        :RANKING-SH11 :TARGET-ID
;                                                        LSIP:+SYNTHESIS-CAPABILITY-RANKING-SH11-TARGET-ID-V1+
;                                                        :MUTATION-SURFACE
;                                                        :RANKING-HOOK
;                                                        :SUCCESSOR-REF
;                                                        LSIP::SEMANTIC-REF
;                                                        :PROGRAM-REF
;                                                        LSIP::PROGRAM-REF
;                                                        :ACTIVATION-APPLICATION-REF
;                                                        ...))
;              (LSIP::PREPARED-RECONSTRUCTION
;               (LSIP:PREPARE-SYNTHESIS-RECONSTRUCTION-GRANT-THROUGH-V2-V1
;                LSIP::RECONSTRUCTION-INTENT #))
;              (LSIP::APPLICATION
;               (LSIP:REGISTER-SYNTHESIS-ACTIVATION-APPLICATION-V1
;                LSIP::ACCEPTED-PERMIT LSIP::PERMIT-OUTPUT LSIP::PERMIT-PLAN
;                LSIP::PLANNER-COMPONENT-REF))
;              (LSIP::CUTOVER
;               (LSIP:SYNTHESIS-AUTHORITY-CUTOVER-COMMAND-V1 :EVIDENCE-KIND
;                                                            :ACTIVATION-APPLICATION
;                                                            :MUTATION-SURFACE
;                                                            :RANKING-HOOK
;                                                            :EXPECTED-CURRENT-REF
;                                                            LSIP::EXPECTED-CURRENT
;                                                            :SUCCESSOR-REF
;                                                            LSIP::SEMANTIC-REF
;                                                            :EVIDENCE-REF #
;                                                            :CAPABILITY-REF ...)))
;         (UNLESS
;             (AND (EQUAL LSIP::APPLICATION LSIP::APPLICATION-PREVIEW)
;                  (EQUAL # LSIP::PLANNER-COMPONENT-REF))
;           (LSIP::RPB-FAIL :SYNTHESIS-RANKING-SH11-ACTIVATION-EVIDENCE-DRIFT))
;         (MULTIPLE-VALUE-BIND (LSIP::COMPILED LSIP::_LOWERING-RECEIPT)
;             (LSIP::SYNTHESIS-CAPABILITY-RANKING-SH11-COMPILE-PROGRAM-V1
;              LSIP::PROGRAM)
;           (DECLARE (IGNORE LSIP::_LOWERING-RECEIPT))
;           (LSIP:APPLY-SYNTHESIS-AUTHORITY-CUTOVER-V1 LSIP::CUTOVER :RANKER
;                                                      LSIP::COMPILED))
;         (MULTIPLE-VALUE-BIND
;             (LSIP::ACCEPTED-GRANT LSIP::GRANT-OUTPUT LSIP::_GRANT-OBLIGATION
;              LSIP::_GRANT-PLAN LSIP::GRANT)
;             (LSIP:RESOLVE-PREPARED-SYNTHESIS-RECONSTRUCTION-GRANT-V1
;              LSIP::PREPARED-RECONSTRUCTION)
;           (DECLARE (IGNORE LSIP::_GRANT-OBLIGATION LSIP::_GRANT-PLAN))
;           (VALUES LSIP::PROGRAM LSIP::ACCEPTED-GRANT LSIP::GRANT-OUTPUT
;                   LSIP::GRANT))))
; ==>
;   #'(LAMBDA
;         (
;          &OPTIONAL (LSIP::ACCEPTED-PERMIT) (LSIP::PERMIT-OUTPUT)
;          (LSIP::_PERMIT-OBLIGATION) (LSIP::PERMIT-PLAN) (LSIP::PERMIT)
;          &REST #:G0)
;       (DECLARE (IGNORE #:G0))
;       (DECLARE (IGNORE LSIP::_PERMIT-OBLIGATION))
;       (SETF LSIP::PERMIT
;               (LSIP:VALIDATE-ACCEPTED-SYNTHESIS-ACTIVATION-PERMIT-V1
;                LSIP::ACCEPTED-PERMIT LSIP::PERMIT-OUTPUT))
;       (LSIP::VALIDATE-SYNTHESIS-PLAN-V2 LSIP::PERMIT-PLAN)
;       (LET* ((LSIP::PLANNER-COMPONENT-REF
;               LSIP::*SYNTHESIS-CAPABILITY-SELECTION-V2-ACTIVE-COMPONENT-ID*)
;              (LSIP::APPLICATION-PREVIEW
;               (LSIP::SYNTHESIS-ACTIVATION-APPLICATION-V1 LSIP::ACCEPTED-PERMIT
;                                                          LSIP::PERMIT-OUTPUT
;                                                          LSIP::PERMIT-PLAN
;                                                          LSIP::PLANNER-COMPONENT-REF))
;              (LSIP::RECONSTRUCTION-INTENT
;               (LSIP:SYNTHESIS-RECONSTRUCTION-INTENT-V1 :RECONSTRUCTION-KIND
;                                                        :RANKING-SH11 :TARGET-ID
;                                                        LSIP:+SYNTHESIS-CAPABILITY-RANKING-SH11-TARGET-ID-V1+
;                                                        :MUTATION-SURFACE
;                                                        :RANKING-HOOK
;                                                        :SUCCESSOR-REF
;                                                        LSIP::SEMANTIC-REF
;                                                        :PROGRAM-REF
;                                                        LSIP::PROGRAM-REF
;                                                        :ACTIVATION-APPLICATION-REF
;                                                        ...))
;              (LSIP::PREPARED-RECONSTRUCTION
;               (LSIP:PREPARE-SYNTHESIS-RECONSTRUCTION-GRANT-THROUGH-V2-V1
;                LSIP::RECONSTRUCTION-INTENT #))
;              (LSIP::APPLICATION
;               (LSIP:REGISTER-SYNTHESIS-ACTIVATION-APPLICATION-V1
;                LSIP::ACCEPTED-PERMIT LSIP::PERMIT-OUTPUT LSIP::PERMIT-PLAN
;                LSIP::PLANNER-COMPONENT-REF))
;              (LSIP::CUTOVER
;               (LSIP:SYNTHESIS-AUTHORITY-CUTOVER-COMMAND-V1 :EVIDENCE-KIND
;                                                            :ACTIVATION-APPLICATION
;                                                            :MUTATION-SURFACE
;                                                            :RANKING-HOOK
;                                                            :EXPECTED-CURRENT-REF
;                                                            LSIP::EXPECTED-CURRENT
;                                                            :SUCCESSOR-REF
;                                                            LSIP::SEMANTIC-REF
;                                                            :EVIDENCE-REF #
;                                                            :CAPABILITY-REF
;                                                            ...)))
;         (UNLESS
;             (AND (EQUAL LSIP::APPLICATION LSIP::APPLICATION-PREVIEW)
;                  (EQUAL # LSIP::PLANNER-COMPONENT-REF))
;           (LSIP::RPB-FAIL :SYNTHESIS-RANKING-SH11-ACTIVATION-EVIDENCE-DRIFT))
;         (MULTIPLE-VALUE-BIND (LSIP::COMPILED LSIP::_LOWERING-RECEIPT)
;             (LSIP::SYNTHESIS-CAPABILITY-RANKING-SH11-COMPILE-PROGRAM-V1
;              LSIP::PROGRAM)
;           (DECLARE (IGNORE LSIP::_LOWERING-RECEIPT))
;           (LSIP:APPLY-SYNTHESIS-AUTHORITY-CUTOVER-V1 LSIP::CUTOVER :RANKER
;                                                      LSIP::COMPILED))
;         (MULTIPLE-VALUE-BIND
;             (LSIP::ACCEPTED-GRANT LSIP::GRANT-OUTPUT LSIP::_GRANT-OBLIGATION
;              LSIP::_GRANT-PLAN LSIP::GRANT)
;             (LSIP:RESOLVE-PREPARED-SYNTHESIS-RECONSTRUCTION-GRANT-V1
;              LSIP::PREPARED-RECONSTRUCTION)
;           (DECLARE (IGNORE LSIP::_GRANT-OBLIGATION LSIP::_GRANT-PLAN))
;           (VALUES LSIP::PROGRAM LSIP::ACCEPTED-GRANT LSIP::GRANT-OUTPUT
;                   LSIP::GRANT))))
; 
; caught STYLE-WARNING:
;   The variable PERMIT is assigned but never read.
WARNING:
   Lisp compilation had style-warnings while compiling
   #<CL-SOURCE-FILE "lsip" "lisp/synthesis_capability_ranking_self_host_v1">

; file: /home/user0/FIM/deps/goggles-shg-growth/lisp/synthesis_evaluator_dispatch_self_host_v1.lisp
; in: DEFUN ACTIVATE-SYNTHESIS-EVALUATOR-DISPATCH-SH12-V1
;     (MULTIPLE-VALUE-BIND
;         (LSIP::ACCEPTED-PERMIT LSIP::PERMIT-OUTPUT LSIP::_PERMIT-OBLIGATION
;          LSIP::PERMIT-PLAN LSIP::PERMIT)
;         (LSIP:ISSUE-SYNTHESIS-ACTIVATION-PERMIT-THROUGH-V2-V1 LSIP::INTENT
;                                                               (LIST
;                                                                :EVALUATOR-ACTIVATION
;                                                                :SH12
;                                                                LSIP::SEMANTIC-REF))
;       (DECLARE (IGNORE LSIP::_PERMIT-OBLIGATION))
;       (SETF LSIP::PERMIT
;               (LSIP:VALIDATE-ACCEPTED-SYNTHESIS-ACTIVATION-PERMIT-V1
;                LSIP::ACCEPTED-PERMIT LSIP::PERMIT-OUTPUT))
;       (LSIP::VALIDATE-SYNTHESIS-PLAN-V2 LSIP::PERMIT-PLAN)
;       (LET* ((LSIP::PLANNER-COMPONENT-REF
;               LSIP::*SYNTHESIS-CAPABILITY-SELECTION-V2-ACTIVE-COMPONENT-ID*)
;              (LSIP::APPLICATION-PREVIEW
;               (LSIP::SYNTHESIS-ACTIVATION-APPLICATION-V1 LSIP::ACCEPTED-PERMIT
;                                                          LSIP::PERMIT-OUTPUT
;                                                          LSIP::PERMIT-PLAN
;                                                          LSIP::PLANNER-COMPONENT-REF))
;              (LSIP::RECONSTRUCTION-INTENT
;               (LSIP:SYNTHESIS-RECONSTRUCTION-INTENT-V1 :RECONSTRUCTION-KIND
;                                                        :EVALUATOR-SH12 :TARGET-ID
;                                                        LSIP:+SYNTHESIS-EVALUATOR-DISPATCH-SH12-TARGET-ID-V1+
;                                                        :MUTATION-SURFACE
;                                                        :EVALUATOR-HOOK
;                                                        :SUCCESSOR-REF
;                                                        LSIP::SEMANTIC-REF
;                                                        :PROGRAM-REF
;                                                        LSIP::PROGRAM-REF
;                                                        :ACTIVATION-APPLICATION-REF
;                                                        ...))
;              (LSIP::PREPARED-RECONSTRUCTION
;               (LSIP:PREPARE-SYNTHESIS-RECONSTRUCTION-GRANT-THROUGH-V2-V1
;                LSIP::RECONSTRUCTION-INTENT #))
;              (LSIP::APPLICATION
;               (LSIP:REGISTER-SYNTHESIS-ACTIVATION-APPLICATION-V1
;                LSIP::ACCEPTED-PERMIT LSIP::PERMIT-OUTPUT LSIP::PERMIT-PLAN
;                LSIP::PLANNER-COMPONENT-REF))
;              (LSIP::CUTOVER
;               (LSIP:SYNTHESIS-AUTHORITY-CUTOVER-COMMAND-V1 :EVIDENCE-KIND
;                                                            :ACTIVATION-APPLICATION
;                                                            :MUTATION-SURFACE
;                                                            :EVALUATOR-HOOK
;                                                            :EXPECTED-CURRENT-REF
;                                                            LSIP::EXPECTED-CURRENT
;                                                            :SUCCESSOR-REF
;                                                            LSIP::SEMANTIC-REF
;                                                            :EVIDENCE-REF #
;                                                            :CAPABILITY-REF ...)))
;         (UNLESS
;             (AND (EQUAL LSIP::APPLICATION LSIP::APPLICATION-PREVIEW)
;                  (EQUAL # LSIP::PLANNER-COMPONENT-REF))
;           (LSIP::RPB-FAIL
;            :SYNTHESIS-EVALUATOR-DISPATCH-SH12-ACTIVATION-EVIDENCE-DRIFT))
;         (MULTIPLE-VALUE-BIND (LSIP::COMPILED LSIP::_LOWERING-RECEIPT)
;             (LSIP::SYNTHESIS-EVALUATOR-DISPATCH-SH12-COMPILE-PROGRAM-V1
;              LSIP::PROGRAM)
;           (DECLARE (IGNORE LSIP::_LOWERING-RECEIPT))
;           (LSIP:APPLY-SYNTHESIS-AUTHORITY-CUTOVER-V1 LSIP::CUTOVER :EVALUATOR
;                                                      LSIP::COMPILED))
;         (MULTIPLE-VALUE-BIND
;             (LSIP::ACCEPTED-GRANT LSIP::GRANT-OUTPUT LSIP::_GRANT-OBLIGATION
;              LSIP::_GRANT-PLAN LSIP::GRANT)
;             (LSIP:RESOLVE-PREPARED-SYNTHESIS-RECONSTRUCTION-GRANT-V1
;              LSIP::PREPARED-RECONSTRUCTION)
;           (DECLARE (IGNORE LSIP::_GRANT-OBLIGATION LSIP::_GRANT-PLAN))
;           (VALUES LSIP::PROGRAM LSIP::ACCEPTED-GRANT LSIP::GRANT-OUTPUT
;                   LSIP::GRANT))))
; ==>
;   #'(LAMBDA
;         (
;          &OPTIONAL (LSIP::ACCEPTED-PERMIT) (LSIP::PERMIT-OUTPUT)
;          (LSIP::_PERMIT-OBLIGATION) (LSIP::PERMIT-PLAN) (LSIP::PERMIT)
;          &REST #:G0)
;       (DECLARE (IGNORE #:G0))
;       (DECLARE (IGNORE LSIP::_PERMIT-OBLIGATION))
;       (SETF LSIP::PERMIT
;               (LSIP:VALIDATE-ACCEPTED-SYNTHESIS-ACTIVATION-PERMIT-V1
;                LSIP::ACCEPTED-PERMIT LSIP::PERMIT-OUTPUT))
;       (LSIP::VALIDATE-SYNTHESIS-PLAN-V2 LSIP::PERMIT-PLAN)
;       (LET* ((LSIP::PLANNER-COMPONENT-REF
;               LSIP::*SYNTHESIS-CAPABILITY-SELECTION-V2-ACTIVE-COMPONENT-ID*)
;              (LSIP::APPLICATION-PREVIEW
;               (LSIP::SYNTHESIS-ACTIVATION-APPLICATION-V1 LSIP::ACCEPTED-PERMIT
;                                                          LSIP::PERMIT-OUTPUT
;                                                          LSIP::PERMIT-PLAN
;                                                          LSIP::PLANNER-COMPONENT-REF))
;              (LSIP::RECONSTRUCTION-INTENT
;               (LSIP:SYNTHESIS-RECONSTRUCTION-INTENT-V1 :RECONSTRUCTION-KIND
;                                                        :EVALUATOR-SH12
;                                                        :TARGET-ID
;                                                        LSIP:+SYNTHESIS-EVALUATOR-DISPATCH-SH12-TARGET-ID-V1+
;                                                        :MUTATION-SURFACE
;                                                        :EVALUATOR-HOOK
;                                                        :SUCCESSOR-REF
;                                                        LSIP::SEMANTIC-REF
;                                                        :PROGRAM-REF
;                                                        LSIP::PROGRAM-REF
;                                                        :ACTIVATION-APPLICATION-REF
;                                                        ...))
;              (LSIP::PREPARED-RECONSTRUCTION
;               (LSIP:PREPARE-SYNTHESIS-RECONSTRUCTION-GRANT-THROUGH-V2-V1
;                LSIP::RECONSTRUCTION-INTENT #))
;              (LSIP::APPLICATION
;               (LSIP:REGISTER-SYNTHESIS-ACTIVATION-APPLICATION-V1
;                LSIP::ACCEPTED-PERMIT LSIP::PERMIT-OUTPUT LSIP::PERMIT-PLAN
;                LSIP::PLANNER-COMPONENT-REF))
;              (LSIP::CUTOVER
;               (LSIP:SYNTHESIS-AUTHORITY-CUTOVER-COMMAND-V1 :EVIDENCE-KIND
;                                                            :ACTIVATION-APPLICATION
;                                                            :MUTATION-SURFACE
;                                                            :EVALUATOR-HOOK
;                                                            :EXPECTED-CURRENT-REF
;                                                            LSIP::EXPECTED-CURRENT
;                                                            :SUCCESSOR-REF
;                                                            LSIP::SEMANTIC-REF
;                                                            :EVIDENCE-REF #
;                                                            :CAPABILITY-REF
;                                                            ...)))
;         (UNLESS
;             (AND (EQUAL LSIP::APPLICATION LSIP::APPLICATION-PREVIEW)
;                  (EQUAL # LSIP::PLANNER-COMPONENT-REF))
;           (LSIP::RPB-FAIL
;            :SYNTHESIS-EVALUATOR-DISPATCH-SH12-ACTIVATION-EVIDENCE-DRIFT))
;         (MULTIPLE-VALUE-BIND (LSIP::COMPILED LSIP::_LOWERING-RECEIPT)
;             (LSIP::SYNTHESIS-EVALUATOR-DISPATCH-SH12-COMPILE-PROGRAM-V1
;              LSIP::PROGRAM)
;           (DECLARE (IGNORE LSIP::_LOWERING-RECEIPT))
;           (LSIP:APPLY-SYNTHESIS-AUTHORITY-CUTOVER-V1 LSIP::CUTOVER :EVALUATOR
;                                                      LSIP::COMPILED))
;         (MULTIPLE-VALUE-BIND
;             (LSIP::ACCEPTED-GRANT LSIP::GRANT-OUTPUT LSIP::_GRANT-OBLIGATION
;              LSIP::_GRANT-PLAN LSIP::GRANT)
;             (LSIP:RESOLVE-PREPARED-SYNTHESIS-RECONSTRUCTION-GRANT-V1
;              LSIP::PREPARED-RECONSTRUCTION)
;           (DECLARE (IGNORE LSIP::_GRANT-OBLIGATION LSIP::_GRANT-PLAN))
;           (VALUES LSIP::PROGRAM LSIP::ACCEPTED-GRANT LSIP::GRANT-OUTPUT
;                   LSIP::GRANT))))
; 
; caught STYLE-WARNING:
;   The variable PERMIT is assigned but never read.
WARNING:
   Lisp compilation had style-warnings while compiling
   #<CL-SOURCE-FILE "lsip" "lisp/synthesis_evaluator_dispatch_self_host_v1">

; file: /home/user0/FIM/deps/goggles-shg-growth/lisp/synthesis_admission_self_host_v1.lisp
; in: DEFUN ACTIVATE-SYNTHESIS-ADMISSION-SH13-V1
;     (MULTIPLE-VALUE-BIND
;         (LSIP::ACCEPTED-PERMIT LSIP::PERMIT-OUTPUT LSIP::_PERMIT-OBLIGATION
;          LSIP::PERMIT-PLAN LSIP::PERMIT)
;         (LSIP:ISSUE-SYNTHESIS-ACTIVATION-PERMIT-THROUGH-V2-V1 LSIP::INTENT
;                                                               (LIST
;                                                                :ADMISSION-ACTIVATION
;                                                                :SH13
;                                                                LSIP::SEMANTIC-REF))
;       (DECLARE (IGNORE LSIP::_PERMIT-OBLIGATION))
;       (SETF LSIP::PERMIT
;               (LSIP:VALIDATE-ACCEPTED-SYNTHESIS-ACTIVATION-PERMIT-V1
;                LSIP::ACCEPTED-PERMIT LSIP::PERMIT-OUTPUT))
;       (LSIP::VALIDATE-SYNTHESIS-PLAN-V2 LSIP::PERMIT-PLAN)
;       (LET* ((LSIP::PLANNER-COMPONENT-REF
;               LSIP::*SYNTHESIS-CAPABILITY-SELECTION-V2-ACTIVE-COMPONENT-ID*)
;              (LSIP::APPLICATION-PREVIEW
;               (LSIP::SYNTHESIS-ACTIVATION-APPLICATION-V1 LSIP::ACCEPTED-PERMIT
;                                                          LSIP::PERMIT-OUTPUT
;                                                          LSIP::PERMIT-PLAN
;                                                          LSIP::PLANNER-COMPONENT-REF))
;              (LSIP::RECONSTRUCTION-INTENT
;               (LSIP:SYNTHESIS-RECONSTRUCTION-INTENT-V1 :RECONSTRUCTION-KIND
;                                                        :ADMISSION-SH13 :TARGET-ID
;                                                        LSIP:+SYNTHESIS-ADMISSION-SH13-TARGET-ID-V1+
;                                                        :MUTATION-SURFACE
;                                                        :ADMISSION-HOOK
;                                                        :SUCCESSOR-REF
;                                                        LSIP::SEMANTIC-REF
;                                                        :PROGRAM-REF
;                                                        LSIP::PROGRAM-REF
;                                                        :ACTIVATION-APPLICATION-REF
;                                                        ...))
;              (LSIP::PREPARED-RECONSTRUCTION
;               (LSIP:PREPARE-SYNTHESIS-RECONSTRUCTION-GRANT-THROUGH-V2-V1
;                LSIP::RECONSTRUCTION-INTENT #))
;              (LSIP::APPLICATION
;               (LSIP:REGISTER-SYNTHESIS-ACTIVATION-APPLICATION-V1
;                LSIP::ACCEPTED-PERMIT LSIP::PERMIT-OUTPUT LSIP::PERMIT-PLAN
;                LSIP::PLANNER-COMPONENT-REF))
;              (LSIP::CUTOVER
;               (LSIP:SYNTHESIS-AUTHORITY-CUTOVER-COMMAND-V1 :EVIDENCE-KIND
;                                                            :ACTIVATION-APPLICATION
;                                                            :MUTATION-SURFACE
;                                                            :ADMISSION-HOOK
;                                                            :EXPECTED-CURRENT-REF
;                                                            LSIP::EXPECTED-CURRENT
;                                                            :SUCCESSOR-REF
;                                                            LSIP::SEMANTIC-REF
;                                                            :EVIDENCE-REF #
;                                                            :CAPABILITY-REF ...)))
;         (UNLESS
;             (AND (EQUAL LSIP::APPLICATION LSIP::APPLICATION-PREVIEW)
;                  (EQUAL # LSIP::PLANNER-COMPONENT-REF))
;           (LSIP::RPB-FAIL :SYNTHESIS-ADMISSION-SH13-ACTIVATION-EVIDENCE-DRIFT))
;         (MULTIPLE-VALUE-BIND (LSIP::COMPILED LSIP::_LOWERING-RECEIPT)
;             (LSIP::SYNTHESIS-ADMISSION-SH13-COMPILE-PROGRAM-V1 LSIP::PROGRAM)
;           (DECLARE (IGNORE LSIP::_LOWERING-RECEIPT))
;           (LSIP:APPLY-SYNTHESIS-AUTHORITY-CUTOVER-V1 LSIP::CUTOVER :ADMISSION
;                                                      LSIP::COMPILED))
;         (MULTIPLE-VALUE-BIND
;             (LSIP::ACCEPTED-GRANT LSIP::GRANT-OUTPUT LSIP::_GRANT-OBLIGATION
;              LSIP::_GRANT-PLAN LSIP::GRANT)
;             (LSIP:RESOLVE-PREPARED-SYNTHESIS-RECONSTRUCTION-GRANT-V1
;              LSIP::PREPARED-RECONSTRUCTION)
;           (DECLARE (IGNORE LSIP::_GRANT-OBLIGATION LSIP::_GRANT-PLAN))
;           (VALUES LSIP::PROGRAM LSIP::ACCEPTED-GRANT LSIP::GRANT-OUTPUT
;                   LSIP::GRANT))))
; ==>
;   #'(LAMBDA
;         (
;          &OPTIONAL (LSIP::ACCEPTED-PERMIT) (LSIP::PERMIT-OUTPUT)
;          (LSIP::_PERMIT-OBLIGATION) (LSIP::PERMIT-PLAN) (LSIP::PERMIT)
;          &REST #:G0)
;       (DECLARE (IGNORE #:G0))
;       (DECLARE (IGNORE LSIP::_PERMIT-OBLIGATION))
;       (SETF LSIP::PERMIT
;               (LSIP:VALIDATE-ACCEPTED-SYNTHESIS-ACTIVATION-PERMIT-V1
;                LSIP::ACCEPTED-PERMIT LSIP::PERMIT-OUTPUT))
;       (LSIP::VALIDATE-SYNTHESIS-PLAN-V2 LSIP::PERMIT-PLAN)
;       (LET* ((LSIP::PLANNER-COMPONENT-REF
;               LSIP::*SYNTHESIS-CAPABILITY-SELECTION-V2-ACTIVE-COMPONENT-ID*)
;              (LSIP::APPLICATION-PREVIEW
;               (LSIP::SYNTHESIS-ACTIVATION-APPLICATION-V1 LSIP::ACCEPTED-PERMIT
;                                                          LSIP::PERMIT-OUTPUT
;                                                          LSIP::PERMIT-PLAN
;                                                          LSIP::PLANNER-COMPONENT-REF))
;              (LSIP::RECONSTRUCTION-INTENT
;               (LSIP:SYNTHESIS-RECONSTRUCTION-INTENT-V1 :RECONSTRUCTION-KIND
;                                                        :ADMISSION-SH13
;                                                        :TARGET-ID
;                                                        LSIP:+SYNTHESIS-ADMISSION-SH13-TARGET-ID-V1+
;                                                        :MUTATION-SURFACE
;                                                        :ADMISSION-HOOK
;                                                        :SUCCESSOR-REF
;                                                        LSIP::SEMANTIC-REF
;                                                        :PROGRAM-REF
;                                                        LSIP::PROGRAM-REF
;                                                        :ACTIVATION-APPLICATION-REF
;                                                        ...))
;              (LSIP::PREPARED-RECONSTRUCTION
;               (LSIP:PREPARE-SYNTHESIS-RECONSTRUCTION-GRANT-THROUGH-V2-V1
;                LSIP::RECONSTRUCTION-INTENT #))
;              (LSIP::APPLICATION
;               (LSIP:REGISTER-SYNTHESIS-ACTIVATION-APPLICATION-V1
;                LSIP::ACCEPTED-PERMIT LSIP::PERMIT-OUTPUT LSIP::PERMIT-PLAN
;                LSIP::PLANNER-COMPONENT-REF))
;              (LSIP::CUTOVER
;               (LSIP:SYNTHESIS-AUTHORITY-CUTOVER-COMMAND-V1 :EVIDENCE-KIND
;                                                            :ACTIVATION-APPLICATION
;                                                            :MUTATION-SURFACE
;                                                            :ADMISSION-HOOK
;                                                            :EXPECTED-CURRENT-REF
;                                                            LSIP::EXPECTED-CURRENT
;                                                            :SUCCESSOR-REF
;                                                            LSIP::SEMANTIC-REF
;                                                            :EVIDENCE-REF #
;                                                            :CAPABILITY-REF
;                                                            ...)))
;         (UNLESS
;             (AND (EQUAL LSIP::APPLICATION LSIP::APPLICATION-PREVIEW)
;                  (EQUAL # LSIP::PLANNER-COMPONENT-REF))
;           (LSIP::RPB-FAIL :SYNTHESIS-ADMISSION-SH13-ACTIVATION-EVIDENCE-DRIFT))
;         (MULTIPLE-VALUE-BIND (LSIP::COMPILED LSIP::_LOWERING-RECEIPT)
;             (LSIP::SYNTHESIS-ADMISSION-SH13-COMPILE-PROGRAM-V1 LSIP::PROGRAM)
;           (DECLARE (IGNORE LSIP::_LOWERING-RECEIPT))
;           (LSIP:APPLY-SYNTHESIS-AUTHORITY-CUTOVER-V1 LSIP::CUTOVER :ADMISSION
;                                                      LSIP::COMPILED))
;         (MULTIPLE-VALUE-BIND
;             (LSIP::ACCEPTED-GRANT LSIP::GRANT-OUTPUT LSIP::_GRANT-OBLIGATION
;              LSIP::_GRANT-PLAN LSIP::GRANT)
;             (LSIP:RESOLVE-PREPARED-SYNTHESIS-RECONSTRUCTION-GRANT-V1
;              LSIP::PREPARED-RECONSTRUCTION)
;           (DECLARE (IGNORE LSIP::_GRANT-OBLIGATION LSIP::_GRANT-PLAN))
;           (VALUES LSIP::PROGRAM LSIP::ACCEPTED-GRANT LSIP::GRANT-OUTPUT
;                   LSIP::GRANT))))
; 
; caught STYLE-WARNING:
;   The variable PERMIT is assigned but never read.
WARNING:
   Lisp compilation had style-warnings while
   compiling #<CL-SOURCE-FILE "lsip" "lisp/synthesis_admission_self_host_v1">

; file: /home/user0/FIM/deps/goggles-shg-growth/lisp/synthesis_capability_selection_bootstrap_v1.lisp
; in: DEFUN GENERATE-SYNTHESIS-CAPABILITY-SELECTOR-SH6-SUCCESSOR-V1
;     (LSIP::SEMANTIC-PROGRAM-REF
;      (LSIP::REALIZATION-V1-DIGEST
;       (LIST :SYNTHESIS-CAPABILITY-SELECTOR-SH5-PROGRAM-V1 LSIP::PROGRAM)))
; 
; caught STYLE-WARNING:
;   The variable SEMANTIC-PROGRAM-REF is defined but never used.
WARNING:
   Lisp compilation had style-warnings while compiling
   #<CL-SOURCE-FILE "lsip" "lisp/synthesis_capability_selection_bootstrap_v1">

; file: /home/user0/FIM/deps/goggles-shg-growth/lisp/semantic_bundle_l7_dispatch_v1.lisp
; in: DEFSTRUCT SEMANTIC-BUNDLE-L7-DISPATCH-V1
;     (DEFSTRUCT
;         (LSIP:SEMANTIC-BUNDLE-L7-DISPATCH-V1
;          (:CONSTRUCTOR LSIP::%MAKE-SEMANTIC-BUNDLE-L7-DISPATCH-V1))
;       LSIP::SOURCE-BUNDLE-REF
;       LSIP::SOURCE-BUNDLE-IDENTITY
;       LSIP::TOPOLOGY-STATE
;       LSIP::DISPATCH-KIND
;       LSIP::EXACT-TOPOLOGY-FORM
;       LSIP::CONSTRUCTION-OBLIGATIONS
;       LSIP::HOLE-ROW-REFS
;       LSIP::DISPATCH-IDENTITY)
; --> EVAL-WHEN 
; ==>
;   (SB-KERNEL::%COMPILER-DEFSTRUCT
;    '#<SB-KERNEL:DEFSTRUCT-DESCRIPTION LSIP:SEMANTIC-BUNDLE-L7-DISPATCH-V1 {100759FC13}>
;    '#(#<SB-KERNEL:WRAPPER (ID=0) for T {50101003}>
;       #<SB-KERNEL:WRAPPER (ID=1) for STRUCTURE-OBJECT {50101073}>))
; 
; caught STYLE-WARNING:
;   Previously compiled call to
;   LSIP:SEMANTIC-BUNDLE-L7-DISPATCH-V1-CONSTRUCTION-OBLIGATIONS could not be
;   inlined because the structure definition for
;   LSIP:SEMANTIC-BUNDLE-L7-DISPATCH-V1 was not yet seen. To avoid this warning,
;   DEFSTRUCT should precede references to the affected functions, or they must be
;   declared locally notinline at each call site.
WARNING:
   Lisp compilation had style-warnings while
   compiling #<CL-SOURCE-FILE "lsip" "lisp/semantic_bundle_l7_dispatch_v1">

; file: /home/user0/FIM/deps/goggles-shg-growth/lisp/semantic_external_route_attachment_v1.lisp
; in: DEFUN SEMANTIC-PROOF-HOLE->EXTERNAL-ROUTE-REQUEST-V1
;     'LSIP:PROOF-HOLE-V1
; 
; note: can't open-code test of unknown type PROOF-HOLE-V1

; file: /home/user0/FIM/deps/goggles-shg-growth/lisp/l7_topology_synthesis_v1.lisp
; in: DEFSTRUCT L7-TOPOLOGY-SYNTHESIS-INPUT-V1
;     (DEFSTRUCT LSIP::L7-TOPOLOGY-SYNTHESIS-INPUT-V1
;       LSIP::FAMILIES
;       LSIP::EXTERNAL-INPUT-CONTRACT
;       LSIP::GOAL-OUTPUT-CONTRACT
;       LSIP::CONSTRAINTS
;       LSIP::SELECTION-POLICY
;       LSIP::SEARCH-BOUND)
; --> EVAL-WHEN 
; ==>
;   (SB-KERNEL::%COMPILER-DEFSTRUCT
;    '#<SB-KERNEL:DEFSTRUCT-DESCRIPTION LSIP::L7-TOPOLOGY-SYNTHESIS-INPUT-V1 {10038FE5B3}>
;    '#(#<SB-KERNEL:WRAPPER (ID=0) for T {50101003}>
;       #<SB-KERNEL:WRAPPER (ID=1) for STRUCTURE-OBJECT {50101073}>))
; 
; caught STYLE-WARNING:
;   Previously compiled calls to LSIP::L7-TOPOLOGY-SYNTHESIS-INPUT-V1-FAMILIES,
;   LSIP::L7-TOPOLOGY-SYNTHESIS-INPUT-V1-EXTERNAL-INPUT-CONTRACT,
;   LSIP::L7-TOPOLOGY-SYNTHESIS-INPUT-V1-GOAL-OUTPUT-CONTRACT,
;   LSIP::L7-TOPOLOGY-SYNTHESIS-INPUT-V1-CONSTRAINTS,
;   LSIP::L7-TOPOLOGY-SYNTHESIS-INPUT-V1-SELECTION-POLICY and
;   LSIP::L7-TOPOLOGY-SYNTHESIS-INPUT-V1-SEARCH-BOUND could not be inlined because
;   the structure definition for LSIP::L7-TOPOLOGY-SYNTHESIS-INPUT-V1 was not yet
;   seen. To avoid this warning, DEFSTRUCT should precede references to the
;   affected functions, or they must be declared locally notinline at each call
;   site.
WARNING:
   Lisp compilation had style-warnings while
   compiling #<CL-SOURCE-FILE "lsip" "lisp/l7_topology_synthesis_v1">

; file: /home/user0/FIM/deps/goggles-shg-growth/lisp/l7_recursive_network_synthesis_v1.lisp
; in: DEFUN L7-RECURSIVE-NETWORK-CANDIDATES-V1
;     (LSIP::ADMISSIBLE
;      (AND LSIP::COMPATIBLE LSIP::GOAL-OK
;           (EVERY (LAMBDA (LSIP::X) (GETF LSIP::X :SATISFIED-P))
;                  LSIP::CONSTRAINT-EVALUATIONS)))
; 
; caught STYLE-WARNING:
;   The variable ADMISSIBLE is defined but never used.
WARNING:
   Lisp compilation had style-warnings while
   compiling #<CL-SOURCE-FILE "lsip" "lisp/l7_recursive_network_synthesis_v1">

; file: /home/user0/FIM/deps/goggles-shg-growth/lisp/l7_shared_dag_synthesis_v1.lisp
; in: DEFUN L7-SHARED-DAG-CANDIDATE-V1
;     (LSIP::ADMISSIBLE
;      (EVERY (LAMBDA (LSIP::X) (GETF LSIP::X :SATISFIED-P)) LSIP::EVALUATIONS))
; 
; caught STYLE-WARNING:
;   The variable ADMISSIBLE is defined but never used.
WARNING:
   Lisp compilation had style-warnings while
   compiling #<CL-SOURCE-FILE "lsip" "lisp/l7_shared_dag_synthesis_v1">
WARNING: redefining LSIP::RECURSIVE-AFSM-DATA-TEXT-V1 in DEFUN
WARNING: redefining LSIP::RECURSIVE-AFSM-READ-DATA-V1 in DEFUN

; file: /home/user0/FIM/deps/goggles-shg-growth/lisp/egress_typed_afsm_family_v1.lisp
; in: DEFUN SYNTHESIZE-EGRESS-TYPED-AFSM-FAMILY-V1
;     (LSIP::_
;      (UNLESS LSIP::ROOT (ERROR "STACK_SYNTH_ROOT or :SOURCE-ROOT is required.")))
; 
; caught STYLE-WARNING:
;   The variable _ is defined but never used.
WARNING:
   Lisp compilation had style-warnings while
   compiling #<CL-SOURCE-FILE "lsip" "lisp/egress_typed_afsm_family_v1">

; file: /home/user0/FIM/deps/goggles-shg-growth/lisp/synthesis_layer_constitution_v1.lisp
; in: DEFUN VALIDATE-SYNTHESIS-CONSTITUTION-PREFLIGHT-V1
;     (DEFUN LSIP:VALIDATE-SYNTHESIS-CONSTITUTION-PREFLIGHT-V1
;            (LSIP::LAYER LSIP::CAPABILITY LSIP::RUNG LSIP::DECISION
;             LSIP::SOURCE-PRODUCT-REF
;             &KEY (LSIP::OPEN-DECISIONS NIL) (LSIP::CLOSED-DECISIONS NIL))
;       (LET ((LSIP::CAP-ID
;              (LSIP:SYNTHESIS-CAPABILITY-CONSTITUTION-V1-CAPABILITY-ID
;               LSIP::CAPABILITY)))
;         (UNLESS
;             (EQUAL
;              (LSIP:SYNTHESIS-CAPABILITY-CONSTITUTION-V1-LAYER-ID
;               LSIP::CAPABILITY)
;              (LSIP:SYNTHESIS-LAYER-CONSTITUTION-V1-LAYER-ID LSIP::LAYER))
;           (ERROR 'LSIP:SYNTHESIS-CONSTITUTION-VIOLATION :REASON
;                  :WRONG-LAYER-CAPABILITY :CONTEXT LSIP::CAP-ID))
;         (UNLESS
;             (MEMBER LSIP::CAP-ID
;                     (LSIP:SYNTHESIS-LAYER-CONSTITUTION-V1-PERMITTED-CAPABILITY-REFS
;                      LSIP::LAYER)
;                     :TEST #'EQUAL)
;           (ERROR 'LSIP:SYNTHESIS-CONSTITUTION-VIOLATION :REASON
;                  :UNAUTHORIZED-CAPABILITY :CONTEXT LSIP::CAP-ID))
;         (UNLESS
;             (EQUAL
;              (LSIP:SYNTHESIS-CAPABILITY-CONSTITUTION-V1-RUNG-ID LSIP::CAPABILITY)
;              (LSIP:SYNTHESIS-RUNG-CONSTITUTION-V1-RUNG-ID LSIP::RUNG))
;           (ERROR 'LSIP:SYNTHESIS-CONSTITUTION-VIOLATION :REASON :RUNG-MISMATCH
;                  :CONTEXT (LIST LSIP::CAP-ID LSIP::RUNG)))
;         (UNLESS
;             (EQUAL
;              (LSIP:SYNTHESIS-RUNG-CONSTITUTION-V1-REQUIRED-CAPABILITY-REF
;               LSIP::RUNG)
;              LSIP::CAP-ID)
;           (ERROR 'LSIP:SYNTHESIS-CONSTITUTION-VIOLATION :REASON
;                  :WRONG-RUNG-CAPABILITY :CONTEXT LSIP::CAP-ID))
;         (UNLESS
;             (MEMBER
;              (LSIP:SYNTHESIS-CAPABILITY-CONSTITUTION-V1-CLOSES-DECISION-CLASS
;               LSIP::CAPABILITY)
;              (LSIP:SYNTHESIS-LAYER-CONSTITUTION-V1-AUTHORIZED-DECISION-CLASSES
;               LSIP::LAYER)
;              :TEST #'EQUAL)
;           (ERROR 'LSIP:SYNTHESIS-CONSTITUTION-VIOLATION :REASON
;                  :ILLEGAL-DECISION-CLASS :CONTEXT LSIP::CAP-ID))
;         (UNLESS
;             (MEMBER
;              (LSIP:SYNTHESIS-CAPABILITY-CONSTITUTION-V1-CLOSES-DECISION-CLASS
;               LSIP::CAPABILITY)
;              LSIP::OPEN-DECISIONS :TEST #'EQUAL)
;           (ERROR 'LSIP:SYNTHESIS-CONSTITUTION-VIOLATION :REASON
;                  :DECISION-NOT-OPEN :CONTEXT LSIP::SOURCE-PRODUCT-REF))
;         (WHEN
;             (INTERSECTION
;              (LSIP:SYNTHESIS-CAPABILITY-CONSTITUTION-V1-REQUIRED-OPEN-DECISIONS
;               LSIP::CAPABILITY)
;              LSIP::CLOSED-DECISIONS :TEST #'EQUAL)
;           (ERROR 'LSIP:SYNTHESIS-CONSTITUTION-VIOLATION :REASON
;                  :REQUIRED-DECISION-ALREADY-CLOSED :CONTEXT LSIP::CAP-ID))
;         T))
; --> SB-IMPL::%DEFUN SB-IMPL::%DEFUN SB-INT:NAMED-LAMBDA 
; ==>
;   #'(SB-INT:NAMED-LAMBDA LSIP:VALIDATE-SYNTHESIS-CONSTITUTION-PREFLIGHT-V1
;         (LSIP::LAYER LSIP::CAPABILITY LSIP::RUNG LSIP::DECISION
;          LSIP::SOURCE-PRODUCT-REF &KEY (LSIP::OPEN-DECISIONS NIL)
;          (LSIP::CLOSED-DECISIONS NIL))
;       (BLOCK LSIP:VALIDATE-SYNTHESIS-CONSTITUTION-PREFLIGHT-V1
;         (LET ((LSIP::CAP-ID #))
;           (UNLESS (EQUAL # #)
;             (ERROR 'LSIP:SYNTHESIS-CONSTITUTION-VIOLATION :REASON
;                    :WRONG-LAYER-CAPABILITY :CONTEXT LSIP::CAP-ID))
;           (UNLESS (MEMBER LSIP::CAP-ID # :TEST #'EQUAL)
;             (ERROR 'LSIP:SYNTHESIS-CONSTITUTION-VIOLATION :REASON
;                    :UNAUTHORIZED-CAPABILITY :CONTEXT LSIP::CAP-ID))
;           (UNLESS (EQUAL # #)
;             (ERROR 'LSIP:SYNTHESIS-CONSTITUTION-VIOLATION :REASON
;                    :RUNG-MISMATCH :CONTEXT #))
;           (UNLESS (EQUAL # LSIP::CAP-ID)
;             (ERROR 'LSIP:SYNTHESIS-CONSTITUTION-VIOLATION :REASON
;                    :WRONG-RUNG-CAPABILITY :CONTEXT LSIP::CAP-ID))
;           (UNLESS (MEMBER # # :TEST #'EQUAL)
;             (ERROR 'LSIP:SYNTHESIS-CONSTITUTION-VIOLATION :REASON
;                    :ILLEGAL-DECISION-CLASS :CONTEXT LSIP::CAP-ID))
;           (UNLESS (MEMBER # LSIP::OPEN-DECISIONS :TEST #'EQUAL)
;             (ERROR 'LSIP:SYNTHESIS-CONSTITUTION-VIOLATION :REASON
;                    :DECISION-NOT-OPEN :CONTEXT LSIP::SOURCE-PRODUCT-REF))
;           (WHEN (INTERSECTION # LSIP::CLOSED-DECISIONS :TEST #'EQUAL)
;             (ERROR 'LSIP:SYNTHESIS-CONSTITUTION-VIOLATION :REASON
;                    :REQUIRED-DECISION-ALREADY-CLOSED :CONTEXT LSIP::CAP-ID))
;           T)))
; 
; caught STYLE-WARNING:
;   The variable DECISION is defined but never used.
WARNING:
   Lisp compilation had style-warnings while
   compiling #<CL-SOURCE-FILE "lsip" "lisp/synthesis_layer_constitution_v1">

; file: /home/user0/FIM/deps/goggles-shg-growth/lisp/search_state_slices_v1.lisp
; in: DEFSTRUCT SEARCH-CATALOG-SLICE-V1
;     (DEFSTRUCT LSIP:SEARCH-CATALOG-SLICE-V1
;       LSIP::ID
;       LSIP::MACHINE-REF
;       LSIP::OPERATOR-CLASS-IDS
;       LSIP::ADMISSIBLE-OPERATOR-CLASS-IDS
;       LSIP::META)
; --> EVAL-WHEN 
; ==>
;   (SB-KERNEL::%COMPILER-DEFSTRUCT
;    '#<SB-KERNEL:DEFSTRUCT-DESCRIPTION LSIP:SEARCH-CATALOG-SLICE-V1 {10081179E3}>
;    '#(#<SB-KERNEL:WRAPPER (ID=0) for T {50101003}>
;       #<SB-KERNEL:WRAPPER (ID=1) for STRUCTURE-OBJECT {50101073}>))
; 
; caught STYLE-WARNING:
;   Previously compiled calls to LSIP:SEARCH-CATALOG-SLICE-V1-ID,
;   LSIP:SEARCH-CATALOG-SLICE-V1-OPERATOR-CLASS-IDS and
;   LSIP:SEARCH-CATALOG-SLICE-V1-ADMISSIBLE-OPERATOR-CLASS-IDS could not be inlined
;   because the structure definition for LSIP:SEARCH-CATALOG-SLICE-V1 was not yet
;   seen. To avoid this warning, DEFSTRUCT should precede references to the
;   affected functions, or they must be declared locally notinline at each call
;   site.

; in: DEFSTRUCT SEARCH-ARCHIVE-SLICE-V1
;     (DEFSTRUCT LSIP:SEARCH-ARCHIVE-SLICE-V1
;       LSIP::ID
;       LSIP::MACHINE-REF
;       LSIP::BAND
;       LSIP::CANONICALIZER-ID
;       LSIP::ARCHIVE-IDENTITY-KIND
;       LSIP::QUOTIENT-WITNESS-KIND
;       LSIP::POPULATION-DEDUPE-KEY
;       LSIP::META)
; --> EVAL-WHEN 
; ==>
;   (SB-KERNEL::%COMPILER-DEFSTRUCT
;    '#<SB-KERNEL:DEFSTRUCT-DESCRIPTION LSIP:SEARCH-ARCHIVE-SLICE-V1 {100892F5D3}>
;    '#(#<SB-KERNEL:WRAPPER (ID=0) for T {50101003}>
;       #<SB-KERNEL:WRAPPER (ID=1) for STRUCTURE-OBJECT {50101073}>))
; 
; caught STYLE-WARNING:
;   Previously compiled call to LSIP:SEARCH-ARCHIVE-SLICE-V1-ID could not be
;   inlined because the structure definition for LSIP:SEARCH-ARCHIVE-SLICE-V1 was
;   not yet seen. To avoid this warning, DEFSTRUCT should precede references to the
;   affected functions, or they must be declared locally notinline at each call
;   site.

; in: DEFUN REALIZE-SEARCH-CATALOG-SLICE-V1
;     (LSIP::_SUBSET
;      (UNLESS
;          (SUBSETP LSIP::ADMISSIBLE-OPERATOR-CLASS-IDS LSIP::OPERATOR-CLASS-IDS
;                   :TEST #'EQUAL)
;        (ERROR "Admissible operator classes must be a subset of the catalog.")))
; 
; caught STYLE-WARNING:
;   The variable _SUBSET is defined but never used.

; in: DEFUN REALIZE-SEARCH-POLICY-SLICE-V1
;     (LSIP::_SELECTION-POLICY-VALID
;      (UNLESS
;          (LSIP:SEARCH-SELECTION-POLICY-V1-VALID-P LSIP::SELECTION-POLICY
;                                                   LSIP:*MACHINE-STATE*)
;        (ERROR "Search policy slice selection policy ~A does not replay."
;               LSIP::SELECTION-POLICY-ID)))
; 
; caught STYLE-WARNING:
;   The variable _SELECTION-POLICY-VALID is defined but never used.
WARNING:
   Lisp compilation had style-warnings while
   compiling #<CL-SOURCE-FILE "lsip" "lisp/search_state_slices_v1">

; file: /home/user0/FIM/deps/goggles-shg-growth/lisp/search_state.lisp
; in: DEFSTRUCT SEARCH-STATE
;     (DEFSTRUCT LSIP:SEARCH-STATE
;       LSIP::ID
;       LSIP::MACHINE-REF
;       LSIP:GRAPH-SNAPSHOT-ID
;       LSIP::CATALOG-SLICE-ID
;       LSIP::POLICY-SLICE-ID
;       LSIP::ARCHIVE-SLICE-ID
;       LSIP::BUDGET-SLICE-ID
;       LSIP::PARENT-STATE-IDS
;       LSIP::SOURCE-CARRIER-IDS
;       LSIP::COMPILER-CARRIER-IDS
;       ...)
; --> EVAL-WHEN 
; ==>
;   (SB-KERNEL::%COMPILER-DEFSTRUCT
;    '#<SB-KERNEL:DEFSTRUCT-DESCRIPTION LSIP:SEARCH-STATE {100ADF2BC3}>
;    '#(#<SB-KERNEL:WRAPPER (ID=0) for T {50101003}>
;       #<SB-KERNEL:WRAPPER (ID=1) for STRUCTURE-OBJECT {50101073}>))
; 
; caught STYLE-WARNING:
;   Previously compiled calls to LSIP:SEARCH-STATE-ID,
;   LSIP:SEARCH-STATE-CATALOG-SLICE-ID, LSIP:SEARCH-STATE-POLICY-SLICE-ID,
;   LSIP:SEARCH-STATE-ARCHIVE-SLICE-ID, LSIP:SEARCH-STATE-BUDGET-SLICE-ID,
;   LSIP:SEARCH-STATE-PARENT-STATE-IDS, LSIP:SEARCH-STATE-SOURCE-CARRIER-IDS,
;   LSIP:SEARCH-STATE-COMPILER-CARRIER-IDS, LSIP:SEARCH-STATE-AFSM-CARRIER-IDS,
;   LSIP:SEARCH-STATE-PLACEMENT-BUNDLE-ID, LSIP:SEARCH-STATE-ADMISSION-BUNDLE-ID,
;   LSIP:SEARCH-STATE-FORMAL-OBLIGATION-IDS, LSIP:SEARCH-STATE-FORMAL-RUN-IDS,
;   LSIP:SEARCH-STATE-FORMAL-EVIDENCE-IDS, LSIP:SEARCH-STATE-FRONTIER-STATUS and
;   LSIP:SEARCH-STATE-DIGEST could not be inlined because the structure definition
;   for LSIP:SEARCH-STATE was not yet seen. To avoid this warning, DEFSTRUCT should
;   precede references to the affected functions, or they must be declared locally
;   notinline at each call site.

; in: DEFSTRUCT OPERATOR-CLASS
;     (DEFSTRUCT LSIP:OPERATOR-CLASS
;       LSIP::ID
;       LSIP::MACHINE-REF
;       LSIP::CLASS-KIND
;       LSIP::SUBJECT-KINDS
;       LSIP::ARITY
;       LSIP::LOCALITY-BAND
;       LSIP::ZONE-PERMISSION-POLICY-ID
;       LSIP::DOMAIN-SCHEMA-ID
;       LSIP::PARAMETER-GENERATOR-REF
;       LSIP::EXECUTION-ATTACHMENT-REF
;       ...)
; --> EVAL-WHEN 
; ==>
;   (SB-KERNEL::%COMPILER-DEFSTRUCT
;    '#<SB-KERNEL:DEFSTRUCT-DESCRIPTION LSIP:OPERATOR-CLASS {100C6D1573}>
;    '#(#<SB-KERNEL:WRAPPER (ID=0) for T {50101003}>
;       #<SB-KERNEL:WRAPPER (ID=1) for STRUCTURE-OBJECT {50101073}>))
; 
; caught STYLE-WARNING:
;   Previously compiled calls to LSIP:OPERATOR-CLASS-ID,
;   LSIP:OPERATOR-CLASS-CLASS-KIND, LSIP:OPERATOR-CLASS-ARITY,
;   LSIP:OPERATOR-CLASS-DOMAIN-SCHEMA-ID and LSIP:OPERATOR-CLASS-META could not be
;   inlined because the structure definition for LSIP:OPERATOR-CLASS was not yet
;   seen. To avoid this warning, DEFSTRUCT should precede references to the
;   affected functions, or they must be declared locally notinline at each call
;   site.

; in: DEFSTRUCT OPERATOR-INSTANCE
;     (DEFSTRUCT LSIP:OPERATOR-INSTANCE
;       LSIP::ID
;       LSIP::MACHINE-REF
;       LSIP::CLASS-ID
;       LSIP::SUBJECT-CARRIER-IDS
;       LSIP::FOOTPRINT-REGION-ID
;       LSIP:CONTEXT-BINDING-ID
;       LSIP::PARAMETER-ROW
;       LSIP::META)
; --> EVAL-WHEN 
; ==>
;   (SB-KERNEL::%COMPILER-DEFSTRUCT
;    '#<SB-KERNEL:DEFSTRUCT-DESCRIPTION LSIP:OPERATOR-INSTANCE {10087D75E3}>
;    '#(#<SB-KERNEL:WRAPPER (ID=0) for T {50101003}>
;       #<SB-KERNEL:WRAPPER (ID=1) for STRUCTURE-OBJECT {50101073}>))
; 
; caught STYLE-WARNING:
;   Previously compiled calls to LSIP:OPERATOR-INSTANCE-ID,
;   LSIP:OPERATOR-INSTANCE-CLASS-ID, LSIP:OPERATOR-INSTANCE-SUBJECT-CARRIER-IDS and
;   LSIP:OPERATOR-INSTANCE-PARAMETER-ROW could not be inlined because the structure
;   definition for LSIP:OPERATOR-INSTANCE was not yet seen. To avoid this warning,
;   DEFSTRUCT should precede references to the affected functions, or they must be
;   declared locally notinline at each call site.

; in: DEFSTRUCT LEGAL-TRANSITION
;     (DEFSTRUCT LSIP:LEGAL-TRANSITION
;       LSIP::ID
;       LSIP::MACHINE-REF
;       LSIP::SOURCE-STATE-ID
;       LSIP:OPERATOR-INSTANCE-ID
;       LSIP::FOOTPRINT-REGION-ID
;       LSIP:CONTEXT-BINDING-ID
;       LSIP::PARENT-TUPLE-ID
;       LSIP::ADMISSIBLE-P
;       LSIP::LEGALITY-ROW
;       LSIP::BLOCKED-LAW-IDS
;       ...)
; --> EVAL-WHEN 
; ==>
;   (SB-KERNEL::%COMPILER-DEFSTRUCT
;    '#<SB-KERNEL:DEFSTRUCT-DESCRIPTION LSIP:LEGAL-TRANSITION {1008D062D3}>
;    '#(#<SB-KERNEL:WRAPPER (ID=0) for T {50101003}>
;       #<SB-KERNEL:WRAPPER (ID=1) for STRUCTURE-OBJECT {50101073}>))
; 
; caught STYLE-WARNING:
;   Previously compiled calls to LSIP:LEGAL-TRANSITION-ID and
;   LSIP:LEGAL-TRANSITION-PARENT-TUPLE-ID could not be inlined because the
;   structure definition for LSIP:LEGAL-TRANSITION was not yet seen. To avoid this
;   warning, DEFSTRUCT should precede references to the affected functions, or they
;   must be declared locally notinline at each call site.

; in: DEFSTRUCT OFFSPRING-DERIVATION
;     (DEFSTRUCT LSIP:OFFSPRING-DERIVATION
;       LSIP::ID
;       LSIP::MACHINE-REF
;       LSIP::SOURCE-STATE-ID
;       LSIP:OPERATOR-INSTANCE-ID
;       LSIP:LEGAL-TRANSITION-ID
;       LSIP::PARENT-TUPLE-ID
;       LSIP::LOCAL-DELTA-ID
;       LSIP::PRODUCED-STATE-ID
;       LSIP::REPLAY-ROW
;       LSIP::LINEAGE-EDGE-IDS
;       ...)
; --> EVAL-WHEN 
; ==>
;   (SB-KERNEL::%COMPILER-DEFSTRUCT
;    '#<SB-KERNEL:DEFSTRUCT-DESCRIPTION LSIP:OFFSPRING-DERIVATION {1009366B03}>
;    '#(#<SB-KERNEL:WRAPPER (ID=0) for T {50101003}>
;       #<SB-KERNEL:WRAPPER (ID=1) for STRUCTURE-OBJECT {50101073}>))
; 
; caught STYLE-WARNING:
;   Previously compiled call to LSIP:OFFSPRING-DERIVATION-ID could not be inlined
;   because the structure definition for LSIP:OFFSPRING-DERIVATION was not yet
;   seen. To avoid this warning, DEFSTRUCT should precede references to the
;   affected functions, or they must be declared locally notinline at each call
;   site.

; in: DEFUN REALIZE-OPERATOR-CLASS
;     (LSIP::_ARITY
;      (UNLESS (AND (INTEGERP LSIP::ARITY) (PLUSP LSIP::ARITY))
;        (ERROR "Operator class arity must be a positive integer, got ~S."
;               LSIP::ARITY)))
; 
; caught STYLE-WARNING:
;   The variable _ARITY is defined but never used.

; in: DEFUN PROJECT-OFFSPRING-DERIVATION-TO-FORMAL-OBLIGATION-IDS
;     'NIL
; 
; note: deleting unreachable code
WARNING:
   Lisp compilation had style-warnings while
   compiling #<CL-SOURCE-FILE "lsip" "lisp/search_state">

; file: /home/user0/FIM/deps/goggles-shg-growth/lisp/search_transition_identity_v1.lisp
; in: DEFSTRUCT SEARCH-ZONE-PERMISSION-POLICY-V1
;     (DEFSTRUCT LSIP:SEARCH-ZONE-PERMISSION-POLICY-V1
;       LSIP::ID
;       LSIP::MACHINE-REF
;       LSIP::ALLOWED-ZONE-ROW
;       LSIP::DENIED-ZONE-ROW
;       LSIP::POLICY-KIND
;       LSIP::META)
; --> EVAL-WHEN 
; ==>
;   (SB-KERNEL::%COMPILER-DEFSTRUCT
;    '#<SB-KERNEL:DEFSTRUCT-DESCRIPTION LSIP:SEARCH-ZONE-PERMISSION-POLICY-V1 {100ED8B3C3}>
;    '#(#<SB-KERNEL:WRAPPER (ID=0) for T {50101003}>
;       #<SB-KERNEL:WRAPPER (ID=1) for STRUCTURE-OBJECT {50101073}>))
; 
; caught STYLE-WARNING:
;   Previously compiled call to LSIP:SEARCH-ZONE-PERMISSION-POLICY-V1-ID could not
;   be inlined because the structure definition for
;   LSIP:SEARCH-ZONE-PERMISSION-POLICY-V1 was not yet seen. To avoid this warning,
;   DEFSTRUCT should precede references to the affected functions, or they must be
;   declared locally notinline at each call site.

; in: DEFSTRUCT SEARCH-PARENT-TUPLE-V1
;     (DEFSTRUCT LSIP:SEARCH-PARENT-TUPLE-V1
;       LSIP::ID
;       LSIP::MACHINE-REF
;       LSIP::PARENT-STATE-IDS
;       LSIP::ARITY
;       LSIP::COMPATIBILITY-ROW
;       LSIP::META)
; --> EVAL-WHEN 
; ==>
;   (SB-KERNEL::%COMPILER-DEFSTRUCT
;    '#<SB-KERNEL:DEFSTRUCT-DESCRIPTION LSIP:SEARCH-PARENT-TUPLE-V1 {1009804403}>
;    '#(#<SB-KERNEL:WRAPPER (ID=0) for T {50101003}>
;       #<SB-KERNEL:WRAPPER (ID=1) for STRUCTURE-OBJECT {50101073}>))
; 
; caught STYLE-WARNING:
;   Previously compiled calls to LSIP:SEARCH-PARENT-TUPLE-V1-ID,
;   LSIP:SEARCH-PARENT-TUPLE-V1-PARENT-STATE-IDS and
;   LSIP:SEARCH-PARENT-TUPLE-V1-ARITY could not be inlined because the structure
;   definition for LSIP:SEARCH-PARENT-TUPLE-V1 was not yet seen. To avoid this
;   warning, DEFSTRUCT should precede references to the affected functions, or they
;   must be declared locally notinline at each call site.

; in: DEFSTRUCT SEARCH-LOCAL-DELTA-V1
;     (DEFSTRUCT LSIP:SEARCH-LOCAL-DELTA-V1
;       LSIP::ID
;       LSIP::MACHINE-REF
;       LSIP::SOURCE-STATE-ID
;       LSIP::PRODUCED-STATE-ID
;       LSIP::FACTOR
;       LSIP::REMOVED-CARRIER-IDS
;       LSIP::ADDED-CARRIER-IDS
;       LSIP::DELTA-KIND
;       LSIP::META)
; --> EVAL-WHEN 
; ==>
;   (SB-KERNEL::%COMPILER-DEFSTRUCT
;    '#<SB-KERNEL:DEFSTRUCT-DESCRIPTION LSIP:SEARCH-LOCAL-DELTA-V1 {100ADC9CE3}>
;    '#(#<SB-KERNEL:WRAPPER (ID=0) for T {50101003}>
;       #<SB-KERNEL:WRAPPER (ID=1) for STRUCTURE-OBJECT {50101073}>))
; 
; caught STYLE-WARNING:
;   Previously compiled call to LSIP:SEARCH-LOCAL-DELTA-V1-ID could not be inlined
;   because the structure definition for LSIP:SEARCH-LOCAL-DELTA-V1 was not yet
;   seen. To avoid this warning, DEFSTRUCT should precede references to the
;   affected functions, or they must be declared locally notinline at each call
;   site.

; in: DEFUN REALIZE-SEARCH-ZONE-PERMISSION-POLICY-V1
;     (LSIP::_
;      (WHEN (INTERSECTION LSIP::ALLOWED LSIP::DENIED :TEST #'EQ)
;        (ERROR "Zone policy has overlapping allow/deny rows: ~S / ~S."
;               LSIP::ALLOWED LSIP::DENIED)))
; 
; caught STYLE-WARNING:
;   The variable _ is defined but never used.

; in: DEFUN REALIZE-SEARCH-PARENT-TUPLE-V1
;     (LSIP::_
;      (UNLESS LSIP::STATES
;        (ERROR "Search parent tuple requires at least one parent.")))
; 
; caught STYLE-WARNING:
;   The variable _ is defined but never used.

;     (LSIP::_UNIQUE
;      (UNLESS
;          (= (LENGTH LSIP::IDS)
;             (LENGTH (REMOVE-DUPLICATES LSIP::IDS :TEST #'EQUAL)))
;        (ERROR "Search parent tuple contains duplicate states: ~S." LSIP::IDS)))
; 
; caught STYLE-WARNING:
;   The variable _UNIQUE is defined but never used.
WARNING:
   Lisp compilation had style-warnings while
   compiling #<CL-SOURCE-FILE "lsip" "lisp/search_transition_identity_v1">

; file: /home/user0/FIM/deps/goggles-shg-growth/lisp/factory_graph_query_search_bridge_v1.lisp
; in: DEFSTRUCT SEARCH-SYNTHESIS-PROBLEM-V1
;     (DEFSTRUCT LSIP:SEARCH-SYNTHESIS-PROBLEM-V1
;       LSIP::ID
;       LSIP::MACHINE-REF
;       LSIP:SEARCH-STATE-ID
;       LSIP::GRAPH-CUT-REF
;       LSIP::GRAPH-QUERY-BINDING-IDS
;       LSIP::QUERY-CONTEXT-REFS
;       LSIP::QUERY-RECEIPT-REFS
;       LSIP::SELECTED-CAPABILITY-REFS
;       LSIP::PROBLEM-ROW
;       LSIP::DIGEST
;       ...)
; --> EVAL-WHEN 
; ==>
;   (SB-KERNEL::%COMPILER-DEFSTRUCT
;    '#<SB-KERNEL:DEFSTRUCT-DESCRIPTION LSIP:SEARCH-SYNTHESIS-PROBLEM-V1 {100700DD63}>
;    '#(#<SB-KERNEL:WRAPPER (ID=0) for T {50101003}>
;       #<SB-KERNEL:WRAPPER (ID=1) for STRUCTURE-OBJECT {50101073}>))
; 
; caught STYLE-WARNING:
;   Previously compiled call to LSIP:SEARCH-SYNTHESIS-PROBLEM-V1-PROBLEM-ROW could
;   not be inlined because the structure definition for
;   LSIP:SEARCH-SYNTHESIS-PROBLEM-V1 was not yet seen. To avoid this warning,
;   DEFSTRUCT should precede references to the affected functions, or they must be
;   declared locally notinline at each call site.
WARNING:
   Lisp compilation had style-warnings while
   compiling #<CL-SOURCE-FILE "lsip" "lisp/factory_graph_query_search_bridge_v1">

; file: /home/user0/FIM/deps/goggles-shg-growth/lisp/search_legality.lisp
; in: DEFUN REALIZE-SEARCH-OPERATOR-FOOTPRINT
;     (LSIP::_SOURCE-FIRST
;      (UNLESS
;          (EQUAL (LSIP:SEARCH-STATE-ID LSIP::STATE*)
;                 (LSIP:SEARCH-STATE-ID (FIRST LSIP::PARENT-STATES)))
;        (ERROR "Operator footprint source state ~A must be first parent, got ~S."
;               (LSIP:SEARCH-STATE-ID LSIP::STATE*)
;               (MAPCAR #'LSIP:SEARCH-STATE-ID LSIP::PARENT-STATES))))
; 
; caught STYLE-WARNING:
;   The variable _SOURCE-FIRST is defined but never used.

; in: DEFUN %SEARCH-PINNED-OPERATOR-INSTANCE-PROVENANCE-ROW
;     'NIL
; 
; note: deleting unreachable code

; in: DEFUN COMPUTE-LEGAL-TRANSITION-JUDGMENT
;     (LSIP::_PARENT-RESOLUTION
;      (MULTIPLE-VALUE-SETQ (LSIP::PARENT-STATES LSIP::PARENT-ARITY-MATCHES-P)
;        (LSIP::%SEARCH-OPERATOR-PARENT-STATES-V1 LSIP::STATE* LSIP::INSTANCE*
;         LSIP::CLASS* LSIP:*MACHINE-STATE*)))
; 
; caught STYLE-WARNING:
;   The variable _PARENT-RESOLUTION is defined but never used.
WARNING:
   Lisp compilation had style-warnings while
   compiling #<CL-SOURCE-FILE "lsip" "lisp/search_legality">

; file: /home/user0/FIM/deps/goggles-shg-growth/lisp/search_evidence.lisp
; in: DEFSTRUCT ADMISSION-LAW
;     (DEFSTRUCT LSIP:ADMISSION-LAW
;       LSIP::ID
;       LSIP::MACHINE-REF
;       LSIP::SUBJECT-KIND
;       LSIP::REQUIRED-OBLIGATION-CLASS-IDS
;       LSIP::REQUIRED-EVIDENCE-KINDS
;       LSIP::FRESHNESS-RULES
;       LSIP::QUARANTINE-RULES
;       LSIP::PROMOTION-RULES
;       LSIP::ZONE-RULES
;       LSIP::DELTA-RULES
;       ...)
; --> EVAL-WHEN 
; ==>
;   (SB-KERNEL::%COMPILER-DEFSTRUCT
;    '#<SB-KERNEL:DEFSTRUCT-DESCRIPTION LSIP:ADMISSION-LAW {100710AF83}>
;    '#(#<SB-KERNEL:WRAPPER (ID=0) for T {50101003}>
;       #<SB-KERNEL:WRAPPER (ID=1) for STRUCTURE-OBJECT {50101073}>))
; 
; caught STYLE-WARNING:
;   Previously compiled calls to LSIP:ADMISSION-LAW-ID and
;   LSIP:ADMISSION-LAW-MINIMUM-KERNEL-ID could not be inlined because the structure
;   definition for LSIP:ADMISSION-LAW was not yet seen. To avoid this warning,
;   DEFSTRUCT should precede references to the affected functions, or they must be
;   declared locally notinline at each call site.

; in: DEFUN REALIZE-SEMANTIC-ALGEBRA-EXTENSION-REALIZATION-DISCHARGE-V1
;     'NIL
; 
; note: deleting unreachable code

; in: DEFUN SEMANTIC-ALGEBRA-REALIZATION-CLOSURE-V1-SNAPSHOT
;     (DEFUN LSIP:SEMANTIC-ALGEBRA-REALIZATION-CLOSURE-V1-SNAPSHOT
;            (LSIP::CLOSURE LSIP::ACCEPTED-PRODUCT
;             &OPTIONAL (LSIP::MACHINE LSIP:*MACHINE-STATE*)
;             &KEY LSIP::V2-OBLIGATION LSIP::V2-PLAN)
;       #<(SIMPLE-ARRAY CHARACTER
;          (381)) Retain the authority and comparison evidence for fresh closure reconstruction.
;   
;   When V2-OBLIGATION and V2-PLAN are supplied, the snapshot retains enough
;   identity-bearing data for C36 to derive the req... {10100A25AF}>
;       (LSIP:WITH-MACHINE-STATE (LSIP::MACHINE)
;         (LET* ((LSIP::CLOSURE* #)
;                (LSIP::DISCHARGE #)
;                (LSIP::EVIDENCE #)
;                (LSIP::RUN #)
;                (LSIP::OBLIGATION #)
;                (LSIP::_V2-PAIR #)
;                (LSIP::V2-OBLIGATION-FORM #)
;                (LSIP::V2-ROOT-NODE #)
;                (LSIP::V2-REQUEST-PRODUCT #)
;                (LSIP::V2-REQUEST-FORM #)
;                (LSIP::ACCEPTED-RESULT-FORM #)
;                (LSIP::V2-ADMISSION #))
;           (DECLARE (IGNORE LSIP::_V2-PAIR))
;           (LIST :SCHEMA :SEMANTIC-ALGEBRA-REALIZATION-CLOSURE-SNAPSHOT-V1
;                 :VERSION 1 :CLOSURE
;                 (LIST :ID # :DISCHARGE-ID # :ACCEPTED-PRODUCT-REF # :PRODUCT-REF
;                       # :PLAN-REF # :WITNESS-REF ...)
;                 :DISCHARGE
;                 (LIST :ID # :FORMAL-EVIDENCE-ID # :FORMAL-OBLIGATION-ID #
;                       :ACCEPTED-PRODUCT-REF # :PRODUCT-REF # :PLAN-REF ...)
;                 :FORMAL-OBLIGATION
;                 (LIST :ID # :SOURCE-NODE-KIND # :SOURCE-CARRIER-ID #
;                       :OBLIGATION-KIND # :BACKEND # :OPERATION-ID ...)
;                 :FORMAL-RUN ...))))
; --> SB-IMPL::%DEFUN SB-IMPL::%DEFUN SB-INT:NAMED-LAMBDA 
; ==>
;   #'(SB-INT:NAMED-LAMBDA LSIP:SEMANTIC-ALGEBRA-REALIZATION-CLOSURE-V1-SNAPSHOT
;         (LSIP::CLOSURE LSIP::ACCEPTED-PRODUCT &OPTIONAL
;          (LSIP::MACHINE LSIP:*MACHINE-STATE*) &KEY LSIP::V2-OBLIGATION
;          LSIP::V2-PLAN)
;       #<(SIMPLE-ARRAY CHARACTER
;          (381)) Retain the authority and comparison evidence for fresh closure reconstruction.
; 
; When V2-OBLIGATION and V2-PLAN are supplied, the snapshot retains enough
; identity-bearing data for C36 to derive the req... {10100A25AF}>
;       (BLOCK LSIP:SEMANTIC-ALGEBRA-REALIZATION-CLOSURE-V1-SNAPSHOT
;         (LSIP:WITH-MACHINE-STATE (LSIP::MACHINE)
;           (LET* (# # # # # # # # # # # #)
;             (DECLARE #)
;             (LIST :SCHEMA :SEMANTIC-ALGEBRA-REALIZATION-CLOSURE-SNAPSHOT-V1
;                   :VERSION 1 :CLOSURE # :DISCHARGE # :FORMAL-OBLIGATION #
;                   :FORMAL-RUN ...)))))
; 
; caught STYLE-WARNING:
;   &OPTIONAL and &KEY found in the same lambda list: (CLOSURE ACCEPTED-PRODUCT
;                                                      &OPTIONAL
;                                                      (MACHINE *MACHINE-STATE*)
;                                                      &KEY V2-OBLIGATION V2-PLAN)

; in: DEFUN %SEARCH-PINNED-EVIDENCE-PROVENANCE-FROM-DERIVATION-V1
;     'NIL
; 
; note: deleting unreachable code
; 
; note: deleting unreachable code
; 
; note: deleting unreachable code

; in: DEFUN %SEARCH-STATE-RECORD-PINNED-EVIDENCE-RECEIPT-V1
;     'NIL
; 
; note: deleting unreachable code

; in: DEFUN %SEARCH-DERIVATION-STATE-DELTA-V1
;     (LSIP::_VALID
;      (UNLESS
;          (LSIP:SEARCH-LOCAL-DELTA-V1-VALID-P LSIP::LOCAL-DELTA
;                                              LSIP:*MACHINE-STATE*)
;        (ERROR "Derivation ~A local delta ~A does not replay."
;               (LSIP:OFFSPRING-DERIVATION-ID LSIP::DERIVATION*)
;               (LSIP:SEARCH-LOCAL-DELTA-V1-ID LSIP::LOCAL-DELTA))))
; 
; caught STYLE-WARNING:
;   The variable _VALID is defined but never used.

; in: DEFUN REALIZE-EVIDENCE-UPDATE
;     (LSIP::_DERIVATION-STATE-CONSISTENCY
;      (PROGN
;       (UNLESS
;           (EQUAL (LSIP:SEARCH-STATE-ID LSIP::STATE)
;                  LSIP::EXPECTED-EVIDENCE-STATE-ID)
;         (ERROR
;          "Evidence update state ~A does not match derivation-produced state ~A for derivation ~A."
;          (LSIP:SEARCH-STATE-ID LSIP::STATE) LSIP::EXPECTED-EVIDENCE-STATE-ID
;          (LSIP:OFFSPRING-DERIVATION-ID LSIP::DERIVATION*)))
;       (UNLESS
;           (EQUAL (LSIP:OBLIGATION-PROJECTION-DERIVATION-ID LSIP::PROJECTION)
;                  (LSIP:OFFSPRING-DERIVATION-ID LSIP::DERIVATION*))
;         (ERROR "Evidence update projection ~A belongs to derivation ~A, not ~A."
;                (LSIP:OBLIGATION-PROJECTION-ID LSIP::PROJECTION)
;                (LSIP:OBLIGATION-PROJECTION-DERIVATION-ID LSIP::PROJECTION)
;                (LSIP:OFFSPRING-DERIVATION-ID LSIP::DERIVATION*)))
;       T))
; 
; caught STYLE-WARNING:
;   The variable _DERIVATION-STATE-CONSISTENCY is defined but never used.

; in: DEFUN %SEARCH-ADMISSION-CONTEXT-CORE-V1
;     'NIL
; 
; note: deleting unreachable code

; in: DEFUN RECORD-SEARCH-EVIDENCE-ROUTE-EXECUTION-V1
;     (LSIP::_KERNEL-CONTEXT-CONSISTENCY
;      (PROGN
;       (WHEN (AND LSIP::MINIMUM-KERNEL (NOT #))
;         (ERROR "Admission context minimum-kernel binding does not match law ~A."
;                (LSIP:ADMISSION-LAW-ID LSIP::LAW)))
;       (WHEN (AND LSIP::SHADOW-RECEIPT (NOT #))
;         (ERROR "Admission context shadow-control receipt ~A does not replay."
;                LSIP::SHADOW-RECEIPT-ID))
;       T))
; 
; caught STYLE-WARNING:
;   The variable _KERNEL-CONTEXT-CONSISTENCY is defined but never used.

;     (LSIP::_CLOSURE-WITNESS-REPLAY
;      (UNLESS
;          (AND
;           (LSIP:SEARCH-EVIDENCE-FRESHNESS-WITNESS-V1-VALID-P
;            LSIP::FRESHNESS-WITNESS LSIP:*MACHINE-STATE*)
;           (LSIP:SEARCH-EVIDENCE-MONOTONICITY-WITNESS-V1-VALID-P
;            LSIP::MONOTONICITY-WITNESS LSIP:*MACHINE-STATE*)
;           (LSIP:SEARCH-EVIDENCE-SUPERSESSION-WITNESS-V1-VALID-P
;            LSIP::SUPERSESSION-WITNESS LSIP:*MACHINE-STATE*))
;        (ERROR
;         "Evidence status lattice ~A references a non-replaying closure witness."
;         (LSIP:EVIDENCE-STATUS-LATTICE-ID LSIP::STATUS-LATTICE))))
; 
; caught STYLE-WARNING:
;   The variable _CLOSURE-WITNESS-REPLAY is defined but never used.

;     (LSIP::ADMISSION-RUN-INSTANCE NIL)
; 
; caught STYLE-WARNING:
;   The variable ADMISSION-RUN-INSTANCE is assigned but never read.

;     (LSIP::_ADMISSION-INSTANCE-BINDINGS
;      (PROGN
;       (SETF LSIP::ADMISSION-RUN-INSTANCE (AND LSIP::ADMISSION-RUN #)
;             LSIP::ADMISSION-EVIDENCE-INSTANCE (AND LSIP::ADMISSION-EVIDENCE #))
;       T))
; 
; caught STYLE-WARNING:
;   The variable _ADMISSION-INSTANCE-BINDINGS is defined but never used.

; in: DEFUN APPLY-ADMISSION-LAW-TO-EVIDENCE-UPDATE
;     (LSIP::_ADMISSION-CONTEXT-VALID
;      (UNLESS
;          (AND (GETF LSIP::ADMISSION-CONTEXT-ROW :VALID-P)
;               (LSIP:SEARCH-ADMISSION-CONTEXT-VALID-P-V1 LSIP::LAW LSIP::UPDATE
;                LSIP::ADMISSION-CONTEXT-ROW LSIP:*MACHINE-STATE*))
;        (ERROR "Search admission context is inconsistent for update ~A: ~S."
;               (LSIP:EVIDENCE-UPDATE-ID LSIP::UPDATE)
;               LSIP::ADMISSION-CONTEXT-ROW)))
; 
; caught STYLE-WARNING:
;   The variable _ADMISSION-CONTEXT-VALID is defined but never used.

; in: DEFUN ADVANCE-SEARCH-SYNTHESIS-PROBLEM-V1
;     (LSIP::EVIDENCE-CLOSED-STATE
;      (OR
;       (LSIP:FIND-SEARCH-STATE
;        (LSIP:EVIDENCE-UPDATE-RESULTING-STATE-ID LSIP::UPDATE)
;        LSIP:*MACHINE-STATE*)
;       (ERROR "Evidence update ~A has no evidence-closed search state."
;              (LSIP:EVIDENCE-UPDATE-ID LSIP::UPDATE))))
; 
; caught STYLE-WARNING:
;   The variable EVIDENCE-CLOSED-STATE is defined but never used.
WARNING:
   Lisp compilation had style-warnings while
   compiling #<CL-SOURCE-FILE "lsip" "lisp/search_evidence">

; file: /home/user0/FIM/deps/goggles-shg-growth/lisp/search_quotient.lisp
; in: DEFUN REALIZE-STATE-QUOTIENT
;     (LSIP::_ARCHIVE-SLICE-SUPPORTED
;      (UNLESS
;          (LSIP::%SEARCH-ARCHIVE-SLICE-SUPPORTS-QUOTIENT-V1 LSIP::ARCHIVE-SLICE
;           LSIP::BAND)
;        (ERROR
;         "Search archive slice ~A does not support quotient band ~S with the live canonicalizer/witness implementation."
;         (LSIP:SEARCH-ARCHIVE-SLICE-V1-ID LSIP::ARCHIVE-SLICE) LSIP::BAND)))
; 
; caught STYLE-WARNING:
;   The variable _ARCHIVE-SLICE-SUPPORTED is defined but never used.

;     (LSIP::_WITNESS-VALID
;      (UNLESS
;          (LSIP:SEARCH-QUOTIENT-WITNESS-VALID-P LSIP::WITNESS
;           LSIP:*MACHINE-STATE*)
;        (ERROR
;         "Quotient witness ~A does not prove archive identity ~A for state ~A."
;         (LSIP:QUOTIENT-WITNESS-ID LSIP::WITNESS)
;         (LSIP:SEARCH-ARCHIVE-IDENTITY-ID LSIP::ARCHIVE)
;         (LSIP:SEARCH-STATE-ID LSIP::STATE*))))
; 
; caught STYLE-WARNING:
;   The variable _WITNESS-VALID is defined but never used.
WARNING:
   Lisp compilation had style-warnings while
   compiling #<CL-SOURCE-FILE "lsip" "lisp/search_quotient">
WARNING: redefining LSIP::%SEARCH-STATE* in DEFUN

; file: /home/user0/FIM/deps/goggles-shg-growth/lisp/search_population_v1.lisp
; in: DEFUN %SEARCH-POPULATION-MEMBER-ROW-V1
;     (LSIP::_POLICY-BINDING
;      (UNLESS
;          (EQUAL (LSIP:SEARCH-SELECTION-POLICY-V1-ID LSIP::SELECTION-POLICY)
;                 (LSIP:SEARCH-POLICY-SLICE-V1-SELECTION-POLICY-ID
;                  LSIP::POLICY-SLICE))
;        (ERROR
;         "Fitness vector ~A state policy slice does not bind selection policy ~A."
;         (LSIP:FITNESS-VECTOR-ID LSIP::FITNESS*)
;         (LSIP:SEARCH-SELECTION-POLICY-V1-ID LSIP::SELECTION-POLICY))))
; 
; caught STYLE-WARNING:
;   The variable _POLICY-BINDING is defined but never used.

;     (LSIP::_ARCHIVE-DEDUPE-BINDING
;      (UNLESS
;          (EQ
;           (LSIP:SEARCH-ARCHIVE-SLICE-V1-POPULATION-DEDUPE-KEY
;            LSIP::ARCHIVE-SLICE)
;           (LSIP:SEARCH-SELECTION-POLICY-V1-DEDUPE-KEY LSIP::SELECTION-POLICY))
;        (ERROR
;         "Search state ~A archive slice dedupe key ~S does not match selection policy ~S."
;         (LSIP:SEARCH-STATE-ID LSIP::STATE)
;         (LSIP:SEARCH-ARCHIVE-SLICE-V1-POPULATION-DEDUPE-KEY LSIP::ARCHIVE-SLICE)
;         (LSIP:SEARCH-SELECTION-POLICY-V1-DEDUPE-KEY LSIP::SELECTION-POLICY))))
; 
; caught STYLE-WARNING:
;   The variable _ARCHIVE-DEDUPE-BINDING is defined but never used.

; in: DEFUN %SEARCH-POPULATION-CORE-V1
;     (LSIP::_BAND-CHECK
;      (UNLESS
;          (AND LSIP::MEMBER-ROWS (= 1 (LENGTH LSIP::BANDS))
;               (EQ LSIP::BAND (FIRST LSIP::BANDS)))
;        (ERROR "Search population band ~S does not match member bands ~S."
;               LSIP::BAND LSIP::BANDS)))
; 
; caught STYLE-WARNING:
;   The variable _BAND-CHECK is defined but never used.

; in: DEFUN RECORD-SEARCH-POPULATION-ROUTE-EXECUTION-V1
;     (LSIP::_VALID
;      (UNLESS
;          (LSIP:SEARCH-POPULATION-V1-VALID-P LSIP::POPULATION*
;           LSIP:*MACHINE-STATE*)
;        (ERROR "Search population ~A does not replay."
;               (LSIP:SEARCH-POPULATION-V1-ID LSIP::POPULATION*))))
; 
; caught STYLE-WARNING:
;   The variable _VALID is defined but never used.

;     (LSIP::_SELECTION-POLICY-VALID
;      (UNLESS
;          (LSIP:SEARCH-SELECTION-POLICY-V1-VALID-P LSIP::SELECTION-POLICY
;                                                   LSIP:*MACHINE-STATE*)
;        (ERROR "Population ~A selection policy ~A does not replay."
;               (LSIP:SEARCH-POPULATION-V1-ID LSIP::POPULATION*)
;               (LSIP:SEARCH-SELECTION-POLICY-V1-ID LSIP::SELECTION-POLICY))))
; 
; caught STYLE-WARNING:
;   The variable _SELECTION-POLICY-VALID is defined but never used.
WARNING:
   Lisp compilation had style-warnings while
   compiling #<CL-SOURCE-FILE "lsip" "lisp/search_population_v1">

; file: /home/user0/FIM/deps/goggles-shg-growth/lisp/search_schedule.lisp
; in: DEFSTRUCT SEARCH-SCHEDULE
;     (DEFSTRUCT LSIP:SEARCH-SCHEDULE
;       LSIP::ID
;       LSIP::MACHINE-REF
;       LSIP:FITNESS-VECTOR-ID
;       LSIP::STATE-ID
;       LSIP::POPULATION-ID
;       LSIP::ACTIVE-BAND
;       LSIP::BAND-BUDGET-ROW
;       LSIP::SAMPLING-LAW-ROW
;       LSIP::PROMOTION-LAW-ROW
;       LSIP::ARCHIVE-INTERACTION-ROW
;       ...)
; --> EVAL-WHEN 
; ==>
;   (SB-KERNEL::%COMPILER-DEFSTRUCT
;    '#<SB-KERNEL:DEFSTRUCT-DESCRIPTION LSIP:SEARCH-SCHEDULE {1012241273}>
;    '#(#<SB-KERNEL:WRAPPER (ID=0) for T {50101003}>
;       #<SB-KERNEL:WRAPPER (ID=1) for STRUCTURE-OBJECT {50101073}>))
; 
; caught STYLE-WARNING:
;   Previously compiled calls to LSIP:SEARCH-SCHEDULE-ID,
;   LSIP:SEARCH-SCHEDULE-STATE-ID, LSIP:SEARCH-SCHEDULE-SYNTHESIS-PROBLEM-ID,
;   LSIP:SEARCH-SCHEDULE-FACTORY-GRAPH-CUT-REF,
;   LSIP:SEARCH-SCHEDULE-QUERY-CONTEXT-REFS,
;   LSIP:SEARCH-SCHEDULE-QUERY-RECEIPT-REFS and
;   LSIP:SEARCH-SCHEDULE-PROPOSED-OPERATOR-INSTANCE-IDS could not be inlined
;   because the structure definition for LSIP:SEARCH-SCHEDULE was not yet seen. To
;   avoid this warning, DEFSTRUCT should precede references to the affected
;   functions, or they must be declared locally notinline at each call site.

; in: DEFUN %SEARCH-SCHEDULE-PARAMETER-CANDIDATE-ROWS-V1
;     (DEFUN LSIP::%SEARCH-SCHEDULE-PARAMETER-CANDIDATE-ROWS-V1
;            (CLASS LSIP::STATE LSIP::PARENT-STATES LSIP::SUBJECT-CARRIER-IDS
;             LSIP::BAND-BUDGET-ROW LSIP::CAPABILITY-OPERATOR-BINDINGS
;             LSIP::SYNTHESIS-PROBLEM-ID
;             &OPTIONAL (LSIP::MACHINE LSIP:*MACHINE-STATE*))
;       (LSIP:WITH-MACHINE-STATE (LSIP::MACHINE)
;         (LET* ((LSIP::PINNED-ROW #) (LSIP::GENERATOR-REF #) (LSIP::ROWS #))
;           (UNLESS (LISTP LSIP::ROWS)
;             (ERROR
;              "Search parameter generator for class ~A returned non-list ~S." #
;              LSIP::ROWS))
;           (DOLIST (LSIP::ROW LSIP::ROWS) (UNLESS # #))
;           (SORT (REMOVE-DUPLICATES # :TEST #'EQUAL) #'STRING< :KEY
;                 #'PRIN1-TO-STRING))))
; --> SB-IMPL::%DEFUN SB-IMPL::%DEFUN SB-INT:NAMED-LAMBDA 
; ==>
;   #'(SB-INT:NAMED-LAMBDA LSIP::%SEARCH-SCHEDULE-PARAMETER-CANDIDATE-ROWS-V1
;         (CLASS LSIP::STATE LSIP::PARENT-STATES LSIP::SUBJECT-CARRIER-IDS
;          LSIP::BAND-BUDGET-ROW LSIP::CAPABILITY-OPERATOR-BINDINGS
;          LSIP::SYNTHESIS-PROBLEM-ID &OPTIONAL
;          (LSIP::MACHINE LSIP:*MACHINE-STATE*))
;       (BLOCK LSIP::%SEARCH-SCHEDULE-PARAMETER-CANDIDATE-ROWS-V1
;         (LSIP:WITH-MACHINE-STATE (LSIP::MACHINE)
;           (LET* (# # #)
;             (UNLESS # #)
;             (DOLIST # #)
;             (SORT # #'STRING< :KEY #'PRIN1-TO-STRING)))))
; 
; caught STYLE-WARNING:
;   The variable STATE is defined but never used.

; in: DEFUN %SEARCH-SCHEDULE-PARENT-STATE-TUPLES-V1
;     (LSIP::_VALID
;      (UNLESS
;          (LSIP:SEARCH-POPULATION-V1-VALID-P LSIP::POPULATION*
;                                             LSIP:*MACHINE-STATE*)
;        (ERROR "Search population ~A does not replay."
;               (LSIP:SEARCH-POPULATION-V1-ID LSIP::POPULATION*))))
; 
; caught STYLE-WARNING:
;   The variable _VALID is defined but never used.

;     (LSIP::_SOURCE-SELECTED
;      (UNLESS (MEMBER LSIP::SOURCE-ID LSIP::SELECTED-STATE-IDS :TEST #'EQUAL)
;        (ERROR
;         "Schedule source state ~A is not on selected frontier of population ~A."
;         LSIP::SOURCE-ID (LSIP:SEARCH-POPULATION-V1-ID LSIP::POPULATION*))))
; 
; caught STYLE-WARNING:
;   The variable _SOURCE-SELECTED is defined but never used.

; in: DEFUN RECORD-SEARCH-POPULATION-SCHEDULE-ROUTE-EXECUTION-V1
;     (LSIP::_BINDING-CHECK
;      (UNLESS
;          (AND
;           (LSIP:SEARCH-POPULATION-V1-VALID-P LSIP::POPULATION*
;                                              LSIP:*MACHINE-STATE*)
;           (EQUAL (LSIP:SEARCH-POPULATION-V1-ID LSIP::POPULATION*)
;                  (LSIP:SEARCH-SCHEDULE-POPULATION-ID LSIP::SCHEDULE*))
;           (EQUAL (LSIP:FITNESS-VECTOR-ID LSIP::FITNESS*)
;                  (LSIP:SEARCH-SCHEDULE-FITNESS-VECTOR-ID LSIP::SCHEDULE*))
;           (LSIP:SEARCH-POPULATION-V1-SELECTED-FITNESS-VECTOR-P LSIP::POPULATION*
;                                                                LSIP::FITNESS*
;                                                                LSIP:*MACHINE-STATE*))
;        (ERROR
;         "Search schedule ~A is not bound to one selected population fitness vector."
;         (LSIP:SEARCH-SCHEDULE-ID LSIP::SCHEDULE*))))
; 
; caught STYLE-WARNING:
;   The variable _BINDING-CHECK is defined but never used.

; in: DEFUN REALIZE-SEARCH-SCHEDULE
;     (LSIP::_BUDGET-OVERRIDE-CONSISTENCY
;      (WHEN
;          (AND LSIP::REQUESTED-BAND-BUDGET-ROW
;               (NOT
;                (EQUAL LSIP::REQUESTED-BAND-BUDGET-ROW
;                       LSIP::STATE-BAND-BUDGET-ROW)))
;        (ERROR
;         "Schedule budget override for state ~A does not match budget slice ~A."
;         (LSIP:SEARCH-STATE-ID LSIP::STATE)
;         (LSIP:SEARCH-BUDGET-SLICE-V1-ID LSIP::BUDGET-SLICE))))
; 
; caught STYLE-WARNING:
;   The variable _BUDGET-OVERRIDE-CONSISTENCY is defined but never used.

;     (LSIP::_ACTIVE-BAND-BUDGET
;      (UNLESS
;          (LSIP::%SEARCH-SCHEDULE-BAND-BUDGET LSIP::ACTIVE-BAND
;           LSIP::BAND-BUDGET-ROW)
;        (ERROR "Budget slice ~A has no row for active band ~S."
;               (LSIP:SEARCH-BUDGET-SLICE-V1-ID LSIP::BUDGET-SLICE)
;               LSIP::ACTIVE-BAND)))
; 
; caught STYLE-WARNING:
;   The variable _ACTIVE-BAND-BUDGET is defined but never used.
WARNING:
   Lisp compilation had style-warnings while
   compiling #<CL-SOURCE-FILE "lsip" "lisp/search_schedule">

; file: /home/user0/FIM/deps/goggles-shg-growth/lisp/search_transition_execution_v1.lisp
; in: DEFUN EXECUTE-SEARCH-GENERATIVE-TRANSITION-V1
;     (LSIP::_ATTACHMENT-DEFINED
;      (UNLESS
;          (LSIP:SEARCH-TRANSITION-EXECUTION-ATTACHMENT-DEFINED-P-V1
;           LSIP::ATTACHMENT-REF)
;        (ERROR
;         "Multi-parent operator class ~A has no executable transition attachment ~S."
;         (LSIP:OPERATOR-CLASS-ID CLASS) LSIP::ATTACHMENT-REF)))
; 
; caught STYLE-WARNING:
;   The variable _ATTACHMENT-DEFINED is defined but never used.
WARNING:
   Lisp compilation had style-warnings while
   compiling #<CL-SOURCE-FILE "lsip" "lisp/search_transition_execution_v1">

; file: /home/user0/FIM/deps/goggles-shg-growth/lisp/synthesis_search_v1.lisp
; in: DEFUN %RUN-SYNTHESIS-SEARCH-V1
;     (LSIP::_SELECTION-POLICY-VALID
;      (UNLESS
;          (LSIP:SEARCH-SELECTION-POLICY-V1-VALID-P LSIP::SELECTION-POLICY
;                                                   LSIP::MACHINE)
;        (LSIP::SYNTHESIS-SEARCH-FAIL-V1 :INVALID-NATIVE-SEARCH-SELECTION-POLICY
;         (LSIP:SEARCH-SELECTION-POLICY-V1-ID LSIP::SELECTION-POLICY))))
; 
; caught STYLE-WARNING:
;   The variable _SELECTION-POLICY-VALID is defined but never used.

;     (LSIP::_SINGLE-WINNER-POLICY
;      (WHEN
;          (AND LSIP::SELECTION-FUNCTION
;               (NOT
;                (LSIP::SYNTHESIS-SEARCH-SINGLE-WINNER-SELECTION-AUTHORIZED-P-V1
;                 LSIP::SELECTION-POLICY)))
;        (LSIP::SYNTHESIS-SEARCH-FAIL-V1 :SINGLE-WINNER-SELECTION-NOT-AUTHORIZED
;         (LIST :SELECTION-POLICY-ID
;               (LSIP:SEARCH-SELECTION-POLICY-V1-ID LSIP::SELECTION-POLICY)
;               :FRONTIER-POLICY
;               (LSIP:SEARCH-SELECTION-POLICY-V1-FRONTIER-POLICY
;                LSIP::SELECTION-POLICY)
;               :SCALAR-SCORE-P
;               (LSIP:SEARCH-SELECTION-POLICY-V1-SCALAR-SCORE-P
;                LSIP::SELECTION-POLICY)))))
; 
; caught STYLE-WARNING:
;   The variable _SINGLE-WINNER-POLICY is defined but never used.
WARNING:
   Lisp compilation had style-warnings while
   compiling #<CL-SOURCE-FILE "lsip" "lisp/synthesis_search_v1">

; file: /home/user0/FIM/deps/goggles-shg-growth/lisp/proof_synthesis_ir_v1.lisp
; in: DEFSTRUCT PROOF-HOLE-V1
;     (DEFSTRUCT (LSIP:PROOF-HOLE-V1 (:CONSTRUCTOR LSIP::%MAKE-PROOF-HOLE-V1))
;       LSIP::HOLE-REF
;       LSIP::PROPOSITION
;       LSIP::PROPOSITION-REF
;       LSIP::LOCAL-ASSUMPTIONS
;       LSIP::HOLE-IDENTITY)
; --> EVAL-WHEN 
; ==>
;   (SB-KERNEL::%COMPILER-DEFSTRUCT
;    '#<SB-KERNEL:DEFSTRUCT-DESCRIPTION LSIP:PROOF-HOLE-V1 {100D6D3743}>
;    '#(#<SB-KERNEL:WRAPPER (ID=0) for T {50101003}>
;       #<SB-KERNEL:WRAPPER (ID=1) for STRUCTURE-OBJECT {50101073}>))
; 
; caught STYLE-WARNING:
;   Previously compiled calls to LSIP:PROOF-HOLE-V1-HOLE-REF,
;   LSIP:PROOF-HOLE-V1-PROPOSITION-REF, LSIP:PROOF-HOLE-V1-LOCAL-ASSUMPTIONS and
;   LSIP:PROOF-HOLE-V1-HOLE-IDENTITY could not be inlined because the structure
;   definition for LSIP:PROOF-HOLE-V1 was not yet seen. To avoid this warning,
;   DEFSTRUCT should precede references to the affected functions, or they must be
;   declared locally notinline at each call site.
WARNING:
   Lisp compilation had style-warnings while
   compiling #<CL-SOURCE-FILE "lsip" "lisp/proof_synthesis_ir_v1">

; file: /home/user0/FIM/deps/goggles-shg-growth/lisp/proof_generator_provider_v1.lisp
; in: DEFSTRUCT PROOF-GENERATOR-PROVIDER-V1
;     (DEFSTRUCT
;         (LSIP:PROOF-GENERATOR-PROVIDER-V1
;          (:CONSTRUCTOR LSIP::%MAKE-PROOF-GENERATOR-PROVIDER-V1))
;       LSIP::PROVIDER-REF
;       LSIP::GENERATOR-CAPABILITY-REF
;       LSIP::IMPLEMENTATION-ATTACHMENT
;       LSIP::CAPABILITY-ROW
;       LSIP::PROVIDER-IDENTITY)
; --> EVAL-WHEN 
; ==>
;   (SB-KERNEL::%COMPILER-DEFSTRUCT
;    '#<SB-KERNEL:DEFSTRUCT-DESCRIPTION LSIP:PROOF-GENERATOR-PROVIDER-V1 {100EF0F6A3}>
;    '#(#<SB-KERNEL:WRAPPER (ID=0) for T {50101003}>
;       #<SB-KERNEL:WRAPPER (ID=1) for STRUCTURE-OBJECT {50101073}>))
; 
; caught STYLE-WARNING:
;   Previously compiled call to LSIP:PROOF-GENERATOR-PROVIDER-V1-PROVIDER-REF could
;   not be inlined because the structure definition for
;   LSIP:PROOF-GENERATOR-PROVIDER-V1 was not yet seen. To avoid this warning,
;   DEFSTRUCT should precede references to the affected functions, or they must be
;   declared locally notinline at each call site.

; in: DEFSTRUCT PROOF-GENERATOR-PROVIDER-SELECTION-V1
;     (DEFSTRUCT
;         (LSIP:PROOF-GENERATOR-PROVIDER-SELECTION-V1
;          (:CONSTRUCTOR LSIP::%MAKE-PROOF-GENERATOR-PROVIDER-SELECTION-V1))
;       LSIP::POLICY
;       LSIP::RESOURCE-CONTEXT
;       LSIP::PROVIDER-RESOURCE-PROJECTION-ROWS
;       LSIP::CANDIDATE-PROVIDER-REFS
;       LSIP::REJECTED-PROVIDER-ROWS
;       LSIP::SELECTED-PROVIDER-REF
;       LSIP::SELECTION-IDENTITY)
; --> EVAL-WHEN 
; ==>
;   (SB-KERNEL::%COMPILER-DEFSTRUCT
;    '#<SB-KERNEL:DEFSTRUCT-DESCRIPTION LSIP:PROOF-GENERATOR-PROVIDER-SELECTION-V1 {100F1FE6A3}>
;    '#(#<SB-KERNEL:WRAPPER (ID=0) for T {50101003}>
;       #<SB-KERNEL:WRAPPER (ID=1) for STRUCTURE-OBJECT {50101073}>))
; 
; caught STYLE-WARNING:
;   Previously compiled call to
;   LSIP:PROOF-GENERATOR-PROVIDER-SELECTION-V1-SELECTION-IDENTITY could not be
;   inlined because the structure definition for
;   LSIP:PROOF-GENERATOR-PROVIDER-SELECTION-V1 was not yet seen. To avoid this
;   warning, DEFSTRUCT should precede references to the affected functions, or they
;   must be declared locally notinline at each call site.

; in: DEFSTRUCT PROOF-PROGRAM-FRAGMENT-V1
;     (DEFSTRUCT
;         (LSIP:PROOF-PROGRAM-FRAGMENT-V1
;          (:CONSTRUCTOR LSIP::%MAKE-PROOF-PROGRAM-FRAGMENT-V1))
;       LSIP::PROVIDER-REF
;       LSIP::GENERATOR-CAPABILITY-REF
;       LSIP::PARENT-HOLE-REF
;       LSIP::OPTION-ROWS
;       LSIP::RESOURCE-PROJECTION-REF
;       LSIP::RESOURCE-CONSUMPTION
;       LSIP::FRAGMENT-IDENTITY)
; --> EVAL-WHEN 
; ==>
;   (SB-KERNEL::%COMPILER-DEFSTRUCT
;    '#<SB-KERNEL:DEFSTRUCT-DESCRIPTION LSIP:PROOF-PROGRAM-FRAGMENT-V1 {1010154043}>
;    '#(#<SB-KERNEL:WRAPPER (ID=0) for T {50101003}>
;       #<SB-KERNEL:WRAPPER (ID=1) for STRUCTURE-OBJECT {50101073}>))
; 
; caught STYLE-WARNING:
;   Previously compiled calls to LSIP:PROOF-PROGRAM-FRAGMENT-V1-OPTION-ROWS,
;   LSIP:PROOF-PROGRAM-FRAGMENT-V1-RESOURCE-PROJECTION-REF,
;   LSIP:PROOF-PROGRAM-FRAGMENT-V1-RESOURCE-CONSUMPTION and
;   LSIP:PROOF-PROGRAM-FRAGMENT-V1-FRAGMENT-IDENTITY could not be inlined because
;   the structure definition for LSIP:PROOF-PROGRAM-FRAGMENT-V1 was not yet seen.
;   To avoid this warning, DEFSTRUCT should precede references to the affected
;   functions, or they must be declared locally notinline at each call site.
WARNING:
   Lisp compilation had style-warnings while
   compiling #<CL-SOURCE-FILE "lsip" "lisp/proof_generator_provider_v1">

; file: /home/user0/FIM/deps/goggles-shg-growth/lisp/proof_synthesis_v1.lisp
; in: DEFUN COMPILE-PROOF-SEARCH-STATE-V1
;     (LSIP::INSTANTIATED
;      (LSIP::SUBSTITUTE-PROPOSITION-V1
;       (LSIP:PROPOSITION-V1-BODY LSIP::EXISTS-PROPOSITION)
;       (LSIP:PROPOSITION-V1-VARIABLE LSIP::EXISTS-PROPOSITION)
;       LSIP::WITNESS-TEMPLATE))
; 
; caught STYLE-WARNING:
;   The variable INSTANTIATED is defined but never used.
WARNING:
   Lisp compilation had style-warnings while
   compiling #<CL-SOURCE-FILE "lsip" "lisp/proof_synthesis_v1">

; file: /home/user0/FIM/deps/goggles-shg-growth/lisp/synthesis_search_repair_v1.lisp
; in: DEFUN RUN-SYNTHESIS-SEARCH-REPAIR-V1
;     (LSIP::BUDGET
;      (OR
;       (LSIP:FIND-SEARCH-BUDGET-V1
;        (LSIP:SYNTHESIS-SEARCH-PROBLEM-V1-BUDGET-REF LSIP::PROBLEM))
;       (LSIP::SYNTHESIS-SEARCH-FAIL-V1 :MISSING-SEARCH-BUDGET)))
; 
; caught STYLE-WARNING:
;   The variable BUDGET is defined but never used.
WARNING:
   Lisp compilation had style-warnings while
   compiling #<CL-SOURCE-FILE "lsip" "lisp/synthesis_search_repair_v1">

; file: /home/user0/FIM/deps/goggles-shg-growth/lisp/semantic_composition_search_v1.lisp
; in: DEFUN SEMANTIC-PARAMETER-MODEL-CANDIDATES-V1
;     (AND LSIP::RESOURCE-METER
;          (LSIP::SEARCH-RESOURCE-METER-V1-SOLVER-CALLS LSIP::RESOURCE-METER))
; ==>
;   NIL
; 
; caught STYLE-WARNING:
;   This is not a NUMBER:
;    NIL
;   See also:
;     The SBCL Manual, Node "Handling of Types"

;     (AND LSIP::RESOURCE-METER
;          (LSIP::SEARCH-RESOURCE-METER-V1-FORMAL-OBLIGATIONS LSIP::RESOURCE-METER))
; ==>
;   NIL
; 
; caught STYLE-WARNING:
;   This is not a NUMBER:
;    NIL
;   See also:
;     The SBCL Manual, Node "Handling of Types"
WARNING:
   Lisp compilation had style-warnings while
   compiling #<CL-SOURCE-FILE "lsip" "lisp/semantic_composition_search_v1">

; file: /home/user0/FIM/deps/goggles-shg-growth/lisp/l7_function_goal_v1.lisp
; in: DEFUN L7-RECURSIVE-PROGRAM-CANONICAL-REF-V1
;     (TYPECASE LSIP::VALUE
;       (LSIP::SEMANTIC-BOUNDARY-SURFACE-V1
;        (LSIP::SEMANTIC-BOUNDARY-SURFACE-V1-SURFACE-IDENTITY LSIP::VALUE))
;       (LSIP::RECURSIVE-SEMANTIC-BUNDLE-V1
;        (LSIP:RECURSIVE-SEMANTIC-BUNDLE-V1-BUNDLE-IDENTITY LSIP::VALUE))
;       (LSIP::SEMANTIC-BUNDLE-CLOSURE-V1
;        (LSIP::SEMANTIC-BUNDLE-CLOSURE-V1-CLOSURE-IDENTITY LSIP::VALUE))
;       (LSIP::SEMANTIC-BUNDLE-SNAPSHOT-REF-V1
;        (LSIP:SEMANTIC-BUNDLE-SNAPSHOT-REF-V1-SNAPSHOT-IDENTITY
;         (LSIP::VALIDATE-SEMANTIC-BUNDLE-SNAPSHOT-REF-V1 LSIP::VALUE)))
;       (LSIP::L7-HIERARCHICAL-BUNDLE-CARRIER-V1
;        (LSIP::L7-VALIDATED-HIERARCHICAL-INPUT-REF-V1 LSIP::VALUE))
;       (T (COPY-TREE LSIP::VALUE)))
; --> COND IF IF IF IF IF 
; ==>
;   (TYPEP #:G0 'LSIP::L7-HIERARCHICAL-BUNDLE-CARRIER-V1)
; 
; note: can't open-code test of unknown type L7-HIERARCHICAL-BUNDLE-CARRIER-V1

; file: /home/user0/FIM/deps/goggles-shg-growth/lisp/l7_interfunction_relation_synthesis_v1.lisp
; in: DEFSTRUCT L7-HIERARCHICAL-BUNDLE-CARRIER-V1
;     (DEFSTRUCT
;         (LSIP::L7-HIERARCHICAL-BUNDLE-CARRIER-V1
;          (:CONSTRUCTOR LSIP::%MAKE-L7-HIERARCHICAL-BUNDLE-CARRIER-V1))
;       LSIP::BUNDLE
;       LSIP::CLOSURE
;       LSIP::GENERATED-REGISTRY-SET
;       LSIP::SURFACE
;       LSIP::OCCURRENCE-PATH
;       LSIP::CHILD-CARRIERS
;       LSIP::SYNTHESIS-EVIDENCE
;       LSIP::CARRIER-IDENTITY)
; --> EVAL-WHEN 
; ==>
;   (SB-KERNEL::%COMPILER-DEFSTRUCT
;    '#<SB-KERNEL:DEFSTRUCT-DESCRIPTION LSIP::L7-HIERARCHICAL-BUNDLE-CARRIER-V1 {100E739803}>
;    '#(#<SB-KERNEL:WRAPPER (ID=0) for T {50101003}>
;       #<SB-KERNEL:WRAPPER (ID=1) for STRUCTURE-OBJECT {50101073}>))
; 
; caught STYLE-WARNING:
;   Previously compiled calls to
;   LSIP::L7-HIERARCHICAL-BUNDLE-CARRIER-V1-OCCURRENCE-PATH,
;   LSIP::L7-HIERARCHICAL-BUNDLE-CARRIER-V1-CHILD-CARRIERS and
;   LSIP::L7-HIERARCHICAL-BUNDLE-CARRIER-V1-CARRIER-IDENTITY could not be inlined
;   because the structure definition for LSIP::L7-HIERARCHICAL-BUNDLE-CARRIER-V1
;   was not yet seen. To avoid this warning, DEFSTRUCT should precede references to
;   the affected functions, or they must be declared locally notinline at each call
;   site.
WARNING:
   Lisp compilation had style-warnings while
   compiling #<CL-SOURCE-FILE "lsip" "lisp/l7_interfunction_relation_synthesis_v1">

; file: /home/user0/FIM/deps/goggles-shg-growth/lisp/l7_recursive_program_synthesis_v1.lisp
; in: DEFUN L7-SYNTHESIZE-PATTERN-PROVIDER-V1
;     (LSIP::_DEPTH
;      (WHEN (>= LSIP::DEPTH LSIP::LIMIT)
;        (ERROR "L7.11 recursive provider containment bound reached.")))
; 
; caught STYLE-WARNING:
;   The variable _DEPTH is defined but never used.

;     (LSIP::_RECURSION-LAW
;      (WHEN (AND LSIP::SELF-RECURSIVE-P (NOT (GETF LSIP::PATTERN :RECURSIVE-P)))
;        (ERROR "L7.11 repeated provider goal lacks explicit recursion policy.")))
; 
; caught STYLE-WARNING:
;   The variable _RECURSION-LAW is defined but never used.
WARNING:
   Lisp compilation had style-warnings while
   compiling #<CL-SOURCE-FILE "lsip" "lisp/l7_recursive_program_synthesis_v1">

; file: /home/user0/FIM/deps/goggles-shg-growth/lisp/l8_governance_artifact_codec_v1.lisp
; in: DEFUN L8-GOVERNANCE-CONTROL-GRAPH-V1-FORM
;     'LSIP::GOVERNANCE-CONTROL-GRAPH-V1
; 
; note: can't open-code test of unknown type GOVERNANCE-CONTROL-GRAPH-V1

; file: /home/user0/FIM/deps/goggles-shg-growth/lisp/l8_governance_control_graph_synthesis_v1.lisp
; in: DEFSTRUCT GOVERNANCE-CONTROL-GRAPH-V1
;     (DEFSTRUCT
;         (LSIP::GOVERNANCE-CONTROL-GRAPH-V1
;          (:CONSTRUCTOR LSIP::%MAKE-GOVERNANCE-CONTROL-GRAPH-V1))
;       LSIP::ACCEPTED-PRECONDITION-PLAN-REF
;       LSIP::ACCEPTED-FAILURE-MAP-REF
;       LSIP::ACCEPTED-STATE-RESPONSE-REF
;       LSIP::ACCEPTED-EFFECT-PLAN-REF
;       LSIP::ALGEBRA-REGISTRY-REF
;       LSIP::ALGEBRA-EXPRESSION
;       LSIP::COMPOSITION-PLAN
;       LSIP::REALIZED-PRODUCT
;       LSIP::COMPOSITION-WITNESS
;       LSIP::SEARCH-RESULT-REF
;       ...)
; --> EVAL-WHEN 
; ==>
;   (SB-KERNEL::%COMPILER-DEFSTRUCT
;    '#<SB-KERNEL:DEFSTRUCT-DESCRIPTION LSIP::GOVERNANCE-CONTROL-GRAPH-V1 {1005AFDE73}>
;    '#(#<SB-KERNEL:WRAPPER (ID=0) for T {50101003}>
;       #<SB-KERNEL:WRAPPER (ID=1) for STRUCTURE-OBJECT {50101073}>))
; 
; caught STYLE-WARNING:
;   Previously compiled calls to
;   LSIP::GOVERNANCE-CONTROL-GRAPH-V1-ACCEPTED-PRECONDITION-PLAN-REF,
;   LSIP::GOVERNANCE-CONTROL-GRAPH-V1-ACCEPTED-FAILURE-MAP-REF,
;   LSIP::GOVERNANCE-CONTROL-GRAPH-V1-ACCEPTED-STATE-RESPONSE-REF,
;   LSIP::GOVERNANCE-CONTROL-GRAPH-V1-ACCEPTED-EFFECT-PLAN-REF,
;   LSIP::GOVERNANCE-CONTROL-GRAPH-V1-ALGEBRA-REGISTRY-REF,
;   LSIP::GOVERNANCE-CONTROL-GRAPH-V1-ALGEBRA-EXPRESSION,
;   LSIP::GOVERNANCE-CONTROL-GRAPH-V1-COMPOSITION-PLAN,
;   LSIP::GOVERNANCE-CONTROL-GRAPH-V1-REALIZED-PRODUCT,
;   LSIP::GOVERNANCE-CONTROL-GRAPH-V1-COMPOSITION-WITNESS,
;   LSIP::GOVERNANCE-CONTROL-GRAPH-V1-SEARCH-RESULT-REF,
;   LSIP::GOVERNANCE-CONTROL-GRAPH-V1-SEARCH-WITNESS-REF and
;   LSIP::GOVERNANCE-CONTROL-GRAPH-V1-SEMANTIC-IDENTITY could not be inlined
;   because the structure definition for LSIP::GOVERNANCE-CONTROL-GRAPH-V1 was not
;   yet seen. To avoid this warning, DEFSTRUCT should precede references to the
;   affected functions, or they must be declared locally notinline at each call
;   site.

; in: DEFUN L8-GOVERNANCE-REALIZED-PRODUCT-FROM-FORM-V1
;     (LSIP::OPERATOR (GETF LSIP::GRAPH :OPERATOR))
; 
; caught STYLE-WARNING:
;   The variable OPERATOR is defined but never used.

;     (LSIP::REFS (COPY-LIST (GETF LSIP::GRAPH :ORDERED-OPERANDS)))
; 
; caught STYLE-WARNING:
;   The variable REFS is defined but never used.

;     (LSIP::PARAMETERS (COPY-TREE (GETF LSIP::GRAPH :PARAMETERS)))
; 
; caught STYLE-WARNING:
;   The variable PARAMETERS is defined but never used.

; in: DEFUN SYNTHESIZE-L8-GOVERNANCE-CONTROL-GRAPH-V1
;     (LSIP::SYNTHESIS-SEARCH-FAIL-V1 :ACCEPTED-GOVERNANCE-PREDECESSORS-REQUIRED)
; 
; note: deleting unreachable code
WARNING:
   Lisp compilation had style-warnings while compiling
   #<CL-SOURCE-FILE "lsip" "lisp/l8_governance_control_graph_synthesis_v1">

; file: /home/user0/FIM/deps/goggles-shg-growth/lisp/semantic_address_hole_v1.lisp
; in: DEFUN LSIP::ADDRESSED-HYPEREDGE-HOLE-V1->SYNTHESIS-OBLIGATION-V2
;     (SETF (GETF
;            (LSIP::RPB-GET :CONSTRAINTS
;                           (LSIP::SYNTHESIS-OBLIGATION-V2-FORM LSIP::V2))
;            :SOURCE-EXACT-ADDRESS-REF)
;             (LSIP::SEMANTIC-EXACT-ADDRESS-V1-EXACT-ADDRESS-IDENTITY
;              (LSIP::SEMANTIC-ADDRESSED-HOLE-V1-EXACT-ADDRESS
;               LSIP::ADDRESSED-HOLE)))
; --> LET FUNCALL 
; ==>
;   1
; 
; caught STYLE-WARNING:
;   undefined function: (COMMON-LISP:SETF LSIP::RPB-GET)


; file: /home/user0/FIM/deps/goggles-shg-growth/lisp/semantic_algebra_search_v1.lisp
; in: DEFUN LSIP:REALIZE-SEMANTIC-ALGEBRA-NATIVE-SEARCH-ARCHIVE-SLICE-V1
;     (LSIP:REALIZE-SEARCH-ARCHIVE-SLICE-V1 :MESO
;                                           LSIP::*SEARCH-MESO-ALGEBRA-STATE-CANONICALIZER-ID-V1*
;                                           :SEARCH-ARCHIVE-IDENTITY-V1
;                                           LSIP::*SEARCH-MESO-ALGEBRA-QUOTIENT-WITNESS-KIND-V1*
;                                           :ARCHIVE-IDENTITY-ID :MACHINE
;                                           LSIP:*MACHINE-STATE* :META
;                                           (APPEND
;                                            (LIST :SOURCE
;                                                  :SEMANTIC-ALGEBRA-NATIVE-SEARCH-ARCHIVE
;                                                  :EQUIVALENCE-SCOPE
;                                                  :SEMANTIC-ALGEBRA-EXPRESSION-V1
;                                                  :CONSTITUTIONAL-EQUIVALENCE
;                                                  :APPLIED)
;                                            LSIP::META))
; 
; caught WARNING:
;   undefined variable: LSIP::*SEARCH-MESO-ALGEBRA-QUOTIENT-WITNESS-KIND-V1*
; 
; caught WARNING:
;   undefined variable: LSIP::*SEARCH-MESO-ALGEBRA-STATE-CANONICALIZER-ID-V1*


; file: /home/user0/FIM/deps/goggles-shg-growth/lisp/synthesis_runtime_hook_activation_v1.lisp
; in: DEFUN LSIP::SYNTHESIS-RUNTIME-HOOK-CURRENT-REF-V1
;     (ECASE LSIP::MUTATION-SURFACE
;       (:PROPOSAL-PROVIDER-HOOK
;        LSIP::*SYNTHESIS-PROPOSAL-PROVIDER-ACTIVE-COMPONENT-ID*)
;       (:PLANNER-HOOK LSIP::*SYNTHESIS-PLANNER-V2-ACTIVE-COMPONENT-ID*)
;       (:EXECUTION-HOOK LSIP::*SYNTHESIS-EXECUTION-V2-ACTIVE-COMPONENT-ID*)
;       (:ORCHESTRATOR-HOOK LSIP::*SYNTHESIS-ORCHESTRATOR-V2-ACTIVE-COMPONENT-ID*)
;       (:PROVIDER-RESOLUTION-HOOK
;        LSIP::*SYNTHESIS-PROVIDER-RESOLUTION-ACTIVE-COMPONENT-ID*)
;       (:CUTOVER-POLICY-HOOK
;        LSIP::*SYNTHESIS-AUTHORITY-CUTOVER-POLICY-ACTIVE-COMPONENT-ID*)
;       (:CONSTRUCTOR-PRIMITIVE-HOOK
;        LSIP::*SYNTHESIS-SELF-HOST-CONSTRUCTOR-PRIMITIVE-ACTIVE-COMPONENT-ID*)
;       (:CONSTRUCTOR-SERVICE-HOOK
;        LSIP::*SYNTHESIS-SELF-HOST-CONSTRUCTOR-SERVICE-ACTIVE-COMPONENT-ID*)
;       (:PROGRAM-IDENTITY-HOOK
;        LSIP::*SYNTHESIS-SELF-HOST-PROGRAM-IDENTITY-ACTIVE-COMPONENT-ID*)
;       (:CONSTRUCTOR-EXECUTOR-HOOK
;        LSIP::*SEMANTIC-CONSTRUCTOR-EXECUTOR-ACTIVE-COMPONENT-ID*)
;       ...)
; --> BLOCK WHEN IF LET WHEN IF RETURN-FROM COND IF IF IF IF IF IF IF IF IF IF 
; ==>
;   (IF (EQL #:H2 28)
;       LSIP::*SEMANTIC-CONSTRUCTOR-EXECUTOR-ACTIVE-COMPONENT-ID*
;       (IF (EQL #:H2 30)
;           LSIP::*SYNTHESIS-AUTHORITY-CUTOVER-POLICY-ACTIVE-COMPONENT-ID*
;           (IF (EQL #:H2 31)
;               LSIP::*SEMANTIC-CONSTRUCTOR-VALIDATOR-ACTIVE-COMPONENT-ID*
;               (IF (OR # # # # # # # # # # # ...)
;                   (SB-IMPL::UNREACHABLE)
;                   (THE T #)))))
; 
; caught WARNING:
;   undefined variable: LSIP::*SEMANTIC-CONSTRUCTOR-EXECUTOR-ACTIVE-COMPONENT-ID*


; file: /home/user0/FIM/deps/goggles-shg-growth/lisp/synthesis_authority_cutover_v1.lisp
; in: DEFUN LSIP:APPLY-SYNTHESIS-AUTHORITY-CUTOVER-COMPATIBILITY-V1
;     (EQUAL LSIP::*SEMANTIC-CONSTRUCTOR-EXECUTOR-ACTIVE-COMPONENT-ID*
;            LSIP::EXPECTED-CURRENT-REF)
; 
; caught WARNING:
;   undefined variable: LSIP::*SEMANTIC-CONSTRUCTOR-EXECUTOR-ACTIVE-COMPONENT-ID*

; in: DEFUN LSIP::SYNTHESIS-AUTHORITY-CUTOVER-CURRENT-REF-V1
;     (ECASE (GETF LSIP::COMMAND :MUTATION-SURFACE)
;       (:SELECTOR-HOOK
;        LSIP::*SYNTHESIS-CAPABILITY-SELECTION-V2-ACTIVE-COMPONENT-ID*)
;       (:RANKING-HOOK LSIP::*SYNTHESIS-CAPABILITY-RANKING-ACTIVE-COMPONENT-ID*)
;       (:EVALUATOR-HOOK LSIP::*SYNTHESIS-EVALUATOR-DISPATCH-ACTIVE-COMPONENT-ID*)
;       (:ADMISSION-HOOK LSIP::*SYNTHESIS-ADMISSION-ACTIVE-COMPONENT-ID*)
;       (:PLANNER-HOOK LSIP::*SYNTHESIS-PLANNER-V2-ACTIVE-COMPONENT-ID*)
;       (:PROPOSAL-PROVIDER-HOOK
;        LSIP::*SYNTHESIS-PROPOSAL-PROVIDER-ACTIVE-COMPONENT-ID*)
;       (:EXECUTION-HOOK LSIP::*SYNTHESIS-EXECUTION-V2-ACTIVE-COMPONENT-ID*)
;       (:ORCHESTRATOR-HOOK LSIP::*SYNTHESIS-ORCHESTRATOR-V2-ACTIVE-COMPONENT-ID*)
;       (:PROVIDER-RESOLUTION-HOOK
;        LSIP::*SYNTHESIS-PROVIDER-RESOLUTION-ACTIVE-COMPONENT-ID*)
;       (:CUTOVER-POLICY-HOOK
;        LSIP::*SYNTHESIS-AUTHORITY-CUTOVER-POLICY-ACTIVE-COMPONENT-ID*)
;       ...)
; --> BLOCK WHEN IF LET WHEN IF RETURN-FROM COND IF IF IF IF IF IF 
; ==>
;   (IF (EQL #:H2 25)
;       LSIP::*SEMANTIC-CONSTRUCTOR-EXECUTOR-ACTIVE-COMPONENT-ID*
;       (IF (EQL #:H2 28)
;           LSIP::*SEMANTIC-CONSTRUCTOR-VALIDATOR-ACTIVE-COMPONENT-ID*
;           (IF (EQL #:H2 29)
;               LSIP::*SYNTHESIS-SELF-HOST-PROGRAM-IDENTITY-ACTIVE-COMPONENT-ID*
;               (IF (EQL #:H2 32)
;                   LSIP::*SYNTHESIS-SELF-HOST-CONSTRUCTOR-SERVICE-ACTIVE-COMPONENT-ID*
;                   (IF #
;                       LSIP::*SYNTHESIS-CAPABILITY-RANKING-ACTIVE-COMPONENT-ID*
;                       #)))))
; 
; caught WARNING:
;   undefined variable: LSIP::*SEMANTIC-CONSTRUCTOR-EXECUTOR-ACTIVE-COMPONENT-ID*

; 
; caught WARNING:
;   1 more use of undefined variable LSIP::*SEMANTIC-CONSTRUCTOR-EXECUTOR-ACTIVE-COMPONENT-ID*


; file: /home/user0/FIM/deps/goggles-shg-growth/lisp/synthesis_self_host_predecessor_lockout_v1.lisp
; in: DEFUN LSIP::LOCKOUT-SYNTHESIS-SELF-HOST-PREDECESSORS-SH20-V1
;     (SETF LSIP::*SYNTHESIS-AUTHORITY-CUTOVER-POLICY-REFERENCE-ENABLED-P* NIL
;           LSIP::*SYNTHESIS-SELF-HOST-PROGRAM-IDENTITY-REFERENCE-ENABLED-P* NIL
;           LSIP::*SYNTHESIS-SELF-HOST-CONSTRUCTOR-PRIMITIVE-REFERENCE-ENABLED-P*
;             NIL
;           LSIP::*SEMANTIC-CONSTRUCTOR-EXECUTOR-REFERENCE-ENABLED-P* NIL
;           LSIP::*SEMANTIC-CONSTRUCTOR-SYNTHESIZER-REFERENCE-ENABLED-P* NIL
;           LSIP::*SEMANTIC-CONSTRUCTOR-VALIDATOR-REFERENCE-ENABLED-P* NIL
;           ...)
; --> SETF 
; ==>
;   (SETQ LSIP::*SEMANTIC-CONSTRUCTOR-EXECUTOR-REFERENCE-ENABLED-P* NIL)
; 
; caught WARNING:
;   undefined variable: LSIP::*SEMANTIC-CONSTRUCTOR-EXECUTOR-REFERENCE-ENABLED-P*

; in: DEFUN LSIP::SYNTHESIS-SELF-HOST-PREDECESSOR-FLAGS-SH20-V1
;     (LIST LSIP::*SYNTHESIS-AUTHORITY-CUTOVER-POLICY-REFERENCE-ENABLED-P*
;           LSIP::*SYNTHESIS-SELF-HOST-PROGRAM-IDENTITY-REFERENCE-ENABLED-P*
;           LSIP::*SYNTHESIS-SELF-HOST-CONSTRUCTOR-PRIMITIVE-REFERENCE-ENABLED-P*
;           LSIP::*SEMANTIC-CONSTRUCTOR-EXECUTOR-REFERENCE-ENABLED-P*
;           LSIP::*SEMANTIC-CONSTRUCTOR-SYNTHESIZER-REFERENCE-ENABLED-P*
;           LSIP::*SEMANTIC-CONSTRUCTOR-VALIDATOR-REFERENCE-ENABLED-P*
;           LSIP::*SYNTHESIS-SELF-HOST-CONSTRUCTOR-SERVICE-REFERENCE-ENABLED-P*
;           LSIP::*SYNTHESIS-PLANNER-V2-REFERENCE-ENABLED-P*
;           LSIP::*SYNTHESIS-CAPABILITY-SELECTION-V2-REFERENCE-ENABLED-P*
;           LSIP::*SYNTHESIS-CAPABILITY-RANKING-REFERENCE-ENABLED-P*
;           LSIP::*SYNTHESIS-PROVIDER-RESOLUTION-REFERENCE-ENABLED-P* ...)
; 
; caught WARNING:
;   undefined variable: LSIP::*SEMANTIC-CONSTRUCTOR-EXECUTOR-REFERENCE-ENABLED-P*


; file: /home/user0/FIM/deps/goggles-shg-growth/lisp/synthesis_self_host_runtime_closure_v1.lisp
; in: DEFUN LSIP::SYNTHESIS-SELF-HOST-RUNTIME-COMPONENT-ROWS-SH19-V1
;     (LIST :COMPONENT :CONSTRUCTOR-EXECUTOR :ACTIVE-REF
;           LSIP::*SEMANTIC-CONSTRUCTOR-EXECUTOR-ACTIVE-COMPONENT-ID*
;           :PREDECESSOR-REF LSIP::+SEMANTIC-CONSTRUCTOR-EXECUTOR-REFERENCE-ID-V1+
;           :PREDECESSOR-ENABLED-P
;           LSIP::*SEMANTIC-CONSTRUCTOR-EXECUTOR-REFERENCE-ENABLED-P*)
; 
; caught WARNING:
;   undefined variable: LSIP::*SEMANTIC-CONSTRUCTOR-EXECUTOR-REFERENCE-ENABLED-P*

; 
; caught WARNING:
;   2 more uses of undefined variable LSIP::*SEMANTIC-CONSTRUCTOR-EXECUTOR-REFERENCE-ENABLED-P*


; file: /home/user0/FIM/deps/goggles-shg-growth/lisp/synthesis_runtime_hook_activation_v1.lisp
; in: DEFUN LSIP::SYNTHESIS-RUNTIME-HOOK-CURRENT-REF-V1
;     (ECASE LSIP::MUTATION-SURFACE
;       (:PROPOSAL-PROVIDER-HOOK
;        LSIP::*SYNTHESIS-PROPOSAL-PROVIDER-ACTIVE-COMPONENT-ID*)
;       (:PLANNER-HOOK LSIP::*SYNTHESIS-PLANNER-V2-ACTIVE-COMPONENT-ID*)
;       (:EXECUTION-HOOK LSIP::*SYNTHESIS-EXECUTION-V2-ACTIVE-COMPONENT-ID*)
;       (:ORCHESTRATOR-HOOK LSIP::*SYNTHESIS-ORCHESTRATOR-V2-ACTIVE-COMPONENT-ID*)
;       (:PROVIDER-RESOLUTION-HOOK
;        LSIP::*SYNTHESIS-PROVIDER-RESOLUTION-ACTIVE-COMPONENT-ID*)
;       (:CUTOVER-POLICY-HOOK
;        LSIP::*SYNTHESIS-AUTHORITY-CUTOVER-POLICY-ACTIVE-COMPONENT-ID*)
;       (:CONSTRUCTOR-PRIMITIVE-HOOK
;        LSIP::*SYNTHESIS-SELF-HOST-CONSTRUCTOR-PRIMITIVE-ACTIVE-COMPONENT-ID*)
;       (:CONSTRUCTOR-SERVICE-HOOK
;        LSIP::*SYNTHESIS-SELF-HOST-CONSTRUCTOR-SERVICE-ACTIVE-COMPONENT-ID*)
;       (:PROGRAM-IDENTITY-HOOK
;        LSIP::*SYNTHESIS-SELF-HOST-PROGRAM-IDENTITY-ACTIVE-COMPONENT-ID*)
;       (:CONSTRUCTOR-EXECUTOR-HOOK
;        LSIP::*SEMANTIC-CONSTRUCTOR-EXECUTOR-ACTIVE-COMPONENT-ID*)
;       ...)
; --> BLOCK WHEN IF LET WHEN IF RETURN-FROM COND 
; ==>
;   (IF (EQL #:H2 0)
;       LSIP::*SEMANTIC-CONSTRUCTOR-SYNTHESIZER-ACTIVE-COMPONENT-ID*
;       (IF (EQL #:H2 1)
;           LSIP::*SYNTHESIS-SELF-HOST-CONSTRUCTOR-PRIMITIVE-ACTIVE-COMPONENT-ID*
;           (IF (EQL #:H2 2)
;               LSIP::*SYNTHESIS-PROVIDER-RESOLUTION-ACTIVE-COMPONENT-ID*
;               (IF (EQL #:H2 5)
;                   LSIP::*SYNTHESIS-SELF-HOST-PROGRAM-IDENTITY-ACTIVE-COMPONENT-ID*
;                   (IF #
;                       LSIP::*SYNTHESIS-SELF-HOST-SUCCESSOR-CONTROLLER-ACTIVE-COMPONENT-ID*
;                       #)))))
; 
; caught WARNING:
;   undefined variable: LSIP::*SEMANTIC-CONSTRUCTOR-SYNTHESIZER-ACTIVE-COMPONENT-ID*


; file: /home/user0/FIM/deps/goggles-shg-growth/lisp/synthesis_authority_cutover_v1.lisp
; in: DEFUN LSIP:APPLY-SYNTHESIS-AUTHORITY-CUTOVER-COMPATIBILITY-V1
;     (EQUAL LSIP::*SEMANTIC-CONSTRUCTOR-SYNTHESIZER-ACTIVE-COMPONENT-ID*
;            LSIP::EXPECTED-CURRENT-REF)
; 
; caught WARNING:
;   undefined variable: LSIP::*SEMANTIC-CONSTRUCTOR-SYNTHESIZER-ACTIVE-COMPONENT-ID*

; in: DEFUN LSIP::SYNTHESIS-AUTHORITY-CUTOVER-CURRENT-REF-V1
;     (ECASE (GETF LSIP::COMMAND :MUTATION-SURFACE)
;       (:SELECTOR-HOOK
;        LSIP::*SYNTHESIS-CAPABILITY-SELECTION-V2-ACTIVE-COMPONENT-ID*)
;       (:RANKING-HOOK LSIP::*SYNTHESIS-CAPABILITY-RANKING-ACTIVE-COMPONENT-ID*)
;       (:EVALUATOR-HOOK LSIP::*SYNTHESIS-EVALUATOR-DISPATCH-ACTIVE-COMPONENT-ID*)
;       (:ADMISSION-HOOK LSIP::*SYNTHESIS-ADMISSION-ACTIVE-COMPONENT-ID*)
;       (:PLANNER-HOOK LSIP::*SYNTHESIS-PLANNER-V2-ACTIVE-COMPONENT-ID*)
;       (:PROPOSAL-PROVIDER-HOOK
;        LSIP::*SYNTHESIS-PROPOSAL-PROVIDER-ACTIVE-COMPONENT-ID*)
;       (:EXECUTION-HOOK LSIP::*SYNTHESIS-EXECUTION-V2-ACTIVE-COMPONENT-ID*)
;       (:ORCHESTRATOR-HOOK LSIP::*SYNTHESIS-ORCHESTRATOR-V2-ACTIVE-COMPONENT-ID*)
;       (:PROVIDER-RESOLUTION-HOOK
;        LSIP::*SYNTHESIS-PROVIDER-RESOLUTION-ACTIVE-COMPONENT-ID*)
;       (:CUTOVER-POLICY-HOOK
;        LSIP::*SYNTHESIS-AUTHORITY-CUTOVER-POLICY-ACTIVE-COMPONENT-ID*)
;       ...)
; --> BLOCK WHEN IF LET WHEN IF RETURN-FROM COND IF IF IF IF IF IF IF IF IF IF 
; --> IF IF 
; ==>
;   (IF (EQL #:H2 41)
;       LSIP::*SEMANTIC-CONSTRUCTOR-SYNTHESIZER-ACTIVE-COMPONENT-ID*
;       (IF (EQL #:H2 48)
;           LSIP::*SYNTHESIS-PLANNER-V2-ACTIVE-COMPONENT-ID*
;           (IF (EQL #:H2 51)
;               LSIP::*SYNTHESIS-EXECUTION-V2-ACTIVE-COMPONENT-ID*
;               (IF (EQL #:H2 53)
;                   LSIP::*SYNTHESIS-EVALUATOR-DISPATCH-ACTIVE-COMPONENT-ID*
;                   (IF #
;                       LSIP::*SYNTHESIS-PROVIDER-RESOLUTION-ACTIVE-COMPONENT-ID*
;                       #)))))
; 
; caught WARNING:
;   undefined variable: LSIP::*SEMANTIC-CONSTRUCTOR-SYNTHESIZER-ACTIVE-COMPONENT-ID*

; 
; caught WARNING:
;   1 more use of undefined variable LSIP::*SEMANTIC-CONSTRUCTOR-SYNTHESIZER-ACTIVE-COMPONENT-ID*


; file: /home/user0/FIM/deps/goggles-shg-growth/lisp/synthesis_self_host_predecessor_lockout_v1.lisp
; in: DEFUN LSIP::LOCKOUT-SYNTHESIS-SELF-HOST-PREDECESSORS-SH20-V1
;     (SETF LSIP::*SYNTHESIS-AUTHORITY-CUTOVER-POLICY-REFERENCE-ENABLED-P* NIL
;           LSIP::*SYNTHESIS-SELF-HOST-PROGRAM-IDENTITY-REFERENCE-ENABLED-P* NIL
;           LSIP::*SYNTHESIS-SELF-HOST-CONSTRUCTOR-PRIMITIVE-REFERENCE-ENABLED-P*
;             NIL
;           LSIP::*SEMANTIC-CONSTRUCTOR-EXECUTOR-REFERENCE-ENABLED-P* NIL
;           LSIP::*SEMANTIC-CONSTRUCTOR-SYNTHESIZER-REFERENCE-ENABLED-P* NIL
;           LSIP::*SEMANTIC-CONSTRUCTOR-VALIDATOR-REFERENCE-ENABLED-P* NIL
;           ...)
; --> SETF 
; ==>
;   (SETQ LSIP::*SEMANTIC-CONSTRUCTOR-SYNTHESIZER-REFERENCE-ENABLED-P* NIL)
; 
; caught WARNING:
;   undefined variable: LSIP::*SEMANTIC-CONSTRUCTOR-SYNTHESIZER-REFERENCE-ENABLED-P*

; in: DEFUN LSIP::SYNTHESIS-SELF-HOST-PREDECESSOR-FLAGS-SH20-V1
;     (LIST LSIP::*SYNTHESIS-AUTHORITY-CUTOVER-POLICY-REFERENCE-ENABLED-P*
;           LSIP::*SYNTHESIS-SELF-HOST-PROGRAM-IDENTITY-REFERENCE-ENABLED-P*
;           LSIP::*SYNTHESIS-SELF-HOST-CONSTRUCTOR-PRIMITIVE-REFERENCE-ENABLED-P*
;           LSIP::*SEMANTIC-CONSTRUCTOR-EXECUTOR-REFERENCE-ENABLED-P*
;           LSIP::*SEMANTIC-CONSTRUCTOR-SYNTHESIZER-REFERENCE-ENABLED-P*
;           LSIP::*SEMANTIC-CONSTRUCTOR-VALIDATOR-REFERENCE-ENABLED-P*
;           LSIP::*SYNTHESIS-SELF-HOST-CONSTRUCTOR-SERVICE-REFERENCE-ENABLED-P*
;           LSIP::*SYNTHESIS-PLANNER-V2-REFERENCE-ENABLED-P*
;           LSIP::*SYNTHESIS-CAPABILITY-SELECTION-V2-REFERENCE-ENABLED-P*
;           LSIP::*SYNTHESIS-CAPABILITY-RANKING-REFERENCE-ENABLED-P*
;           LSIP::*SYNTHESIS-PROVIDER-RESOLUTION-REFERENCE-ENABLED-P* ...)
; 
; caught WARNING:
;   undefined variable: LSIP::*SEMANTIC-CONSTRUCTOR-SYNTHESIZER-REFERENCE-ENABLED-P*


; file: /home/user0/FIM/deps/goggles-shg-growth/lisp/synthesis_self_host_runtime_closure_v1.lisp
; in: DEFUN LSIP::SYNTHESIS-SELF-HOST-RUNTIME-COMPONENT-ROWS-SH19-V1
;     (LIST :COMPONENT :CONSTRUCTOR-SYNTHESIZER :ACTIVE-REF
;           LSIP::*SEMANTIC-CONSTRUCTOR-SYNTHESIZER-ACTIVE-COMPONENT-ID*
;           :PREDECESSOR-REF
;           LSIP::+SEMANTIC-CONSTRUCTOR-SYNTHESIZER-REFERENCE-ID-V1+
;           :PREDECESSOR-ENABLED-P
;           LSIP::*SEMANTIC-CONSTRUCTOR-SYNTHESIZER-REFERENCE-ENABLED-P*)
; 
; caught WARNING:
;   undefined variable: LSIP::*SEMANTIC-CONSTRUCTOR-SYNTHESIZER-REFERENCE-ENABLED-P*

; 
; caught WARNING:
;   2 more uses of undefined variable LSIP::*SEMANTIC-CONSTRUCTOR-SYNTHESIZER-REFERENCE-ENABLED-P*


; file: /home/user0/FIM/deps/goggles-shg-growth/lisp/synthesis_runtime_hook_activation_v1.lisp
; in: DEFUN LSIP::SYNTHESIS-RUNTIME-HOOK-CURRENT-REF-V1
;     (ECASE LSIP::MUTATION-SURFACE
;       (:PROPOSAL-PROVIDER-HOOK
;        LSIP::*SYNTHESIS-PROPOSAL-PROVIDER-ACTIVE-COMPONENT-ID*)
;       (:PLANNER-HOOK LSIP::*SYNTHESIS-PLANNER-V2-ACTIVE-COMPONENT-ID*)
;       (:EXECUTION-HOOK LSIP::*SYNTHESIS-EXECUTION-V2-ACTIVE-COMPONENT-ID*)
;       (:ORCHESTRATOR-HOOK LSIP::*SYNTHESIS-ORCHESTRATOR-V2-ACTIVE-COMPONENT-ID*)
;       (:PROVIDER-RESOLUTION-HOOK
;        LSIP::*SYNTHESIS-PROVIDER-RESOLUTION-ACTIVE-COMPONENT-ID*)
;       (:CUTOVER-POLICY-HOOK
;        LSIP::*SYNTHESIS-AUTHORITY-CUTOVER-POLICY-ACTIVE-COMPONENT-ID*)
;       (:CONSTRUCTOR-PRIMITIVE-HOOK
;        LSIP::*SYNTHESIS-SELF-HOST-CONSTRUCTOR-PRIMITIVE-ACTIVE-COMPONENT-ID*)
;       (:CONSTRUCTOR-SERVICE-HOOK
;        LSIP::*SYNTHESIS-SELF-HOST-CONSTRUCTOR-SERVICE-ACTIVE-COMPONENT-ID*)
;       (:PROGRAM-IDENTITY-HOOK
;        LSIP::*SYNTHESIS-SELF-HOST-PROGRAM-IDENTITY-ACTIVE-COMPONENT-ID*)
;       (:CONSTRUCTOR-EXECUTOR-HOOK
;        LSIP::*SEMANTIC-CONSTRUCTOR-EXECUTOR-ACTIVE-COMPONENT-ID*)
;       ...)
; --> BLOCK WHEN IF LET WHEN IF RETURN-FROM COND IF IF IF IF IF IF IF IF IF IF 
; --> IF IF 
; ==>
;   (IF (EQL #:H2 31)
;       LSIP::*SEMANTIC-CONSTRUCTOR-VALIDATOR-ACTIVE-COMPONENT-ID*
;       (IF (OR (EQL #:H2 3) (EQL #:H2 4) (EQL #:H2 7) (EQL #:H2 8) (EQL #:H2 9)
;               (EQL #:H2 10) (EQL #:H2 11) (EQL #:H2 12) (EQL #:H2 13)
;               (EQL #:H2 15) (EQL #:H2 16) ...)
;           (SB-IMPL::UNREACHABLE)
;           (THE T (SB-IMPL::UNREACHABLE))))
; 
; caught WARNING:
;   undefined variable: LSIP::*SEMANTIC-CONSTRUCTOR-VALIDATOR-ACTIVE-COMPONENT-ID*


; file: /home/user0/FIM/deps/goggles-shg-growth/lisp/synthesis_authority_cutover_v1.lisp
; in: DEFUN LSIP:APPLY-SYNTHESIS-AUTHORITY-CUTOVER-COMPATIBILITY-V1
;     (EQUAL LSIP::*SEMANTIC-CONSTRUCTOR-VALIDATOR-ACTIVE-COMPONENT-ID*
;            LSIP::EXPECTED-CURRENT-REF)
; 
; caught WARNING:
;   undefined variable: LSIP::*SEMANTIC-CONSTRUCTOR-VALIDATOR-ACTIVE-COMPONENT-ID*

; in: DEFUN LSIP::SYNTHESIS-AUTHORITY-CUTOVER-CURRENT-REF-V1
;     (ECASE (GETF LSIP::COMMAND :MUTATION-SURFACE)
;       (:SELECTOR-HOOK
;        LSIP::*SYNTHESIS-CAPABILITY-SELECTION-V2-ACTIVE-COMPONENT-ID*)
;       (:RANKING-HOOK LSIP::*SYNTHESIS-CAPABILITY-RANKING-ACTIVE-COMPONENT-ID*)
;       (:EVALUATOR-HOOK LSIP::*SYNTHESIS-EVALUATOR-DISPATCH-ACTIVE-COMPONENT-ID*)
;       (:ADMISSION-HOOK LSIP::*SYNTHESIS-ADMISSION-ACTIVE-COMPONENT-ID*)
;       (:PLANNER-HOOK LSIP::*SYNTHESIS-PLANNER-V2-ACTIVE-COMPONENT-ID*)
;       (:PROPOSAL-PROVIDER-HOOK
;        LSIP::*SYNTHESIS-PROPOSAL-PROVIDER-ACTIVE-COMPONENT-ID*)
;       (:EXECUTION-HOOK LSIP::*SYNTHESIS-EXECUTION-V2-ACTIVE-COMPONENT-ID*)
;       (:ORCHESTRATOR-HOOK LSIP::*SYNTHESIS-ORCHESTRATOR-V2-ACTIVE-COMPONENT-ID*)
;       (:PROVIDER-RESOLUTION-HOOK
;        LSIP::*SYNTHESIS-PROVIDER-RESOLUTION-ACTIVE-COMPONENT-ID*)
;       (:CUTOVER-POLICY-HOOK
;        LSIP::*SYNTHESIS-AUTHORITY-CUTOVER-POLICY-ACTIVE-COMPONENT-ID*)
;       ...)
; --> BLOCK WHEN IF LET WHEN IF RETURN-FROM COND IF IF IF IF IF IF IF 
; ==>
;   (IF (EQL #:H2 28)
;       LSIP::*SEMANTIC-CONSTRUCTOR-VALIDATOR-ACTIVE-COMPONENT-ID*
;       (IF (EQL #:H2 29)
;           LSIP::*SYNTHESIS-SELF-HOST-PROGRAM-IDENTITY-ACTIVE-COMPONENT-ID*
;           (IF (EQL #:H2 32)
;               LSIP::*SYNTHESIS-SELF-HOST-CONSTRUCTOR-SERVICE-ACTIVE-COMPONENT-ID*
;               (IF (EQL #:H2 34)
;                   LSIP::*SYNTHESIS-CAPABILITY-RANKING-ACTIVE-COMPONENT-ID*
;                   (IF #
;                       LSIP::*SYNTHESIS-AUTHORITY-CUTOVER-POLICY-ACTIVE-COMPONENT-ID*
;                       #)))))
; 
; caught WARNING:
;   undefined variable: LSIP::*SEMANTIC-CONSTRUCTOR-VALIDATOR-ACTIVE-COMPONENT-ID*

; 
; caught WARNING:
;   1 more use of undefined variable LSIP::*SEMANTIC-CONSTRUCTOR-VALIDATOR-ACTIVE-COMPONENT-ID*


; file: /home/user0/FIM/deps/goggles-shg-growth/lisp/synthesis_self_host_predecessor_lockout_v1.lisp
; in: DEFUN LSIP::LOCKOUT-SYNTHESIS-SELF-HOST-PREDECESSORS-SH20-V1
;     (SETF LSIP::*SYNTHESIS-AUTHORITY-CUTOVER-POLICY-REFERENCE-ENABLED-P* NIL
;           LSIP::*SYNTHESIS-SELF-HOST-PROGRAM-IDENTITY-REFERENCE-ENABLED-P* NIL
;           LSIP::*SYNTHESIS-SELF-HOST-CONSTRUCTOR-PRIMITIVE-REFERENCE-ENABLED-P*
;             NIL
;           LSIP::*SEMANTIC-CONSTRUCTOR-EXECUTOR-REFERENCE-ENABLED-P* NIL
;           LSIP::*SEMANTIC-CONSTRUCTOR-SYNTHESIZER-REFERENCE-ENABLED-P* NIL
;           LSIP::*SEMANTIC-CONSTRUCTOR-VALIDATOR-REFERENCE-ENABLED-P* NIL
;           ...)
; --> SETF 
; ==>
;   (SETQ LSIP::*SEMANTIC-CONSTRUCTOR-VALIDATOR-REFERENCE-ENABLED-P* NIL)
; 
; caught WARNING:
;   undefined variable: LSIP::*SEMANTIC-CONSTRUCTOR-VALIDATOR-REFERENCE-ENABLED-P*

; in: DEFUN LSIP::SYNTHESIS-SELF-HOST-PREDECESSOR-FLAGS-SH20-V1
;     (LIST LSIP::*SYNTHESIS-AUTHORITY-CUTOVER-POLICY-REFERENCE-ENABLED-P*
;           LSIP::*SYNTHESIS-SELF-HOST-PROGRAM-IDENTITY-REFERENCE-ENABLED-P*
;           LSIP::*SYNTHESIS-SELF-HOST-CONSTRUCTOR-PRIMITIVE-REFERENCE-ENABLED-P*
;           LSIP::*SEMANTIC-CONSTRUCTOR-EXECUTOR-REFERENCE-ENABLED-P*
;           LSIP::*SEMANTIC-CONSTRUCTOR-SYNTHESIZER-REFERENCE-ENABLED-P*
;           LSIP::*SEMANTIC-CONSTRUCTOR-VALIDATOR-REFERENCE-ENABLED-P*
;           LSIP::*SYNTHESIS-SELF-HOST-CONSTRUCTOR-SERVICE-REFERENCE-ENABLED-P*
;           LSIP::*SYNTHESIS-PLANNER-V2-REFERENCE-ENABLED-P*
;           LSIP::*SYNTHESIS-CAPABILITY-SELECTION-V2-REFERENCE-ENABLED-P*
;           LSIP::*SYNTHESIS-CAPABILITY-RANKING-REFERENCE-ENABLED-P*
;           LSIP::*SYNTHESIS-PROVIDER-RESOLUTION-REFERENCE-ENABLED-P* ...)
; 
; caught WARNING:
;   undefined variable: LSIP::*SEMANTIC-CONSTRUCTOR-VALIDATOR-REFERENCE-ENABLED-P*


; file: /home/user0/FIM/deps/goggles-shg-growth/lisp/synthesis_self_host_runtime_closure_v1.lisp
; in: DEFUN LSIP::SYNTHESIS-SELF-HOST-RUNTIME-COMPONENT-ROWS-SH19-V1
;     (LIST :COMPONENT :CONSTRUCTOR-VALIDATOR :ACTIVE-REF
;           LSIP::*SEMANTIC-CONSTRUCTOR-VALIDATOR-ACTIVE-COMPONENT-ID*
;           :PREDECESSOR-REF LSIP::+SEMANTIC-CONSTRUCTOR-VALIDATOR-REFERENCE-ID-V1+
;           :PREDECESSOR-ENABLED-P
;           LSIP::*SEMANTIC-CONSTRUCTOR-VALIDATOR-REFERENCE-ENABLED-P*)
; 
; caught WARNING:
;   undefined variable: LSIP::*SEMANTIC-CONSTRUCTOR-VALIDATOR-REFERENCE-ENABLED-P*

; 
; caught WARNING:
;   2 more uses of undefined variable LSIP::*SEMANTIC-CONSTRUCTOR-VALIDATOR-REFERENCE-ENABLED-P*


; file: /home/user0/FIM/deps/goggles-shg-growth/lisp/synthesis_proposal_v1.lisp
; in: DEFUN LSIP::SYNTHESIS-PROPOSAL-V1-AUTHORITY-FINGERPRINT
;     (LSIP::MAKE-SYNTHESIS-AUTHORITY-ROOTS-V1 :KERNEL
;                                              (LSIP::SYNTHESIS-OBLIGATION-V1-KERNEL-DIGEST)
;                                              :OVERLAY
;                                              LSIP::*SEMANTIC-SYNTHESIS-OVERLAY-REGISTRY*
;                                              :ADMISSIONS
;                                              LSIP::*SEMANTIC-SYNTHESIS-ADMISSION-EVIDENCE*
;                                              :LIFECYCLES
;                                              LSIP::*SEMANTIC-SYNTHESIS-LIFECYCLE-EVIDENCE*
;                                              :DAG-NODES
;                                              LSIP::*SEMANTIC-SYNTHESIS-OBLIGATION-DAG-NODES*
;                                              :DAG-EDGES ...)
; 
; caught WARNING:
;   undefined variable: LSIP::*SYNTHESIS-REALIZATION-BINDINGS-V1*


; file: /home/user0/FIM/deps/goggles-shg-growth/lisp/synthesis_self_host_v2_successor_generation_v1.lisp
; in:
;      DEFUN LSIP::SYNTHESIS-SELF-HOST-V2-CONSTRUCTOR-VALIDATOR-ACTIVATION-SH29-V1
;     (LIST LSIP::*SYNTHESIS-SELF-HOST-COMPONENT-CONSTRUCTOR-SH35-CAPABILITY-V1*)
; 
; caught WARNING:
;   undefined variable: LSIP::*SYNTHESIS-SELF-HOST-COMPONENT-CONSTRUCTOR-SH35-CAPABILITY-V1*

; in:
;      DEFUN LSIP::SYNTHESIS-SELF-HOST-V2-CONSTRUCTOR-SYNTHESIZER-ACTIVATION-SH29-V1
;     (LIST LSIP::*SYNTHESIS-SELF-HOST-COMPONENT-CONSTRUCTOR-SH35-CAPABILITY-V1*)
; 
; caught WARNING:
;   undefined variable: LSIP::*SYNTHESIS-SELF-HOST-COMPONENT-CONSTRUCTOR-SH35-CAPABILITY-V1*


; file: /home/user0/FIM/deps/goggles-shg-growth/lisp/synthesis_runtime_hook_activation_v1.lisp
; in: DEFUN LSIP::SYNTHESIS-RUNTIME-HOOK-CURRENT-REF-V1
;     (ECASE LSIP::MUTATION-SURFACE
;       (:PROPOSAL-PROVIDER-HOOK
;        LSIP::*SYNTHESIS-PROPOSAL-PROVIDER-ACTIVE-COMPONENT-ID*)
;       (:PLANNER-HOOK LSIP::*SYNTHESIS-PLANNER-V2-ACTIVE-COMPONENT-ID*)
;       (:EXECUTION-HOOK LSIP::*SYNTHESIS-EXECUTION-V2-ACTIVE-COMPONENT-ID*)
;       (:ORCHESTRATOR-HOOK LSIP::*SYNTHESIS-ORCHESTRATOR-V2-ACTIVE-COMPONENT-ID*)
;       (:PROVIDER-RESOLUTION-HOOK
;        LSIP::*SYNTHESIS-PROVIDER-RESOLUTION-ACTIVE-COMPONENT-ID*)
;       (:CUTOVER-POLICY-HOOK
;        LSIP::*SYNTHESIS-AUTHORITY-CUTOVER-POLICY-ACTIVE-COMPONENT-ID*)
;       (:CONSTRUCTOR-PRIMITIVE-HOOK
;        LSIP::*SYNTHESIS-SELF-HOST-CONSTRUCTOR-PRIMITIVE-ACTIVE-COMPONENT-ID*)
;       (:CONSTRUCTOR-SERVICE-HOOK
;        LSIP::*SYNTHESIS-SELF-HOST-CONSTRUCTOR-SERVICE-ACTIVE-COMPONENT-ID*)
;       (:PROGRAM-IDENTITY-HOOK
;        LSIP::*SYNTHESIS-SELF-HOST-PROGRAM-IDENTITY-ACTIVE-COMPONENT-ID*)
;       (:CONSTRUCTOR-EXECUTOR-HOOK
;        LSIP::*SEMANTIC-CONSTRUCTOR-EXECUTOR-ACTIVE-COMPONENT-ID*)
;       ...)
; --> BLOCK WHEN IF LET WHEN IF RETURN-FROM COND IF 
; ==>
;   (IF (EQL #:H2 1)
;       LSIP::*SYNTHESIS-SELF-HOST-CONSTRUCTOR-PRIMITIVE-ACTIVE-COMPONENT-ID*
;       (IF (EQL #:H2 2)
;           LSIP::*SYNTHESIS-PROVIDER-RESOLUTION-ACTIVE-COMPONENT-ID*
;           (IF (EQL #:H2 5)
;               LSIP::*SYNTHESIS-SELF-HOST-PROGRAM-IDENTITY-ACTIVE-COMPONENT-ID*
;               (IF (EQL #:H2 6)
;                   LSIP::*SYNTHESIS-SELF-HOST-SUCCESSOR-CONTROLLER-ACTIVE-COMPONENT-ID*
;                   (IF #
;                       LSIP::*SYNTHESIS-PLANNER-V2-ACTIVE-COMPONENT-ID*
;                       #)))))
; 
; caught WARNING:
;   undefined variable: LSIP::*SYNTHESIS-SELF-HOST-CONSTRUCTOR-PRIMITIVE-ACTIVE-COMPONENT-ID*


; file: /home/user0/FIM/deps/goggles-shg-growth/lisp/synthesis_authority_cutover_v1.lisp
; in: DEFUN LSIP:APPLY-SYNTHESIS-AUTHORITY-CUTOVER-COMPATIBILITY-V1
;     (EQUAL LSIP::*SYNTHESIS-SELF-HOST-CONSTRUCTOR-PRIMITIVE-ACTIVE-COMPONENT-ID*
;            LSIP::EXPECTED-CURRENT-REF)
; 
; caught WARNING:
;   undefined variable: LSIP::*SYNTHESIS-SELF-HOST-CONSTRUCTOR-PRIMITIVE-ACTIVE-COMPONENT-ID*

; in: DEFUN LSIP::SYNTHESIS-AUTHORITY-CUTOVER-CURRENT-REF-V1
;     (ECASE (GETF LSIP::COMMAND :MUTATION-SURFACE)
;       (:SELECTOR-HOOK
;        LSIP::*SYNTHESIS-CAPABILITY-SELECTION-V2-ACTIVE-COMPONENT-ID*)
;       (:RANKING-HOOK LSIP::*SYNTHESIS-CAPABILITY-RANKING-ACTIVE-COMPONENT-ID*)
;       (:EVALUATOR-HOOK LSIP::*SYNTHESIS-EVALUATOR-DISPATCH-ACTIVE-COMPONENT-ID*)
;       (:ADMISSION-HOOK LSIP::*SYNTHESIS-ADMISSION-ACTIVE-COMPONENT-ID*)
;       (:PLANNER-HOOK LSIP::*SYNTHESIS-PLANNER-V2-ACTIVE-COMPONENT-ID*)
;       (:PROPOSAL-PROVIDER-HOOK
;        LSIP::*SYNTHESIS-PROPOSAL-PROVIDER-ACTIVE-COMPONENT-ID*)
;       (:EXECUTION-HOOK LSIP::*SYNTHESIS-EXECUTION-V2-ACTIVE-COMPONENT-ID*)
;       (:ORCHESTRATOR-HOOK LSIP::*SYNTHESIS-ORCHESTRATOR-V2-ACTIVE-COMPONENT-ID*)
;       (:PROVIDER-RESOLUTION-HOOK
;        LSIP::*SYNTHESIS-PROVIDER-RESOLUTION-ACTIVE-COMPONENT-ID*)
;       (:CUTOVER-POLICY-HOOK
;        LSIP::*SYNTHESIS-AUTHORITY-CUTOVER-POLICY-ACTIVE-COMPONENT-ID*)
;       ...)
; --> BLOCK WHEN IF LET WHEN IF RETURN-FROM COND IF IF IF IF IF 
; ==>
;   (IF (EQL #:H2 23)
;       LSIP::*SYNTHESIS-SELF-HOST-CONSTRUCTOR-PRIMITIVE-ACTIVE-COMPONENT-ID*
;       (IF (EQL #:H2 25)
;           LSIP::*SEMANTIC-CONSTRUCTOR-EXECUTOR-ACTIVE-COMPONENT-ID*
;           (IF (EQL #:H2 28)
;               LSIP::*SEMANTIC-CONSTRUCTOR-VALIDATOR-ACTIVE-COMPONENT-ID*
;               (IF (EQL #:H2 29)
;                   LSIP::*SYNTHESIS-SELF-HOST-PROGRAM-IDENTITY-ACTIVE-COMPONENT-ID*
;                   (IF #
;                       LSIP::*SYNTHESIS-SELF-HOST-CONSTRUCTOR-SERVICE-ACTIVE-COMPONENT-ID*
;                       #)))))
; 
; caught WARNING:
;   undefined variable: LSIP::*SYNTHESIS-SELF-HOST-CONSTRUCTOR-PRIMITIVE-ACTIVE-COMPONENT-ID*

; 
; caught WARNING:
;   1 more use of undefined variable LSIP::*SYNTHESIS-SELF-HOST-CONSTRUCTOR-PRIMITIVE-ACTIVE-COMPONENT-ID*


; file: /home/user0/FIM/deps/goggles-shg-growth/lisp/synthesis_self_host_predecessor_lockout_v1.lisp
; in: DEFUN LSIP::LOCKOUT-SYNTHESIS-SELF-HOST-PREDECESSORS-SH20-V1
;     (SETF LSIP::*SYNTHESIS-AUTHORITY-CUTOVER-POLICY-REFERENCE-ENABLED-P* NIL
;           LSIP::*SYNTHESIS-SELF-HOST-PROGRAM-IDENTITY-REFERENCE-ENABLED-P* NIL
;           LSIP::*SYNTHESIS-SELF-HOST-CONSTRUCTOR-PRIMITIVE-REFERENCE-ENABLED-P*
;             NIL
;           LSIP::*SEMANTIC-CONSTRUCTOR-EXECUTOR-REFERENCE-ENABLED-P* NIL
;           LSIP::*SEMANTIC-CONSTRUCTOR-SYNTHESIZER-REFERENCE-ENABLED-P* NIL
;           LSIP::*SEMANTIC-CONSTRUCTOR-VALIDATOR-REFERENCE-ENABLED-P* NIL
;           ...)
; --> SETF 
; ==>
;   (SETQ LSIP::*SYNTHESIS-SELF-HOST-CONSTRUCTOR-PRIMITIVE-REFERENCE-ENABLED-P*
;           NIL)
; 
; caught WARNING:
;   undefined variable: LSIP::*SYNTHESIS-SELF-HOST-CONSTRUCTOR-PRIMITIVE-REFERENCE-ENABLED-P*

; in: DEFUN LSIP::SYNTHESIS-SELF-HOST-PREDECESSOR-FLAGS-SH20-V1
;     (LIST LSIP::*SYNTHESIS-AUTHORITY-CUTOVER-POLICY-REFERENCE-ENABLED-P*
;           LSIP::*SYNTHESIS-SELF-HOST-PROGRAM-IDENTITY-REFERENCE-ENABLED-P*
;           LSIP::*SYNTHESIS-SELF-HOST-CONSTRUCTOR-PRIMITIVE-REFERENCE-ENABLED-P*
;           LSIP::*SEMANTIC-CONSTRUCTOR-EXECUTOR-REFERENCE-ENABLED-P*
;           LSIP::*SEMANTIC-CONSTRUCTOR-SYNTHESIZER-REFERENCE-ENABLED-P*
;           LSIP::*SEMANTIC-CONSTRUCTOR-VALIDATOR-REFERENCE-ENABLED-P*
;           LSIP::*SYNTHESIS-SELF-HOST-CONSTRUCTOR-SERVICE-REFERENCE-ENABLED-P*
;           LSIP::*SYNTHESIS-PLANNER-V2-REFERENCE-ENABLED-P*
;           LSIP::*SYNTHESIS-CAPABILITY-SELECTION-V2-REFERENCE-ENABLED-P*
;           LSIP::*SYNTHESIS-CAPABILITY-RANKING-REFERENCE-ENABLED-P*
;           LSIP::*SYNTHESIS-PROVIDER-RESOLUTION-REFERENCE-ENABLED-P* ...)
; 
; caught WARNING:
;   undefined variable: LSIP::*SYNTHESIS-SELF-HOST-CONSTRUCTOR-PRIMITIVE-REFERENCE-ENABLED-P*


; file: /home/user0/FIM/deps/goggles-shg-growth/lisp/synthesis_self_host_runtime_closure_v1.lisp
; in: DEFUN LSIP::SYNTHESIS-SELF-HOST-RUNTIME-COMPONENT-ROWS-SH19-V1
;     (LIST :COMPONENT :CONSTRUCTOR-PRIMITIVE :ACTIVE-REF
;           LSIP::*SYNTHESIS-SELF-HOST-CONSTRUCTOR-PRIMITIVE-ACTIVE-COMPONENT-ID*
;           :PREDECESSOR-REF
;           LSIP::+SYNTHESIS-SELF-HOST-CONSTRUCTOR-PRIMITIVE-REFERENCE-ID-V1+
;           :PREDECESSOR-ENABLED-P
;           LSIP::*SYNTHESIS-SELF-HOST-CONSTRUCTOR-PRIMITIVE-REFERENCE-ENABLED-P*)
; 
; caught WARNING:
;   undefined variable: LSIP::*SYNTHESIS-SELF-HOST-CONSTRUCTOR-PRIMITIVE-REFERENCE-ENABLED-P*

; 
; caught WARNING:
;   2 more uses of undefined variable LSIP::*SYNTHESIS-SELF-HOST-CONSTRUCTOR-PRIMITIVE-REFERENCE-ENABLED-P*


; file: /home/user0/FIM/deps/goggles-shg-growth/lisp/synthesis_runtime_hook_activation_v1.lisp
; in: DEFUN LSIP::SYNTHESIS-RUNTIME-HOOK-CURRENT-REF-V1
;     (ECASE LSIP::MUTATION-SURFACE
;       (:PROPOSAL-PROVIDER-HOOK
;        LSIP::*SYNTHESIS-PROPOSAL-PROVIDER-ACTIVE-COMPONENT-ID*)
;       (:PLANNER-HOOK LSIP::*SYNTHESIS-PLANNER-V2-ACTIVE-COMPONENT-ID*)
;       (:EXECUTION-HOOK LSIP::*SYNTHESIS-EXECUTION-V2-ACTIVE-COMPONENT-ID*)
;       (:ORCHESTRATOR-HOOK LSIP::*SYNTHESIS-ORCHESTRATOR-V2-ACTIVE-COMPONENT-ID*)
;       (:PROVIDER-RESOLUTION-HOOK
;        LSIP::*SYNTHESIS-PROVIDER-RESOLUTION-ACTIVE-COMPONENT-ID*)
;       (:CUTOVER-POLICY-HOOK
;        LSIP::*SYNTHESIS-AUTHORITY-CUTOVER-POLICY-ACTIVE-COMPONENT-ID*)
;       (:CONSTRUCTOR-PRIMITIVE-HOOK
;        LSIP::*SYNTHESIS-SELF-HOST-CONSTRUCTOR-PRIMITIVE-ACTIVE-COMPONENT-ID*)
;       (:CONSTRUCTOR-SERVICE-HOOK
;        LSIP::*SYNTHESIS-SELF-HOST-CONSTRUCTOR-SERVICE-ACTIVE-COMPONENT-ID*)
;       (:PROGRAM-IDENTITY-HOOK
;        LSIP::*SYNTHESIS-SELF-HOST-PROGRAM-IDENTITY-ACTIVE-COMPONENT-ID*)
;       (:CONSTRUCTOR-EXECUTOR-HOOK
;        LSIP::*SEMANTIC-CONSTRUCTOR-EXECUTOR-ACTIVE-COMPONENT-ID*)
;       ...)
; --> BLOCK WHEN IF LET WHEN IF RETURN-FROM COND IF IF IF IF IF IF IF 
; ==>
;   (IF (EQL #:H2 24)
;       LSIP::*SYNTHESIS-SELF-HOST-CONSTRUCTOR-SERVICE-ACTIVE-COMPONENT-ID*
;       (IF (EQL #:H2 25)
;           LSIP::*SYNTHESIS-ORCHESTRATOR-V2-ACTIVE-COMPONENT-ID*
;           (IF (EQL #:H2 26)
;               LSIP::*SYNTHESIS-EXECUTION-V2-ACTIVE-COMPONENT-ID*
;               (IF (EQL #:H2 28)
;                   LSIP::*SEMANTIC-CONSTRUCTOR-EXECUTOR-ACTIVE-COMPONENT-ID*
;                   (IF #
;                       LSIP::*SYNTHESIS-AUTHORITY-CUTOVER-POLICY-ACTIVE-COMPONENT-ID*
;                       #)))))
; 
; caught WARNING:
;   undefined variable: LSIP::*SYNTHESIS-SELF-HOST-CONSTRUCTOR-SERVICE-ACTIVE-COMPONENT-ID*


; file: /home/user0/FIM/deps/goggles-shg-growth/lisp/synthesis_authority_cutover_v1.lisp
; in: DEFUN LSIP:APPLY-SYNTHESIS-AUTHORITY-CUTOVER-COMPATIBILITY-V1
;     (EQUAL LSIP::*SYNTHESIS-SELF-HOST-CONSTRUCTOR-SERVICE-ACTIVE-COMPONENT-ID*
;            LSIP::EXPECTED-CURRENT-REF)
; 
; caught WARNING:
;   undefined variable: LSIP::*SYNTHESIS-SELF-HOST-CONSTRUCTOR-SERVICE-ACTIVE-COMPONENT-ID*

; in: DEFUN LSIP::SYNTHESIS-AUTHORITY-CUTOVER-CURRENT-REF-V1
;     (ECASE (GETF LSIP::COMMAND :MUTATION-SURFACE)
;       (:SELECTOR-HOOK
;        LSIP::*SYNTHESIS-CAPABILITY-SELECTION-V2-ACTIVE-COMPONENT-ID*)
;       (:RANKING-HOOK LSIP::*SYNTHESIS-CAPABILITY-RANKING-ACTIVE-COMPONENT-ID*)
;       (:EVALUATOR-HOOK LSIP::*SYNTHESIS-EVALUATOR-DISPATCH-ACTIVE-COMPONENT-ID*)
;       (:ADMISSION-HOOK LSIP::*SYNTHESIS-ADMISSION-ACTIVE-COMPONENT-ID*)
;       (:PLANNER-HOOK LSIP::*SYNTHESIS-PLANNER-V2-ACTIVE-COMPONENT-ID*)
;       (:PROPOSAL-PROVIDER-HOOK
;        LSIP::*SYNTHESIS-PROPOSAL-PROVIDER-ACTIVE-COMPONENT-ID*)
;       (:EXECUTION-HOOK LSIP::*SYNTHESIS-EXECUTION-V2-ACTIVE-COMPONENT-ID*)
;       (:ORCHESTRATOR-HOOK LSIP::*SYNTHESIS-ORCHESTRATOR-V2-ACTIVE-COMPONENT-ID*)
;       (:PROVIDER-RESOLUTION-HOOK
;        LSIP::*SYNTHESIS-PROVIDER-RESOLUTION-ACTIVE-COMPONENT-ID*)
;       (:CUTOVER-POLICY-HOOK
;        LSIP::*SYNTHESIS-AUTHORITY-CUTOVER-POLICY-ACTIVE-COMPONENT-ID*)
;       ...)
; --> BLOCK WHEN IF LET WHEN IF RETURN-FROM COND IF IF IF IF IF IF IF IF IF 
; ==>
;   (IF (EQL #:H2 32)
;       LSIP::*SYNTHESIS-SELF-HOST-CONSTRUCTOR-SERVICE-ACTIVE-COMPONENT-ID*
;       (IF (EQL #:H2 34)
;           LSIP::*SYNTHESIS-CAPABILITY-RANKING-ACTIVE-COMPONENT-ID*
;           (IF (EQL #:H2 36)
;               LSIP::*SYNTHESIS-AUTHORITY-CUTOVER-POLICY-ACTIVE-COMPONENT-ID*
;               (IF (EQL #:H2 41)
;                   LSIP::*SEMANTIC-CONSTRUCTOR-SYNTHESIZER-ACTIVE-COMPONENT-ID*
;                   (IF #
;                       LSIP::*SYNTHESIS-PLANNER-V2-ACTIVE-COMPONENT-ID*
;                       #)))))
; 
; caught WARNING:
;   undefined variable: LSIP::*SYNTHESIS-SELF-HOST-CONSTRUCTOR-SERVICE-ACTIVE-COMPONENT-ID*

; 
; caught WARNING:
;   1 more use of undefined variable LSIP::*SYNTHESIS-SELF-HOST-CONSTRUCTOR-SERVICE-ACTIVE-COMPONENT-ID*


; file: /home/user0/FIM/deps/goggles-shg-growth/lisp/synthesis_self_host_predecessor_lockout_v1.lisp
; in: DEFUN LSIP::LOCKOUT-SYNTHESIS-SELF-HOST-PREDECESSORS-SH20-V1
;     (SETF LSIP::*SYNTHESIS-AUTHORITY-CUTOVER-POLICY-REFERENCE-ENABLED-P* NIL
;           LSIP::*SYNTHESIS-SELF-HOST-PROGRAM-IDENTITY-REFERENCE-ENABLED-P* NIL
;           LSIP::*SYNTHESIS-SELF-HOST-CONSTRUCTOR-PRIMITIVE-REFERENCE-ENABLED-P*
;             NIL
;           LSIP::*SEMANTIC-CONSTRUCTOR-EXECUTOR-REFERENCE-ENABLED-P* NIL
;           LSIP::*SEMANTIC-CONSTRUCTOR-SYNTHESIZER-REFERENCE-ENABLED-P* NIL
;           LSIP::*SEMANTIC-CONSTRUCTOR-VALIDATOR-REFERENCE-ENABLED-P* NIL
;           ...)
; --> SETF 
; ==>
;   (SETQ LSIP::*SYNTHESIS-SELF-HOST-CONSTRUCTOR-SERVICE-REFERENCE-ENABLED-P* NIL)
; 
; caught WARNING:
;   undefined variable: LSIP::*SYNTHESIS-SELF-HOST-CONSTRUCTOR-SERVICE-REFERENCE-ENABLED-P*

; in: DEFUN LSIP::SYNTHESIS-SELF-HOST-PREDECESSOR-FLAGS-SH20-V1
;     (LIST LSIP::*SYNTHESIS-AUTHORITY-CUTOVER-POLICY-REFERENCE-ENABLED-P*
;           LSIP::*SYNTHESIS-SELF-HOST-PROGRAM-IDENTITY-REFERENCE-ENABLED-P*
;           LSIP::*SYNTHESIS-SELF-HOST-CONSTRUCTOR-PRIMITIVE-REFERENCE-ENABLED-P*
;           LSIP::*SEMANTIC-CONSTRUCTOR-EXECUTOR-REFERENCE-ENABLED-P*
;           LSIP::*SEMANTIC-CONSTRUCTOR-SYNTHESIZER-REFERENCE-ENABLED-P*
;           LSIP::*SEMANTIC-CONSTRUCTOR-VALIDATOR-REFERENCE-ENABLED-P*
;           LSIP::*SYNTHESIS-SELF-HOST-CONSTRUCTOR-SERVICE-REFERENCE-ENABLED-P*
;           LSIP::*SYNTHESIS-PLANNER-V2-REFERENCE-ENABLED-P*
;           LSIP::*SYNTHESIS-CAPABILITY-SELECTION-V2-REFERENCE-ENABLED-P*
;           LSIP::*SYNTHESIS-CAPABILITY-RANKING-REFERENCE-ENABLED-P*
;           LSIP::*SYNTHESIS-PROVIDER-RESOLUTION-REFERENCE-ENABLED-P* ...)
; 
; caught WARNING:
;   undefined variable: LSIP::*SYNTHESIS-SELF-HOST-CONSTRUCTOR-SERVICE-REFERENCE-ENABLED-P*


; file: /home/user0/FIM/deps/goggles-shg-growth/lisp/synthesis_self_host_runtime_closure_v1.lisp
; in: DEFUN LSIP::SYNTHESIS-SELF-HOST-RUNTIME-COMPONENT-ROWS-SH19-V1
;     (LIST :COMPONENT :CONSTRUCTOR-SERVICE :ACTIVE-REF
;           LSIP::*SYNTHESIS-SELF-HOST-CONSTRUCTOR-SERVICE-ACTIVE-COMPONENT-ID*
;           :PREDECESSOR-REF
;           LSIP::+SYNTHESIS-SELF-HOST-CONSTRUCTOR-SERVICE-REFERENCE-ID-V1+
;           :PREDECESSOR-ENABLED-P
;           LSIP::*SYNTHESIS-SELF-HOST-CONSTRUCTOR-SERVICE-REFERENCE-ENABLED-P*)
; 
; caught WARNING:
;   undefined variable: LSIP::*SYNTHESIS-SELF-HOST-CONSTRUCTOR-SERVICE-REFERENCE-ENABLED-P*

; 
; caught WARNING:
;   2 more uses of undefined variable LSIP::*SYNTHESIS-SELF-HOST-CONSTRUCTOR-SERVICE-REFERENCE-ENABLED-P*


; file: /home/user0/FIM/deps/goggles-shg-growth/lisp/synthesis_runtime_hook_activation_v1.lisp
; in: DEFUN LSIP::SYNTHESIS-RUNTIME-HOOK-CURRENT-REF-V1
;     (ECASE LSIP::MUTATION-SURFACE
;       (:PROPOSAL-PROVIDER-HOOK
;        LSIP::*SYNTHESIS-PROPOSAL-PROVIDER-ACTIVE-COMPONENT-ID*)
;       (:PLANNER-HOOK LSIP::*SYNTHESIS-PLANNER-V2-ACTIVE-COMPONENT-ID*)
;       (:EXECUTION-HOOK LSIP::*SYNTHESIS-EXECUTION-V2-ACTIVE-COMPONENT-ID*)
;       (:ORCHESTRATOR-HOOK LSIP::*SYNTHESIS-ORCHESTRATOR-V2-ACTIVE-COMPONENT-ID*)
;       (:PROVIDER-RESOLUTION-HOOK
;        LSIP::*SYNTHESIS-PROVIDER-RESOLUTION-ACTIVE-COMPONENT-ID*)
;       (:CUTOVER-POLICY-HOOK
;        LSIP::*SYNTHESIS-AUTHORITY-CUTOVER-POLICY-ACTIVE-COMPONENT-ID*)
;       (:CONSTRUCTOR-PRIMITIVE-HOOK
;        LSIP::*SYNTHESIS-SELF-HOST-CONSTRUCTOR-PRIMITIVE-ACTIVE-COMPONENT-ID*)
;       (:CONSTRUCTOR-SERVICE-HOOK
;        LSIP::*SYNTHESIS-SELF-HOST-CONSTRUCTOR-SERVICE-ACTIVE-COMPONENT-ID*)
;       (:PROGRAM-IDENTITY-HOOK
;        LSIP::*SYNTHESIS-SELF-HOST-PROGRAM-IDENTITY-ACTIVE-COMPONENT-ID*)
;       (:CONSTRUCTOR-EXECUTOR-HOOK
;        LSIP::*SEMANTIC-CONSTRUCTOR-EXECUTOR-ACTIVE-COMPONENT-ID*)
;       ...)
; --> BLOCK WHEN IF LET WHEN IF RETURN-FROM COND IF IF IF 
; ==>
;   (IF (EQL #:H2 5)
;       LSIP::*SYNTHESIS-SELF-HOST-PROGRAM-IDENTITY-ACTIVE-COMPONENT-ID*
;       (IF (EQL #:H2 6)
;           LSIP::*SYNTHESIS-SELF-HOST-SUCCESSOR-CONTROLLER-ACTIVE-COMPONENT-ID*
;           (IF (EQL #:H2 14)
;               LSIP::*SYNTHESIS-PLANNER-V2-ACTIVE-COMPONENT-ID*
;               (IF (EQL #:H2 22)
;                   LSIP::*SYNTHESIS-PROPOSAL-PROVIDER-ACTIVE-COMPONENT-ID*
;                   (IF #
;                       LSIP::*SYNTHESIS-SELF-HOST-CONSTRUCTOR-SERVICE-ACTIVE-COMPONENT-ID*
;                       #)))))
; 
; caught WARNING:
;   undefined variable: LSIP::*SYNTHESIS-SELF-HOST-PROGRAM-IDENTITY-ACTIVE-COMPONENT-ID*


; file: /home/user0/FIM/deps/goggles-shg-growth/lisp/synthesis_authority_cutover_v1.lisp
; in: DEFUN LSIP:APPLY-SYNTHESIS-AUTHORITY-CUTOVER-COMPATIBILITY-V1
;     (EQUAL LSIP::*SYNTHESIS-SELF-HOST-PROGRAM-IDENTITY-ACTIVE-COMPONENT-ID*
;            LSIP::EXPECTED-CURRENT-REF)
; 
; caught WARNING:
;   undefined variable: LSIP::*SYNTHESIS-SELF-HOST-PROGRAM-IDENTITY-ACTIVE-COMPONENT-ID*

; in: DEFUN LSIP::SYNTHESIS-AUTHORITY-CUTOVER-CURRENT-REF-V1
;     (ECASE (GETF LSIP::COMMAND :MUTATION-SURFACE)
;       (:SELECTOR-HOOK
;        LSIP::*SYNTHESIS-CAPABILITY-SELECTION-V2-ACTIVE-COMPONENT-ID*)
;       (:RANKING-HOOK LSIP::*SYNTHESIS-CAPABILITY-RANKING-ACTIVE-COMPONENT-ID*)
;       (:EVALUATOR-HOOK LSIP::*SYNTHESIS-EVALUATOR-DISPATCH-ACTIVE-COMPONENT-ID*)
;       (:ADMISSION-HOOK LSIP::*SYNTHESIS-ADMISSION-ACTIVE-COMPONENT-ID*)
;       (:PLANNER-HOOK LSIP::*SYNTHESIS-PLANNER-V2-ACTIVE-COMPONENT-ID*)
;       (:PROPOSAL-PROVIDER-HOOK
;        LSIP::*SYNTHESIS-PROPOSAL-PROVIDER-ACTIVE-COMPONENT-ID*)
;       (:EXECUTION-HOOK LSIP::*SYNTHESIS-EXECUTION-V2-ACTIVE-COMPONENT-ID*)
;       (:ORCHESTRATOR-HOOK LSIP::*SYNTHESIS-ORCHESTRATOR-V2-ACTIVE-COMPONENT-ID*)
;       (:PROVIDER-RESOLUTION-HOOK
;        LSIP::*SYNTHESIS-PROVIDER-RESOLUTION-ACTIVE-COMPONENT-ID*)
;       (:CUTOVER-POLICY-HOOK
;        LSIP::*SYNTHESIS-AUTHORITY-CUTOVER-POLICY-ACTIVE-COMPONENT-ID*)
;       ...)
; --> BLOCK WHEN IF LET WHEN IF RETURN-FROM COND IF IF IF IF IF IF IF IF 
; ==>
;   (IF (EQL #:H2 29)
;       LSIP::*SYNTHESIS-SELF-HOST-PROGRAM-IDENTITY-ACTIVE-COMPONENT-ID*
;       (IF (EQL #:H2 32)
;           LSIP::*SYNTHESIS-SELF-HOST-CONSTRUCTOR-SERVICE-ACTIVE-COMPONENT-ID*
;           (IF (EQL #:H2 34)
;               LSIP::*SYNTHESIS-CAPABILITY-RANKING-ACTIVE-COMPONENT-ID*
;               (IF (EQL #:H2 36)
;                   LSIP::*SYNTHESIS-AUTHORITY-CUTOVER-POLICY-ACTIVE-COMPONENT-ID*
;                   (IF #
;                       LSIP::*SEMANTIC-CONSTRUCTOR-SYNTHESIZER-ACTIVE-COMPONENT-ID*
;                       #)))))
; 
; caught WARNING:
;   undefined variable: LSIP::*SYNTHESIS-SELF-HOST-PROGRAM-IDENTITY-ACTIVE-COMPONENT-ID*

; 
; caught WARNING:
;   1 more use of undefined variable LSIP::*SYNTHESIS-SELF-HOST-PROGRAM-IDENTITY-ACTIVE-COMPONENT-ID*


; file: /home/user0/FIM/deps/goggles-shg-growth/lisp/synthesis_self_host_predecessor_lockout_v1.lisp
; in: DEFUN LSIP::LOCKOUT-SYNTHESIS-SELF-HOST-PREDECESSORS-SH20-V1
;     (SETF LSIP::*SYNTHESIS-AUTHORITY-CUTOVER-POLICY-REFERENCE-ENABLED-P* NIL
;           LSIP::*SYNTHESIS-SELF-HOST-PROGRAM-IDENTITY-REFERENCE-ENABLED-P* NIL
;           LSIP::*SYNTHESIS-SELF-HOST-CONSTRUCTOR-PRIMITIVE-REFERENCE-ENABLED-P*
;             NIL
;           LSIP::*SEMANTIC-CONSTRUCTOR-EXECUTOR-REFERENCE-ENABLED-P* NIL
;           LSIP::*SEMANTIC-CONSTRUCTOR-SYNTHESIZER-REFERENCE-ENABLED-P* NIL
;           LSIP::*SEMANTIC-CONSTRUCTOR-VALIDATOR-REFERENCE-ENABLED-P* NIL
;           ...)
; --> SETF 
; ==>
;   (SETQ LSIP::*SYNTHESIS-SELF-HOST-PROGRAM-IDENTITY-REFERENCE-ENABLED-P* NIL)
; 
; caught WARNING:
;   undefined variable: LSIP::*SYNTHESIS-SELF-HOST-PROGRAM-IDENTITY-REFERENCE-ENABLED-P*

; in: DEFUN LSIP::SYNTHESIS-SELF-HOST-PREDECESSOR-FLAGS-SH20-V1
;     (LIST LSIP::*SYNTHESIS-AUTHORITY-CUTOVER-POLICY-REFERENCE-ENABLED-P*
;           LSIP::*SYNTHESIS-SELF-HOST-PROGRAM-IDENTITY-REFERENCE-ENABLED-P*
;           LSIP::*SYNTHESIS-SELF-HOST-CONSTRUCTOR-PRIMITIVE-REFERENCE-ENABLED-P*
;           LSIP::*SEMANTIC-CONSTRUCTOR-EXECUTOR-REFERENCE-ENABLED-P*
;           LSIP::*SEMANTIC-CONSTRUCTOR-SYNTHESIZER-REFERENCE-ENABLED-P*
;           LSIP::*SEMANTIC-CONSTRUCTOR-VALIDATOR-REFERENCE-ENABLED-P*
;           LSIP::*SYNTHESIS-SELF-HOST-CONSTRUCTOR-SERVICE-REFERENCE-ENABLED-P*
;           LSIP::*SYNTHESIS-PLANNER-V2-REFERENCE-ENABLED-P*
;           LSIP::*SYNTHESIS-CAPABILITY-SELECTION-V2-REFERENCE-ENABLED-P*
;           LSIP::*SYNTHESIS-CAPABILITY-RANKING-REFERENCE-ENABLED-P*
;           LSIP::*SYNTHESIS-PROVIDER-RESOLUTION-REFERENCE-ENABLED-P* ...)
; 
; caught WARNING:
;   undefined variable: LSIP::*SYNTHESIS-SELF-HOST-PROGRAM-IDENTITY-REFERENCE-ENABLED-P*


; file: /home/user0/FIM/deps/goggles-shg-growth/lisp/synthesis_self_host_runtime_closure_v1.lisp
; in: DEFUN LSIP::SYNTHESIS-SELF-HOST-RUNTIME-COMPONENT-ROWS-SH19-V1
;     (LIST :COMPONENT :PROGRAM-IDENTITY :ACTIVE-REF
;           LSIP::*SYNTHESIS-SELF-HOST-PROGRAM-IDENTITY-ACTIVE-COMPONENT-ID*
;           :PREDECESSOR-REF
;           LSIP::+SYNTHESIS-SELF-HOST-PROGRAM-IDENTITY-REFERENCE-ID-V1+
;           :PREDECESSOR-ENABLED-P
;           LSIP::*SYNTHESIS-SELF-HOST-PROGRAM-IDENTITY-REFERENCE-ENABLED-P*)
; 
; caught WARNING:
;   undefined variable: LSIP::*SYNTHESIS-SELF-HOST-PROGRAM-IDENTITY-REFERENCE-ENABLED-P*


; file: /home/user0/FIM/deps/goggles-shg-growth/lisp/synthesis_runtime_hook_activation_v1.lisp
; in: DEFUN LSIP::SYNTHESIS-RUNTIME-HOOK-CURRENT-REF-V1
;     (ECASE LSIP::MUTATION-SURFACE
;       (:PROPOSAL-PROVIDER-HOOK
;        LSIP::*SYNTHESIS-PROPOSAL-PROVIDER-ACTIVE-COMPONENT-ID*)
;       (:PLANNER-HOOK LSIP::*SYNTHESIS-PLANNER-V2-ACTIVE-COMPONENT-ID*)
;       (:EXECUTION-HOOK LSIP::*SYNTHESIS-EXECUTION-V2-ACTIVE-COMPONENT-ID*)
;       (:ORCHESTRATOR-HOOK LSIP::*SYNTHESIS-ORCHESTRATOR-V2-ACTIVE-COMPONENT-ID*)
;       (:PROVIDER-RESOLUTION-HOOK
;        LSIP::*SYNTHESIS-PROVIDER-RESOLUTION-ACTIVE-COMPONENT-ID*)
;       (:CUTOVER-POLICY-HOOK
;        LSIP::*SYNTHESIS-AUTHORITY-CUTOVER-POLICY-ACTIVE-COMPONENT-ID*)
;       (:CONSTRUCTOR-PRIMITIVE-HOOK
;        LSIP::*SYNTHESIS-SELF-HOST-CONSTRUCTOR-PRIMITIVE-ACTIVE-COMPONENT-ID*)
;       (:CONSTRUCTOR-SERVICE-HOOK
;        LSIP::*SYNTHESIS-SELF-HOST-CONSTRUCTOR-SERVICE-ACTIVE-COMPONENT-ID*)
;       (:PROGRAM-IDENTITY-HOOK
;        LSIP::*SYNTHESIS-SELF-HOST-PROGRAM-IDENTITY-ACTIVE-COMPONENT-ID*)
;       (:CONSTRUCTOR-EXECUTOR-HOOK
;        LSIP::*SEMANTIC-CONSTRUCTOR-EXECUTOR-ACTIVE-COMPONENT-ID*)
;       ...)
; --> BLOCK WHEN IF LET WHEN IF RETURN-FROM COND IF IF IF IF 
; ==>
;   (IF (EQL #:H2 6)
;       LSIP::*SYNTHESIS-SELF-HOST-SUCCESSOR-CONTROLLER-ACTIVE-COMPONENT-ID*
;       (IF (EQL #:H2 14)
;           LSIP::*SYNTHESIS-PLANNER-V2-ACTIVE-COMPONENT-ID*
;           (IF (EQL #:H2 22)
;               LSIP::*SYNTHESIS-PROPOSAL-PROVIDER-ACTIVE-COMPONENT-ID*
;               (IF (EQL #:H2 24)
;                   LSIP::*SYNTHESIS-SELF-HOST-CONSTRUCTOR-SERVICE-ACTIVE-COMPONENT-ID*
;                   (IF #
;                       LSIP::*SYNTHESIS-ORCHESTRATOR-V2-ACTIVE-COMPONENT-ID*
;                       #)))))
; 
; caught WARNING:
;   undefined variable: LSIP::*SYNTHESIS-SELF-HOST-SUCCESSOR-CONTROLLER-ACTIVE-COMPONENT-ID*


; file: /home/user0/FIM/deps/goggles-shg-growth/lisp/synthesis_authority_cutover_v1.lisp
; in: DEFUN LSIP:APPLY-SYNTHESIS-AUTHORITY-CUTOVER-COMPATIBILITY-V1
;     (EQUAL LSIP::*SYNTHESIS-SELF-HOST-SUCCESSOR-CONTROLLER-ACTIVE-COMPONENT-ID*
;            LSIP::EXPECTED-CURRENT-REF)
; 
; caught WARNING:
;   undefined variable: LSIP::*SYNTHESIS-SELF-HOST-SUCCESSOR-CONTROLLER-ACTIVE-COMPONENT-ID*

; in: DEFUN LSIP::SYNTHESIS-AUTHORITY-CUTOVER-CURRENT-REF-V1
;     (ECASE (GETF LSIP::COMMAND :MUTATION-SURFACE)
;       (:SELECTOR-HOOK
;        LSIP::*SYNTHESIS-CAPABILITY-SELECTION-V2-ACTIVE-COMPONENT-ID*)
;       (:RANKING-HOOK LSIP::*SYNTHESIS-CAPABILITY-RANKING-ACTIVE-COMPONENT-ID*)
;       (:EVALUATOR-HOOK LSIP::*SYNTHESIS-EVALUATOR-DISPATCH-ACTIVE-COMPONENT-ID*)
;       (:ADMISSION-HOOK LSIP::*SYNTHESIS-ADMISSION-ACTIVE-COMPONENT-ID*)
;       (:PLANNER-HOOK LSIP::*SYNTHESIS-PLANNER-V2-ACTIVE-COMPONENT-ID*)
;       (:PROPOSAL-PROVIDER-HOOK
;        LSIP::*SYNTHESIS-PROPOSAL-PROVIDER-ACTIVE-COMPONENT-ID*)
;       (:EXECUTION-HOOK LSIP::*SYNTHESIS-EXECUTION-V2-ACTIVE-COMPONENT-ID*)
;       (:ORCHESTRATOR-HOOK LSIP::*SYNTHESIS-ORCHESTRATOR-V2-ACTIVE-COMPONENT-ID*)
;       (:PROVIDER-RESOLUTION-HOOK
;        LSIP::*SYNTHESIS-PROVIDER-RESOLUTION-ACTIVE-COMPONENT-ID*)
;       (:CUTOVER-POLICY-HOOK
;        LSIP::*SYNTHESIS-AUTHORITY-CUTOVER-POLICY-ACTIVE-COMPONENT-ID*)
;       ...)
; --> BLOCK WHEN IF LET WHEN IF RETURN-FROM COND 
; ==>
;   (IF (EQL #:H2 4)
;       LSIP::*SYNTHESIS-SELF-HOST-SUCCESSOR-CONTROLLER-ACTIVE-COMPONENT-ID*
;       (IF (EQL #:H2 5)
;           LSIP::*SYNTHESIS-PROPOSAL-PROVIDER-ACTIVE-COMPONENT-ID*
;           (IF (EQL #:H2 11)
;               LSIP::*SYNTHESIS-ORCHESTRATOR-V2-ACTIVE-COMPONENT-ID*
;               (IF (EQL #:H2 13)
;                   LSIP::*SYNTHESIS-CAPABILITY-SELECTION-V2-ACTIVE-COMPONENT-ID*
;                   (IF #
;                       LSIP::*SYNTHESIS-ADMISSION-ACTIVE-COMPONENT-ID*
;                       #)))))
; 
; caught WARNING:
;   undefined variable: LSIP::*SYNTHESIS-SELF-HOST-SUCCESSOR-CONTROLLER-ACTIVE-COMPONENT-ID*

; 
; caught WARNING:
;   2 more uses of undefined variable LSIP::*SYNTHESIS-SELF-HOST-SUCCESSOR-CONTROLLER-ACTIVE-COMPONENT-ID*


; file: /home/user0/FIM/deps/goggles-shg-growth/lisp/synthesis_self_host_predecessor_lockout_v1.lisp
; in: DEFUN LSIP::LOCKOUT-SYNTHESIS-SELF-HOST-PREDECESSORS-SH20-V1
;     (SETF LSIP::*SYNTHESIS-AUTHORITY-CUTOVER-POLICY-REFERENCE-ENABLED-P* NIL
;           LSIP::*SYNTHESIS-SELF-HOST-PROGRAM-IDENTITY-REFERENCE-ENABLED-P* NIL
;           LSIP::*SYNTHESIS-SELF-HOST-CONSTRUCTOR-PRIMITIVE-REFERENCE-ENABLED-P*
;             NIL
;           LSIP::*SEMANTIC-CONSTRUCTOR-EXECUTOR-REFERENCE-ENABLED-P* NIL
;           LSIP::*SEMANTIC-CONSTRUCTOR-SYNTHESIZER-REFERENCE-ENABLED-P* NIL
;           LSIP::*SEMANTIC-CONSTRUCTOR-VALIDATOR-REFERENCE-ENABLED-P* NIL
;           ...)
; --> SETF 
; ==>
;   (SETQ LSIP::*SYNTHESIS-SELF-HOST-SUCCESSOR-CONTROLLER-REFERENCE-ENABLED-P*
;           NIL)
; 
; caught WARNING:
;   undefined variable: LSIP::*SYNTHESIS-SELF-HOST-SUCCESSOR-CONTROLLER-REFERENCE-ENABLED-P*

; in: DEFUN LSIP::SYNTHESIS-SELF-HOST-PREDECESSOR-FLAGS-SH20-V1
;     (LIST LSIP::*SYNTHESIS-AUTHORITY-CUTOVER-POLICY-REFERENCE-ENABLED-P*
;           LSIP::*SYNTHESIS-SELF-HOST-PROGRAM-IDENTITY-REFERENCE-ENABLED-P*
;           LSIP::*SYNTHESIS-SELF-HOST-CONSTRUCTOR-PRIMITIVE-REFERENCE-ENABLED-P*
;           LSIP::*SEMANTIC-CONSTRUCTOR-EXECUTOR-REFERENCE-ENABLED-P*
;           LSIP::*SEMANTIC-CONSTRUCTOR-SYNTHESIZER-REFERENCE-ENABLED-P*
;           LSIP::*SEMANTIC-CONSTRUCTOR-VALIDATOR-REFERENCE-ENABLED-P*
;           LSIP::*SYNTHESIS-SELF-HOST-CONSTRUCTOR-SERVICE-REFERENCE-ENABLED-P*
;           LSIP::*SYNTHESIS-PLANNER-V2-REFERENCE-ENABLED-P*
;           LSIP::*SYNTHESIS-CAPABILITY-SELECTION-V2-REFERENCE-ENABLED-P*
;           LSIP::*SYNTHESIS-CAPABILITY-RANKING-REFERENCE-ENABLED-P*
;           LSIP::*SYNTHESIS-PROVIDER-RESOLUTION-REFERENCE-ENABLED-P* ...)
; 
; caught WARNING:
;   undefined variable: LSIP::*SYNTHESIS-SELF-HOST-SUCCESSOR-CONTROLLER-REFERENCE-ENABLED-P*


; file: /home/user0/FIM/deps/goggles-shg-growth/lisp/synthesis_self_host_runtime_closure_v1.lisp
; in: DEFUN LSIP::SYNTHESIS-SELF-HOST-RUNTIME-COMPONENT-ROWS-SH19-V1
;     (LIST :COMPONENT :SUCCESSOR-CONTROLLER :ACTIVE-REF
;           LSIP::*SYNTHESIS-SELF-HOST-SUCCESSOR-CONTROLLER-ACTIVE-COMPONENT-ID*
;           :PREDECESSOR-REF
;           LSIP::+SYNTHESIS-SELF-HOST-SUCCESSOR-CONTROLLER-REFERENCE-ID-V1+
;           :PREDECESSOR-ENABLED-P
;           LSIP::*SYNTHESIS-SELF-HOST-SUCCESSOR-CONTROLLER-REFERENCE-ENABLED-P*)
; 
; caught WARNING:
;   undefined variable: LSIP::*SYNTHESIS-SELF-HOST-SUCCESSOR-CONTROLLER-REFERENCE-ENABLED-P*

; 
; caught WARNING:
;   8 more uses of undefined variable LSIP::*SYNTHESIS-SELF-HOST-SUCCESSOR-CONTROLLER-REFERENCE-ENABLED-P*


; file: /home/user0/FIM/deps/goggles-shg-growth/lisp/synthesis_self_host_runtime_closure_v1.lisp
; in: DEFUN LSIP::SYNTHESIS-SELF-HOST-RUNTIME-COMPONENT-ROWS-SH19-V1
;     (LIST :COMPONENT :CONSTRUCTOR-EXECUTOR :ACTIVE-REF
;           LSIP::*SEMANTIC-CONSTRUCTOR-EXECUTOR-ACTIVE-COMPONENT-ID*
;           :PREDECESSOR-REF LSIP::+SEMANTIC-CONSTRUCTOR-EXECUTOR-REFERENCE-ID-V1+
;           :PREDECESSOR-ENABLED-P
;           LSIP::*SEMANTIC-CONSTRUCTOR-EXECUTOR-REFERENCE-ENABLED-P*)
; 
; caught WARNING:
;   undefined variable: LSIP::+SEMANTIC-CONSTRUCTOR-EXECUTOR-REFERENCE-ID-V1+


; file: /home/user0/FIM/deps/goggles-shg-growth/lisp/synthesis_reconstruction_grant_v1.lisp
; in: DEFUN LSIP::VALIDATE-SYNTHESIS-RECONSTRUCTION-GRANT-SHAPE-V1
;     (EQUAL (GETF LSIP::GRANT :TARGET-ID)
;            LSIP::+SEMANTIC-CONSTRUCTOR-EXECUTOR-TARGET-ID-V1+)
; 
; caught WARNING:
;   undefined variable: LSIP::+SEMANTIC-CONSTRUCTOR-EXECUTOR-TARGET-ID-V1+

; in: DEFUN LSIP::VALIDATE-SYNTHESIS-RECONSTRUCTION-INTENT-SHAPE-V1
;     (EQUAL (GETF LSIP::INTENT :TARGET-ID)
;            LSIP::+SEMANTIC-CONSTRUCTOR-EXECUTOR-TARGET-ID-V1+)
; 
; caught WARNING:
;   undefined variable: LSIP::+SEMANTIC-CONSTRUCTOR-EXECUTOR-TARGET-ID-V1+


; file: /home/user0/FIM/deps/goggles-shg-growth/lisp/synthesis_self_host_runtime_closure_v1.lisp
; in: DEFUN LSIP::SYNTHESIS-SELF-HOST-RUNTIME-COMPONENT-ROWS-SH19-V1
;     (LIST :COMPONENT :CONSTRUCTOR-SYNTHESIZER :ACTIVE-REF
;           LSIP::*SEMANTIC-CONSTRUCTOR-SYNTHESIZER-ACTIVE-COMPONENT-ID*
;           :PREDECESSOR-REF
;           LSIP::+SEMANTIC-CONSTRUCTOR-SYNTHESIZER-REFERENCE-ID-V1+
;           :PREDECESSOR-ENABLED-P
;           LSIP::*SEMANTIC-CONSTRUCTOR-SYNTHESIZER-REFERENCE-ENABLED-P*)
; 
; caught WARNING:
;   undefined variable: LSIP::+SEMANTIC-CONSTRUCTOR-SYNTHESIZER-REFERENCE-ID-V1+


; file: /home/user0/FIM/deps/goggles-shg-growth/lisp/synthesis_reconstruction_grant_v1.lisp
; in: DEFUN LSIP::VALIDATE-SYNTHESIS-RECONSTRUCTION-GRANT-SHAPE-V1
;     (EQUAL (GETF LSIP::GRANT :TARGET-ID)
;            LSIP::+SEMANTIC-CONSTRUCTOR-SYNTHESIZER-TARGET-ID-V1+)
; 
; caught WARNING:
;   undefined variable: LSIP::+SEMANTIC-CONSTRUCTOR-SYNTHESIZER-TARGET-ID-V1+

; in: DEFUN LSIP::VALIDATE-SYNTHESIS-RECONSTRUCTION-INTENT-SHAPE-V1
;     (EQUAL (GETF LSIP::INTENT :TARGET-ID)
;            LSIP::+SEMANTIC-CONSTRUCTOR-SYNTHESIZER-TARGET-ID-V1+)
; 
; caught WARNING:
;   undefined variable: LSIP::+SEMANTIC-CONSTRUCTOR-SYNTHESIZER-TARGET-ID-V1+


; file: /home/user0/FIM/deps/goggles-shg-growth/lisp/synthesis_self_host_runtime_closure_v1.lisp
; in: DEFUN LSIP::SYNTHESIS-SELF-HOST-RUNTIME-COMPONENT-ROWS-SH19-V1
;     (LIST :COMPONENT :CONSTRUCTOR-VALIDATOR :ACTIVE-REF
;           LSIP::*SEMANTIC-CONSTRUCTOR-VALIDATOR-ACTIVE-COMPONENT-ID*
;           :PREDECESSOR-REF LSIP::+SEMANTIC-CONSTRUCTOR-VALIDATOR-REFERENCE-ID-V1+
;           :PREDECESSOR-ENABLED-P
;           LSIP::*SEMANTIC-CONSTRUCTOR-VALIDATOR-REFERENCE-ENABLED-P*)
; 
; caught WARNING:
;   undefined variable: LSIP::+SEMANTIC-CONSTRUCTOR-VALIDATOR-REFERENCE-ID-V1+


; file: /home/user0/FIM/deps/goggles-shg-growth/lisp/synthesis_reconstruction_grant_v1.lisp
; in: DEFUN LSIP::VALIDATE-SYNTHESIS-RECONSTRUCTION-GRANT-SHAPE-V1
;     (EQUAL (GETF LSIP::GRANT :TARGET-ID)
;            LSIP::+SEMANTIC-CONSTRUCTOR-VALIDATOR-TARGET-ID-V1+)
; 
; caught WARNING:
;   undefined variable: LSIP::+SEMANTIC-CONSTRUCTOR-VALIDATOR-TARGET-ID-V1+

; in: DEFUN LSIP::VALIDATE-SYNTHESIS-RECONSTRUCTION-INTENT-SHAPE-V1
;     (EQUAL (GETF LSIP::INTENT :TARGET-ID)
;            LSIP::+SEMANTIC-CONSTRUCTOR-VALIDATOR-TARGET-ID-V1+)
; 
; caught WARNING:
;   undefined variable: LSIP::+SEMANTIC-CONSTRUCTOR-VALIDATOR-TARGET-ID-V1+

; in: DEFUN LSIP::VALIDATE-SYNTHESIS-RECONSTRUCTION-GRANT-SHAPE-V1
;     (EQUAL (GETF LSIP::GRANT :TARGET-ID)
;            LSIP:+SYNTHESIS-ADMISSION-SH13-TARGET-ID-V1+)
; 
; caught WARNING:
;   undefined variable: LSIP:+SYNTHESIS-ADMISSION-SH13-TARGET-ID-V1+

; in: DEFUN LSIP::VALIDATE-SYNTHESIS-RECONSTRUCTION-INTENT-SHAPE-V1
;     (EQUAL (GETF LSIP::INTENT :TARGET-ID)
;            LSIP:+SYNTHESIS-ADMISSION-SH13-TARGET-ID-V1+)
; 
; caught WARNING:
;   undefined variable: LSIP:+SYNTHESIS-ADMISSION-SH13-TARGET-ID-V1+

; in: DEFUN LSIP::VALIDATE-SYNTHESIS-RECONSTRUCTION-GRANT-SHAPE-V1
;     (EQUAL (GETF LSIP::GRANT :TARGET-ID)
;            LSIP::+SYNTHESIS-AUTHORITY-CUTOVER-POLICY-TARGET-ID-V1+)
; 
; caught WARNING:
;   undefined variable: LSIP::+SYNTHESIS-AUTHORITY-CUTOVER-POLICY-TARGET-ID-V1+

; in: DEFUN LSIP::VALIDATE-SYNTHESIS-RECONSTRUCTION-INTENT-SHAPE-V1
;     (EQUAL (GETF LSIP::INTENT :TARGET-ID)
;            LSIP::+SYNTHESIS-AUTHORITY-CUTOVER-POLICY-TARGET-ID-V1+)
; 
; caught WARNING:
;   undefined variable: LSIP::+SYNTHESIS-AUTHORITY-CUTOVER-POLICY-TARGET-ID-V1+

; in: DEFUN LSIP::VALIDATE-SYNTHESIS-RECONSTRUCTION-GRANT-SHAPE-V1
;     (EQUAL (GETF LSIP::GRANT :TARGET-ID)
;            LSIP:+SYNTHESIS-CAPABILITY-RANKING-SH11-TARGET-ID-V1+)
; 
; caught WARNING:
;   undefined variable: LSIP:+SYNTHESIS-CAPABILITY-RANKING-SH11-TARGET-ID-V1+

; in: DEFUN LSIP::VALIDATE-SYNTHESIS-RECONSTRUCTION-INTENT-SHAPE-V1
;     (EQUAL (GETF LSIP::INTENT :TARGET-ID)
;            LSIP:+SYNTHESIS-CAPABILITY-RANKING-SH11-TARGET-ID-V1+)
; 
; caught WARNING:
;   undefined variable: LSIP:+SYNTHESIS-CAPABILITY-RANKING-SH11-TARGET-ID-V1+

; in: DEFUN LSIP::VALIDATE-SYNTHESIS-RECONSTRUCTION-GRANT-SHAPE-V1
;     (EQUAL (GETF LSIP::GRANT :TARGET-ID)
;            LSIP:+SYNTHESIS-CAPABILITY-SELECTOR-SH5-TARGET-ID-V1+)
; 
; caught WARNING:
;   undefined variable: LSIP:+SYNTHESIS-CAPABILITY-SELECTOR-SH5-TARGET-ID-V1+

; in: DEFUN LSIP::VALIDATE-SYNTHESIS-RECONSTRUCTION-INTENT-SHAPE-V1
;     (EQUAL (GETF LSIP::INTENT :TARGET-ID)
;            LSIP:+SYNTHESIS-CAPABILITY-SELECTOR-SH5-TARGET-ID-V1+)
; 
; caught WARNING:
;   undefined variable: LSIP:+SYNTHESIS-CAPABILITY-SELECTOR-SH5-TARGET-ID-V1+

; in: DEFUN LSIP::VALIDATE-SYNTHESIS-RECONSTRUCTION-GRANT-SHAPE-V1
;     (EQUAL (GETF LSIP::GRANT :TARGET-ID)
;            LSIP:+SYNTHESIS-EVALUATOR-DISPATCH-SH12-TARGET-ID-V1+)
; 
; caught WARNING:
;   undefined variable: LSIP:+SYNTHESIS-EVALUATOR-DISPATCH-SH12-TARGET-ID-V1+

; in: DEFUN LSIP::VALIDATE-SYNTHESIS-RECONSTRUCTION-INTENT-SHAPE-V1
;     (EQUAL (GETF LSIP::INTENT :TARGET-ID)
;            LSIP:+SYNTHESIS-EVALUATOR-DISPATCH-SH12-TARGET-ID-V1+)
; 
; caught WARNING:
;   undefined variable: LSIP:+SYNTHESIS-EVALUATOR-DISPATCH-SH12-TARGET-ID-V1+

; in: DEFUN LSIP::VALIDATE-SYNTHESIS-RECONSTRUCTION-GRANT-SHAPE-V1
;     (EQUAL (GETF LSIP::GRANT :TARGET-ID)
;            LSIP::+SYNTHESIS-EXECUTION-SH16-TARGET-ID-V1+)
; 
; caught WARNING:
;   undefined variable: LSIP::+SYNTHESIS-EXECUTION-SH16-TARGET-ID-V1+

; in: DEFUN LSIP::VALIDATE-SYNTHESIS-RECONSTRUCTION-INTENT-SHAPE-V1
;     (EQUAL (GETF LSIP::INTENT :TARGET-ID)
;            LSIP::+SYNTHESIS-EXECUTION-SH16-TARGET-ID-V1+)
; 
; caught WARNING:
;   undefined variable: LSIP::+SYNTHESIS-EXECUTION-SH16-TARGET-ID-V1+

; in: DEFUN LSIP::VALIDATE-SYNTHESIS-RECONSTRUCTION-GRANT-SHAPE-V1
;     (EQUAL (GETF LSIP::GRANT :TARGET-ID)
;            LSIP::+SYNTHESIS-ORCHESTRATOR-SH17-TARGET-ID-V1+)
; 
; caught WARNING:
;   undefined variable: LSIP::+SYNTHESIS-ORCHESTRATOR-SH17-TARGET-ID-V1+

; in: DEFUN LSIP::VALIDATE-SYNTHESIS-RECONSTRUCTION-INTENT-SHAPE-V1
;     (EQUAL (GETF LSIP::INTENT :TARGET-ID)
;            LSIP::+SYNTHESIS-ORCHESTRATOR-SH17-TARGET-ID-V1+)
; 
; caught WARNING:
;   undefined variable: LSIP::+SYNTHESIS-ORCHESTRATOR-SH17-TARGET-ID-V1+

; in: DEFUN LSIP::VALIDATE-SYNTHESIS-RECONSTRUCTION-GRANT-SHAPE-V1
;     (EQUAL (GETF LSIP::GRANT :TARGET-ID)
;            LSIP::+SYNTHESIS-PLANNER-SH15-TARGET-ID-V1+)
; 
; caught WARNING:
;   undefined variable: LSIP::+SYNTHESIS-PLANNER-SH15-TARGET-ID-V1+

; in: DEFUN LSIP::VALIDATE-SYNTHESIS-RECONSTRUCTION-INTENT-SHAPE-V1
;     (EQUAL (GETF LSIP::INTENT :TARGET-ID)
;            LSIP::+SYNTHESIS-PLANNER-SH15-TARGET-ID-V1+)
; 
; caught WARNING:
;   undefined variable: LSIP::+SYNTHESIS-PLANNER-SH15-TARGET-ID-V1+

; in: DEFUN LSIP::VALIDATE-SYNTHESIS-RECONSTRUCTION-GRANT-SHAPE-V1
;     (EQUAL (GETF LSIP::GRANT :TARGET-ID)
;            LSIP::+SYNTHESIS-PROPOSAL-PROVIDER-SH14-TARGET-ID-V1+)
; 
; caught WARNING:
;   undefined variable: LSIP::+SYNTHESIS-PROPOSAL-PROVIDER-SH14-TARGET-ID-V1+

; in: DEFUN LSIP::VALIDATE-SYNTHESIS-RECONSTRUCTION-INTENT-SHAPE-V1
;     (EQUAL (GETF LSIP::INTENT :TARGET-ID)
;            LSIP::+SYNTHESIS-PROPOSAL-PROVIDER-SH14-TARGET-ID-V1+)
; 
; caught WARNING:
;   undefined variable: LSIP::+SYNTHESIS-PROPOSAL-PROVIDER-SH14-TARGET-ID-V1+

; in: DEFUN LSIP::VALIDATE-SYNTHESIS-RECONSTRUCTION-GRANT-SHAPE-V1
;     (EQUAL (GETF LSIP::GRANT :TARGET-ID)
;            LSIP::+SYNTHESIS-PROVIDER-RESOLUTION-SH18-TARGET-ID-V1+)
; 
; caught WARNING:
;   undefined variable: LSIP::+SYNTHESIS-PROVIDER-RESOLUTION-SH18-TARGET-ID-V1+

; in: DEFUN LSIP::VALIDATE-SYNTHESIS-RECONSTRUCTION-INTENT-SHAPE-V1
;     (EQUAL (GETF LSIP::INTENT :TARGET-ID)
;            LSIP::+SYNTHESIS-PROVIDER-RESOLUTION-SH18-TARGET-ID-V1+)
; 
; caught WARNING:
;   undefined variable: LSIP::+SYNTHESIS-PROVIDER-RESOLUTION-SH18-TARGET-ID-V1+


; file: /home/user0/FIM/deps/goggles-shg-growth/lisp/synthesis_self_host_semantic_frontend_v1.lisp
; in:
;      DEFUN LSIP:SYNTHESIS-SELF-HOST-COMPONENT-BLUEPRINT-THROUGH-SEMANTIC-FRONT-V1
;     (LIST :SCHEMA :SYNTHESIS-SELF-HOST-COMPONENT-BLUEPRINT-SH35-V1 :VERSION
;           LSIP::+SYNTHESIS-SELF-HOST-COMPONENT-CONSTRUCTOR-SH35-VERSION-V1+
;           :COMPONENT LSIP::COMPONENT :SOURCE-REF
;           (GETF LSIP::COMPAT-SOURCE :SOURCE-REF) :SOURCE LSIP::COMPAT-SOURCE
;           :PROGRAM-REF ...)
; 
; caught WARNING:
;   undefined variable: LSIP::+SYNTHESIS-SELF-HOST-COMPONENT-CONSTRUCTOR-SH35-VERSION-V1+

; in: DEFUN LSIP::SYNTHESIS-SELF-HOST-SEMANTIC-COMPAT-SOURCE-V1
;     (LIST :SCHEMA :SYNTHESIS-SELF-HOST-COMPONENT-SOURCE-SH35-V1 :VERSION
;           LSIP::+SYNTHESIS-SELF-HOST-COMPONENT-CONSTRUCTOR-SH35-VERSION-V1+
;           :COMPONENT LSIP::COMPONENT :FIELD-ORDER (COPY-LIST LSIP::KEYS)
;           :PROGRAM-FIELDS LSIP::FIELDS :EXECUTABLE-SOURCE ...)
; 
; caught WARNING:
;   undefined variable: LSIP::+SYNTHESIS-SELF-HOST-COMPONENT-CONSTRUCTOR-SH35-VERSION-V1+


; file: /home/user0/FIM/deps/goggles-shg-growth/lisp/synthesis_self_host_runtime_closure_v1.lisp
; in: DEFUN LSIP::SYNTHESIS-SELF-HOST-RUNTIME-COMPONENT-ROWS-SH19-V1
;     (LIST :COMPONENT :CONSTRUCTOR-PRIMITIVE :ACTIVE-REF
;           LSIP::*SYNTHESIS-SELF-HOST-CONSTRUCTOR-PRIMITIVE-ACTIVE-COMPONENT-ID*
;           :PREDECESSOR-REF
;           LSIP::+SYNTHESIS-SELF-HOST-CONSTRUCTOR-PRIMITIVE-REFERENCE-ID-V1+
;           :PREDECESSOR-ENABLED-P
;           LSIP::*SYNTHESIS-SELF-HOST-CONSTRUCTOR-PRIMITIVE-REFERENCE-ENABLED-P*)
; 
; caught WARNING:
;   undefined variable: LSIP::+SYNTHESIS-SELF-HOST-CONSTRUCTOR-PRIMITIVE-REFERENCE-ID-V1+


; file: /home/user0/FIM/deps/goggles-shg-growth/lisp/synthesis_reconstruction_grant_v1.lisp
; in: DEFUN LSIP::VALIDATE-SYNTHESIS-RECONSTRUCTION-GRANT-SHAPE-V1
;     (EQUAL (GETF LSIP::GRANT :TARGET-ID)
;            LSIP::+SYNTHESIS-SELF-HOST-CONSTRUCTOR-PRIMITIVE-TARGET-ID-V1+)
; 
; caught WARNING:
;   undefined variable: LSIP::+SYNTHESIS-SELF-HOST-CONSTRUCTOR-PRIMITIVE-TARGET-ID-V1+

; in: DEFUN LSIP::VALIDATE-SYNTHESIS-RECONSTRUCTION-INTENT-SHAPE-V1
;     (EQUAL (GETF LSIP::INTENT :TARGET-ID)
;            LSIP::+SYNTHESIS-SELF-HOST-CONSTRUCTOR-PRIMITIVE-TARGET-ID-V1+)
; 
; caught WARNING:
;   undefined variable: LSIP::+SYNTHESIS-SELF-HOST-CONSTRUCTOR-PRIMITIVE-TARGET-ID-V1+


; file: /home/user0/FIM/deps/goggles-shg-growth/lisp/synthesis_self_host_runtime_closure_v1.lisp
; in: DEFUN LSIP::SYNTHESIS-SELF-HOST-RUNTIME-COMPONENT-ROWS-SH19-V1
;     (LIST :COMPONENT :CONSTRUCTOR-SERVICE :ACTIVE-REF
;           LSIP::*SYNTHESIS-SELF-HOST-CONSTRUCTOR-SERVICE-ACTIVE-COMPONENT-ID*
;           :PREDECESSOR-REF
;           LSIP::+SYNTHESIS-SELF-HOST-CONSTRUCTOR-SERVICE-REFERENCE-ID-V1+
;           :PREDECESSOR-ENABLED-P
;           LSIP::*SYNTHESIS-SELF-HOST-CONSTRUCTOR-SERVICE-REFERENCE-ENABLED-P*)
; 
; caught WARNING:
;   undefined variable: LSIP::+SYNTHESIS-SELF-HOST-CONSTRUCTOR-SERVICE-REFERENCE-ID-V1+


; file: /home/user0/FIM/deps/goggles-shg-growth/lisp/synthesis_reconstruction_grant_v1.lisp
; in: DEFUN LSIP::VALIDATE-SYNTHESIS-RECONSTRUCTION-GRANT-SHAPE-V1
;     (EQUAL (GETF LSIP::GRANT :TARGET-ID)
;            LSIP::+SYNTHESIS-SELF-HOST-CONSTRUCTOR-SERVICE-TARGET-ID-V1+)
; 
; caught WARNING:
;   undefined variable: LSIP::+SYNTHESIS-SELF-HOST-CONSTRUCTOR-SERVICE-TARGET-ID-V1+

; in: DEFUN LSIP::VALIDATE-SYNTHESIS-RECONSTRUCTION-INTENT-SHAPE-V1
;     (EQUAL (GETF LSIP::INTENT :TARGET-ID)
;            LSIP::+SYNTHESIS-SELF-HOST-CONSTRUCTOR-SERVICE-TARGET-ID-V1+)
; 
; caught WARNING:
;   undefined variable: LSIP::+SYNTHESIS-SELF-HOST-CONSTRUCTOR-SERVICE-TARGET-ID-V1+


; file: /home/user0/FIM/deps/goggles-shg-growth/lisp/synthesis_self_host_runtime_closure_v1.lisp
; in: DEFUN LSIP::SYNTHESIS-SELF-HOST-RUNTIME-COMPONENT-ROWS-SH19-V1
;     (LIST :COMPONENT :PROGRAM-IDENTITY :ACTIVE-REF
;           LSIP::*SYNTHESIS-SELF-HOST-PROGRAM-IDENTITY-ACTIVE-COMPONENT-ID*
;           :PREDECESSOR-REF
;           LSIP::+SYNTHESIS-SELF-HOST-PROGRAM-IDENTITY-REFERENCE-ID-V1+
;           :PREDECESSOR-ENABLED-P
;           LSIP::*SYNTHESIS-SELF-HOST-PROGRAM-IDENTITY-REFERENCE-ENABLED-P*)
; 
; caught WARNING:
;   undefined variable: LSIP::+SYNTHESIS-SELF-HOST-PROGRAM-IDENTITY-REFERENCE-ID-V1+


; file: /home/user0/FIM/deps/goggles-shg-growth/lisp/synthesis_reconstruction_grant_v1.lisp
; in: DEFUN LSIP::VALIDATE-SYNTHESIS-RECONSTRUCTION-GRANT-SHAPE-V1
;     (EQUAL (GETF LSIP::GRANT :TARGET-ID)
;            LSIP::+SYNTHESIS-SELF-HOST-PROGRAM-IDENTITY-TARGET-ID-V1+)
; 
; caught WARNING:
;   undefined variable: LSIP::+SYNTHESIS-SELF-HOST-PROGRAM-IDENTITY-TARGET-ID-V1+

; in: DEFUN LSIP::VALIDATE-SYNTHESIS-RECONSTRUCTION-INTENT-SHAPE-V1
;     (EQUAL (GETF LSIP::INTENT :TARGET-ID)
;            LSIP::+SYNTHESIS-SELF-HOST-PROGRAM-IDENTITY-TARGET-ID-V1+)
; 
; caught WARNING:
;   undefined variable: LSIP::+SYNTHESIS-SELF-HOST-PROGRAM-IDENTITY-TARGET-ID-V1+


; file: /home/user0/FIM/deps/goggles-shg-growth/lisp/synthesis_self_host_successor_controller_self_host_v1.lisp
; in:
;      DEFUN LSIP::VALIDATE-SYNTHESIS-SELF-HOST-SUCCESSOR-CONTROLLER-SH42-DESCRIPTION-V1
;     (EQUAL (GETF LSIP::DESCRIPTION :PREDECESSOR-REF)
;            LSIP::+SYNTHESIS-SELF-HOST-SUCCESSOR-CONTROLLER-REFERENCE-ID-V1+)
; 
; caught WARNING:
;   undefined variable: LSIP::+SYNTHESIS-SELF-HOST-SUCCESSOR-CONTROLLER-REFERENCE-ID-V1+

; in:
;      DEFUN LSIP::SYNTHESIS-SELF-HOST-SUCCESSOR-CONTROLLER-SH42-DESCRIPTION-V1
;     (LIST :SCHEMA :SYNTHESIS-SELF-HOST-SUCCESSOR-CONTROLLER-DESCRIPTION-V1
;           :VERSION 1 :COMPONENT-ID
;           LSIP::+SYNTHESIS-SELF-HOST-SUCCESSOR-CONTROLLER-TARGET-ID-V1+
;           :COMPONENT-KIND :SELF-HOST-SUCCESSOR-CONTROLLER :PREDECESSOR-REF
;           LSIP::+SYNTHESIS-SELF-HOST-SUCCESSOR-CONTROLLER-REFERENCE-ID-V1+
;           :INPUT-KIND ...)
; 
; caught WARNING:
;   undefined variable: LSIP::+SYNTHESIS-SELF-HOST-SUCCESSOR-CONTROLLER-REFERENCE-ID-V1+


; file: /home/user0/FIM/deps/goggles-shg-growth/lisp/synthesis_self_host_runtime_closure_v1.lisp
; in: DEFUN LSIP::SYNTHESIS-SELF-HOST-RUNTIME-COMPONENT-ROWS-SH19-V1
;     (LIST :COMPONENT :SUCCESSOR-CONTROLLER :ACTIVE-REF
;           LSIP::*SYNTHESIS-SELF-HOST-SUCCESSOR-CONTROLLER-ACTIVE-COMPONENT-ID*
;           :PREDECESSOR-REF
;           LSIP::+SYNTHESIS-SELF-HOST-SUCCESSOR-CONTROLLER-REFERENCE-ID-V1+
;           :PREDECESSOR-ENABLED-P
;           LSIP::*SYNTHESIS-SELF-HOST-SUCCESSOR-CONTROLLER-REFERENCE-ENABLED-P*)
; 
; caught WARNING:
;   undefined variable: LSIP::+SYNTHESIS-SELF-HOST-SUCCESSOR-CONTROLLER-REFERENCE-ID-V1+

; 
; caught WARNING:
;   4 more uses of undefined variable LSIP::+SYNTHESIS-SELF-HOST-SUCCESSOR-CONTROLLER-REFERENCE-ID-V1+


; file: /home/user0/FIM/deps/goggles-shg-growth/lisp/synthesis_self_host_successor_controller_self_host_v1.lisp
; in:
;      DEFUN LSIP::SYNTHESIS-SELF-HOST-SUCCESSOR-CONTROLLER-SH42-DESCRIPTION-V1
;     (LIST :SCHEMA :SYNTHESIS-SELF-HOST-SUCCESSOR-CONTROLLER-DESCRIPTION-V1
;           :VERSION 1 :COMPONENT-ID
;           LSIP::+SYNTHESIS-SELF-HOST-SUCCESSOR-CONTROLLER-TARGET-ID-V1+
;           :COMPONENT-KIND :SELF-HOST-SUCCESSOR-CONTROLLER :PREDECESSOR-REF
;           LSIP::+SYNTHESIS-SELF-HOST-SUCCESSOR-CONTROLLER-REFERENCE-ID-V1+
;           :INPUT-KIND ...)
; 
; caught WARNING:
;   undefined variable: LSIP::+SYNTHESIS-SELF-HOST-SUCCESSOR-CONTROLLER-TARGET-ID-V1+


; file: /home/user0/FIM/deps/goggles-shg-growth/lisp/synthesis_reconstruction_grant_v1.lisp
; in: DEFUN LSIP::VALIDATE-SYNTHESIS-RECONSTRUCTION-GRANT-SHAPE-V1
;     (EQUAL (GETF LSIP::GRANT :TARGET-ID)
;            LSIP::+SYNTHESIS-SELF-HOST-SUCCESSOR-CONTROLLER-TARGET-ID-V1+)
; 
; caught WARNING:
;   undefined variable: LSIP::+SYNTHESIS-SELF-HOST-SUCCESSOR-CONTROLLER-TARGET-ID-V1+

; in: DEFUN LSIP::VALIDATE-SYNTHESIS-RECONSTRUCTION-INTENT-SHAPE-V1
;     (EQUAL (GETF LSIP::INTENT :TARGET-ID)
;            LSIP::+SYNTHESIS-SELF-HOST-SUCCESSOR-CONTROLLER-TARGET-ID-V1+)
; 
; caught WARNING:
;   undefined variable: LSIP::+SYNTHESIS-SELF-HOST-SUCCESSOR-CONTROLLER-TARGET-ID-V1+

; 
; caught WARNING:
;   5 more uses of undefined variable LSIP::+SYNTHESIS-SELF-HOST-SUCCESSOR-CONTROLLER-TARGET-ID-V1+


; file: /home/user0/FIM/deps/goggles-shg-growth/lisp/synthesis_capability_selection_bootstrap_v1.lisp
; in: DEFUN LSIP:GENERATE-SYNTHESIS-CAPABILITY-SELECTOR-SH6-SUCCESSOR-V1
;     (VALUES LSIP::ACCEPTED LSIP::OUTPUT LSIP::OBLIGATION LSIP::PLAN LSIP::PROGRAM
;             LSIP::SUCCESSOR-INSTANCE-REF LSIP::WITNESS)
; 
; caught WARNING:
;   undefined variable: LSIP::ACCEPTED

;     (LSIP::RPB-ID LSIP::ACCEPTED)
; 
; caught WARNING:
;   undefined variable: LSIP::ACCEPTED


; file: /home/user0/FIM/deps/goggles-shg-growth/lisp/evaluator.lisp
; in: DEFUN LSIP::COMPILER-IR-EVAL-RUNTIME-STATE-SEED-WRAPPER-V1
;     (LSIP::COMPILER-IR-EVAL-RUNTIME-STATE-SEED-V1 LSIP::MODULE
;      LSIP::FUNCTION-NAME LSIP::ARG-VALUES)
; 
; caught STYLE-WARNING:
;   undefined function: LSIP::COMPILER-IR-EVAL-RUNTIME-STATE-SEED-V1


; file: /home/user0/FIM/deps/goggles-shg-growth/lisp/semantic_composition_search_v1.lisp
; in: DEFUN LSIP::SEMANTIC-PARAMETER-FORMAL-MODEL-QUERY-V1
;     (LSIP::FORMAL-SMT-MODEL-PROVIDER-SELECTION-V1-FORM LSIP::PROVIDER-SELECTION)
; 
; caught STYLE-WARNING:
;   undefined function: LSIP::FORMAL-SMT-MODEL-PROVIDER-SELECTION-V1-FORM

;     (LSIP::FORMAL-SMT-MODEL-PROVIDER-V1-PROVIDER-REF LSIP::PROVIDER)
; 
; caught STYLE-WARNING:
;   undefined function: LSIP::FORMAL-SMT-MODEL-PROVIDER-V1-PROVIDER-REF

; in: DEFUN LSIP::SEMANTIC-PARAMETER-MODEL-CANDIDATES-V1
;     (LSIP::FORMAL-SMT-MODEL-QUERY-V1-FORM LSIP::QUERY)
; 
; caught STYLE-WARNING:
;   undefined function: LSIP::FORMAL-SMT-MODEL-QUERY-V1-FORM

;     (LSIP::FORMAL-SMT-MODEL-QUERY-V1-METADATA LSIP::QUERY)
; 
; caught STYLE-WARNING:
;   undefined function: LSIP::FORMAL-SMT-MODEL-QUERY-V1-METADATA

;     (LSIP::FORMAL-SMT-MODEL-QUERY-V1-PROVIDER-REF LSIP::QUERY)
; 
; caught STYLE-WARNING:
;   undefined function: LSIP::FORMAL-SMT-MODEL-QUERY-V1-PROVIDER-REF

;     (LSIP::FORMAL-SMT-MODEL-QUERY-V1-QUERY-ID LSIP::QUERY)
; 
; caught STYLE-WARNING:
;   undefined function: LSIP::FORMAL-SMT-MODEL-QUERY-V1-QUERY-ID

; in: DEFUN LSIP::SEMANTIC-PARAMETER-MODEL-RECEIPT-ROWS-V1
;     (LSIP::FORMAL-SMT-MODEL-RECEIPT-V1-FORM LSIP::RECEIPT)
; 
; caught STYLE-WARNING:
;   undefined function: LSIP::FORMAL-SMT-MODEL-RECEIPT-V1-FORM

;     (LSIP::FORMAL-SMT-MODEL-RECEIPT-V1-MODELS LSIP::RECEIPT)
; 
; caught STYLE-WARNING:
;   undefined function: LSIP::FORMAL-SMT-MODEL-RECEIPT-V1-MODELS

; in: DEFUN LSIP::SEMANTIC-PARAMETER-MODEL-CANDIDATES-V1
;     (LSIP::FORMAL-SMT-MODEL-RECEIPT-V1-PROVIDER-REF LSIP::BASE-RECEIPT)
; 
; caught STYLE-WARNING:
;   undefined function: LSIP::FORMAL-SMT-MODEL-RECEIPT-V1-PROVIDER-REF

;     (LSIP::FORMAL-SMT-MODEL-RECEIPT-V1-RECEIPT-ID LSIP::BASE-RECEIPT)
; 
; caught STYLE-WARNING:
;   undefined function: LSIP::FORMAL-SMT-MODEL-RECEIPT-V1-RECEIPT-ID

; in: DEFUN LSIP::SEMANTIC-PARAMETER-MODEL-RECEIPT-ROWS-V1
;     (LSIP::FORMAL-SMT-MODEL-RECEIPT-V1-STATUS LSIP::RECEIPT)
; 
; caught STYLE-WARNING:
;   undefined function: LSIP::FORMAL-SMT-MODEL-RECEIPT-V1-STATUS

; in: DEFUN LSIP::SEMANTIC-PARAMETER-FORMAL-MODEL-QUERY-V1
;     (LSIP::MAKE-FORMAL-SMT-MODEL-QUERY-V1 :LOGIC :QF_LIA :VARIABLES
;      LSIP::VARIABLES :ASSUMPTIONS
;      (LSIP::SEMANTIC-PARAMETER-SMT-BOUND-ASSUMPTIONS-V1 LSIP::CONSTITUTION
;                                                         LSIP::CHILDREN
;                                                         LSIP::PARAMETER-POLICY)
;      :GOAL LSIP::GOAL :MAXIMUM-MODELS LSIP::MAXIMUM-MODELS :PROVIDER-REF ...)
; 
; caught STYLE-WARNING:
;   undefined function: LSIP::MAKE-FORMAL-SMT-MODEL-QUERY-V1

; in: DEFUN LSIP::SEMANTIC-PARAMETER-MODEL-CANDIDATES-V1
;     (LSIP::MAKE-FORMAL-SMT-MODEL-RECEIPT-V1 :QUERY-REF
;      (GETF LSIP::PAYLOAD-ROW :QUERY-REF) :OPERATION-ID
;      (GETF LSIP::PAYLOAD-ROW :OPERATION-ID) :STATUS
;      (GETF LSIP::PAYLOAD-ROW :STATUS) :MODELS
;      (COPY-TREE (GETF LSIP::PAYLOAD-ROW :MODELS)) :PROVIDER-REF
;      (GETF LSIP::PAYLOAD-ROW :PROVIDER-REF) :FORMAL-RUN-REF ...)
; 
; caught STYLE-WARNING:
;   undefined function: LSIP::MAKE-FORMAL-SMT-MODEL-RECEIPT-V1


; file: /home/user0/FIM/deps/goggles-shg-growth/lisp/synthesis_capability_selection_bootstrap_v1.lisp
; in: DEFUN LSIP:GENERATE-SYNTHESIS-CAPABILITY-SELECTOR-SH6-SUCCESSOR-V1
;     (VALUES LSIP::ACCEPTED LSIP::OUTPUT LSIP::OBLIGATION LSIP::PLAN LSIP::PROGRAM
;             LSIP::SUCCESSOR-INSTANCE-REF LSIP::WITNESS)
; 
; caught WARNING:
;   undefined variable: LSIP::OUTPUT

;     (LSIP::SYNTHESIS-CAPABILITY-SELECTOR-SH6-MAKE-WITNESS-V1 :GENERATION
;                                                              LSIP::GENERATION
;                                                              :PARENT-INSTANCE-REF
;                                                              LSIP::PARENT-INSTANCE-REF
;                                                              :SUCCESSOR-INSTANCE-REF
;                                                              LSIP::SUCCESSOR-INSTANCE-REF
;                                                              :PROGRAM-REF
;                                                              LSIP::PROGRAM-REF
;                                                              :OBLIGATION-REF
;                                                              (LSIP::RPB-OBLIGATION-ID
;                                                               LSIP::OBLIGATION)
;                                                              :PLAN-REF ...)
; 
; caught WARNING:
;   undefined variable: LSIP::OUTPUT-REF

;     (LSIP::SYNTHESIS-CAPABILITY-SELECTOR-SH6-INSTANCE-REF-V1 LSIP::PROGRAM-REF
;                                                              LSIP::GENERATION
;                                                              LSIP::PARENT-INSTANCE-REF
;                                                              LSIP::OUTPUT-REF)
; 
; caught WARNING:
;   undefined variable: LSIP::OUTPUT-REF

;     (LSIP::OUTPUT-REF (LSIP::RPB-ID LSIP::OUTPUT))
; 
; caught STYLE-WARNING:
;   undefined function: LSIP::OUTPUT-REF

;     (VALUES LSIP::ACCEPTED LSIP::OUTPUT LSIP::OBLIGATION LSIP::PLAN LSIP::PROGRAM
;             LSIP::SUCCESSOR-INSTANCE-REF LSIP::WITNESS)
; 
; caught WARNING:
;   undefined variable: LSIP::PROGRAM

;     (LIST :GENERATION LSIP::GENERATION :PARENT-INSTANCE-REF
;           LSIP::PARENT-INSTANCE-REF :PROGRAM-REF LSIP::PROGRAM-REF :PLAN-REF
;           (LSIP::RPB-PLAN-ID LSIP::PLAN) :ACCEPTED-PRODUCT-REF
;           (LSIP::RPB-ID LSIP::ACCEPTED))
; 
; caught WARNING:
;   undefined variable: LSIP::PROGRAM-REF

;     (EQUAL LSIP::PROGRAM-REF LSIP::SEMANTIC-PROGRAM-REF)
; 
; caught WARNING:
;   undefined variable: LSIP::PROGRAM-REF


; file: /home/user0/FIM/deps/goggles-shg-growth/lisp/semantic_composition_search_v1.lisp
; in: DEFUN LSIP::SEMANTIC-PARAMETER-FORMAL-MODEL-QUERY-V1
;     (LSIP::SELECT-FORMAL-SMT-MODEL-PROVIDER-V1 LSIP::POLICY LSIP::RESOURCE-METER
;      LSIP::QUERY-TEMPLATE)
; 
; caught STYLE-WARNING:
;   undefined function: LSIP::SELECT-FORMAL-SMT-MODEL-PROVIDER-V1


; file: /home/user0/FIM/deps/goggles-shg-growth/lisp/synthesis_capability_selection_bootstrap_v1.lisp
; in: DEFUN LSIP:GENERATE-SYNTHESIS-CAPABILITY-SELECTOR-SH6-SUCCESSOR-V1
;     (EQUAL LSIP::PROGRAM-REF LSIP::SEMANTIC-PROGRAM-REF)
; 
; caught WARNING:
;   undefined variable: LSIP::SEMANTIC-PROGRAM-REF

;     (VALUES LSIP::ACCEPTED LSIP::OUTPUT LSIP::OBLIGATION LSIP::PLAN LSIP::PROGRAM
;             LSIP::SUCCESSOR-INSTANCE-REF LSIP::WITNESS)
; 
; caught WARNING:
;   undefined variable: LSIP::SUCCESSOR-INSTANCE-REF

;     (LSIP::RECORD-SYNTHESIS-CAPABILITY-SELECTOR-SH5-STATE-V1 :SUCCESSOR-PROVEN
;                                                              :IMPLEMENTATION-REF
;                                                              LSIP::SUCCESSOR-INSTANCE-REF
;                                                              :EVIDENCE-REF
;                                                              (GETF LSIP::WITNESS
;                                                                    :WITNESS-IDENTITY)
;                                                              :DETAILS
;                                                              (LIST :GENERATION
;                                                                    LSIP::GENERATION
;                                                                    :PARENT-INSTANCE-REF
;                                                                    LSIP::PARENT-INSTANCE-REF
;                                                                    :PROGRAM-REF
;                                                                    LSIP::PROGRAM-REF
;                                                                    :PLAN-REF
;                                                                    (LSIP::RPB-PLAN-ID
;                                                                     LSIP::PLAN)
;                                                                    :ACCEPTED-PRODUCT-REF
;                                                                    (LSIP::RPB-ID
;                                                                     LSIP::ACCEPTED)))
; 
; caught WARNING:
;   undefined variable: LSIP::SUCCESSOR-INSTANCE-REF

;     (LSIP::SYNTHESIS-CAPABILITY-SELECTOR-SH6-MAKE-WITNESS-V1 :GENERATION
;                                                              LSIP::GENERATION
;                                                              :PARENT-INSTANCE-REF
;                                                              LSIP::PARENT-INSTANCE-REF
;                                                              :SUCCESSOR-INSTANCE-REF
;                                                              LSIP::SUCCESSOR-INSTANCE-REF
;                                                              :PROGRAM-REF
;                                                              LSIP::PROGRAM-REF
;                                                              :OBLIGATION-REF
;                                                              (LSIP::RPB-OBLIGATION-ID
;                                                               LSIP::OBLIGATION)
;                                                              :PLAN-REF ...)
; 
; caught WARNING:
;   undefined variable: LSIP::SUCCESSOR-INSTANCE-REF

;     (LSIP::SUCCESSOR-INSTANCE-REF
;      (LSIP::SYNTHESIS-CAPABILITY-SELECTOR-SH6-INSTANCE-REF-V1 LSIP::PROGRAM-REF
;                                                               LSIP::GENERATION
;                                                               LSIP::PARENT-INSTANCE-REF
;                                                               LSIP::OUTPUT-REF))
; 
; caught STYLE-WARNING:
;   undefined function: LSIP::SUCCESSOR-INSTANCE-REF


; file: /home/user0/FIM/deps/goggles-shg-growth/lisp/scaffold/authority_snapshot_v1.lisp
; in: DEFUN LSIP::SCAFFOLD-AUTHORITY-SNAPSHOT-V1-ENTRY<
;     (LSIP::SYMBOLIC-CANONICAL-FORM-V1 (GETF LSIP::LEFT :SUBJECT-REF))
; 
; caught STYLE-WARNING:
;   undefined function: LSIP::SYMBOLIC-CANONICAL-FORM-V1


; file: /home/user0/FIM/deps/goggles-shg-growth/lisp/semantic_composition_search_v1.lisp
; in: DEFUN LSIP::SEMANTIC-PARAMETER-MODEL-RECEIPT-ROWS-V1
;     (LSIP::VALIDATE-FORMAL-SMT-MODEL-RECEIPT-V1 LSIP::RECEIPT LSIP::QUERY)
; 
; caught STYLE-WARNING:
;   undefined function: LSIP::VALIDATE-FORMAL-SMT-MODEL-RECEIPT-V1


; file: /home/user0/FIM/deps/goggles-shg-growth/lisp/synthesis_capability_selection_bootstrap_v1.lisp
; in: DEFUN LSIP:GENERATE-SYNTHESIS-CAPABILITY-SELECTOR-SH6-SUCCESSOR-V1
;     (LSIP::SYNTHESIS-CAPABILITY-SELECTOR-SH6-REGISTER-WITNESS-V1 LSIP::WITNESS)
; 
; caught WARNING:
;   undefined variable: LSIP::WITNESS

;     (GETF LSIP::WITNESS :HANDWRITTEN-PREDECESSOR-ENABLED-P)
; 
; caught WARNING:
;   undefined variable: LSIP::WITNESS

;     (GETF LSIP::WITNESS :SELECTOR-COMPONENT-REF)
; 
; caught WARNING:
;   undefined variable: LSIP::WITNESS

; 
; caught WARNING:
;   2 more uses of undefined variable LSIP::WITNESS


; file: /home/user0/FIM/deps/goggles-shg-growth/lisp/synthesis_capability_selection_bootstrap_v1.lisp
; in: DEFUN LSIP:GENERATE-SYNTHESIS-CAPABILITY-SELECTOR-SH6-SUCCESSOR-V1
;     (LSIP::WITNESS
;      (LSIP::SYNTHESIS-CAPABILITY-SELECTOR-SH6-MAKE-WITNESS-V1 :GENERATION
;                                                               LSIP::GENERATION
;                                                               :PARENT-INSTANCE-REF
;                                                               LSIP::PARENT-INSTANCE-REF
;                                                               :SUCCESSOR-INSTANCE-REF
;                                                               LSIP::SUCCESSOR-INSTANCE-REF
;                                                               :PROGRAM-REF
;                                                               LSIP::PROGRAM-REF
;                                                               :OBLIGATION-REF
;                                                               (LSIP::RPB-OBLIGATION-ID
;                                                                LSIP::OBLIGATION)
;                                                               :PLAN-REF ...))
; 
; caught STYLE-WARNING:
;   undefined function: LSIP::WITNESS
; 
; compilation unit finished
;   Undefined functions:
;     (SETF LSIP::RPB-GET) LSIP::COMPILER-IR-EVAL-RUNTIME-STATE-SEED-V1 LSIP::FORMAL-SMT-MODEL-PROVIDER-SELECTION-V1-FORM LSIP::FORMAL-SMT-MODEL-PROVIDER-V1-PROVIDER-REF LSIP::FORMAL-SMT-MODEL-QUERY-V1-FORM LSIP::FORMAL-SMT-MODEL-QUERY-V1-METADATA LSIP::FORMAL-SMT-MODEL-QUERY-V1-PROVIDER-REF LSIP::FORMAL-SMT-MODEL-QUERY-V1-QUERY-ID LSIP::FORMAL-SMT-MODEL-RECEIPT-V1-FORM LSIP::FORMAL-SMT-MODEL-RECEIPT-V1-MODELS LSIP::FORMAL-SMT-MODEL-RECEIPT-V1-PROVIDER-REF LSIP::FORMAL-SMT-MODEL-RECEIPT-V1-RECEIPT-ID LSIP::FORMAL-SMT-MODEL-RECEIPT-V1-STATUS LSIP::MAKE-FORMAL-SMT-MODEL-QUERY-V1 LSIP::MAKE-FORMAL-SMT-MODEL-RECEIPT-V1 LSIP::OUTPUT-REF LSIP::SELECT-FORMAL-SMT-MODEL-PROVIDER-V1 LSIP::SUCCESSOR-INSTANCE-REF LSIP::SYMBOLIC-CANONICAL-FORM-V1 LSIP::VALIDATE-FORMAL-SMT-MODEL-RECEIPT-V1 LSIP::WITNESS
;   Undefined variables:
;     LSIP::*SEARCH-MESO-ALGEBRA-QUOTIENT-WITNESS-KIND-V1* LSIP::*SEARCH-MESO-ALGEBRA-STATE-CANONICALIZER-ID-V1* LSIP::*SEMANTIC-CONSTRUCTOR-EXECUTOR-ACTIVE-COMPONENT-ID* LSIP::*SEMANTIC-CONSTRUCTOR-EXECUTOR-REFERENCE-ENABLED-P* LSIP::*SEMANTIC-CONSTRUCTOR-SYNTHESIZER-ACTIVE-COMPONENT-ID* LSIP::*SEMANTIC-CONSTRUCTOR-SYNTHESIZER-REFERENCE-ENABLED-P* LSIP::*SEMANTIC-CONSTRUCTOR-VALIDATOR-ACTIVE-COMPONENT-ID* LSIP::*SEMANTIC-CONSTRUCTOR-VALIDATOR-REFERENCE-ENABLED-P* LSIP::*SYNTHESIS-REALIZATION-BINDINGS-V1* LSIP::*SYNTHESIS-SELF-HOST-COMPONENT-CONSTRUCTOR-SH35-CAPABILITY-V1* LSIP::*SYNTHESIS-SELF-HOST-CONSTRUCTOR-PRIMITIVE-ACTIVE-COMPONENT-ID* LSIP::*SYNTHESIS-SELF-HOST-CONSTRUCTOR-PRIMITIVE-REFERENCE-ENABLED-P* LSIP::*SYNTHESIS-SELF-HOST-CONSTRUCTOR-SERVICE-ACTIVE-COMPONENT-ID* LSIP::*SYNTHESIS-SELF-HOST-CONSTRUCTOR-SERVICE-REFERENCE-ENABLED-P* LSIP::*SYNTHESIS-SELF-HOST-PROGRAM-IDENTITY-ACTIVE-COMPONENT-ID* LSIP::*SYNTHESIS-SELF-HOST-PROGRAM-IDENTITY-REFERENCE-ENABLED-P* LSIP::*SYNTHESIS-SELF-HOST-SUCCESSOR-CONTROLLER-ACTIVE-COMPONENT-ID* LSIP::*SYNTHESIS-SELF-HOST-SUCCESSOR-CONTROLLER-REFERENCE-ENABLED-P* LSIP::+SEMANTIC-CONSTRUCTOR-EXECUTOR-REFERENCE-ID-V1+ LSIP::+SEMANTIC-CONSTRUCTOR-EXECUTOR-TARGET-ID-V1+ LSIP::+SEMANTIC-CONSTRUCTOR-SYNTHESIZER-REFERENCE-ID-V1+ LSIP::+SEMANTIC-CONSTRUCTOR-SYNTHESIZER-TARGET-ID-V1+ LSIP::+SEMANTIC-CONSTRUCTOR-VALIDATOR-REFERENCE-ID-V1+ LSIP::+SEMANTIC-CONSTRUCTOR-VALIDATOR-TARGET-ID-V1+ LSIP:+SYNTHESIS-ADMISSION-SH13-TARGET-ID-V1+ LSIP::+SYNTHESIS-AUTHORITY-CUTOVER-POLICY-TARGET-ID-V1+ LSIP:+SYNTHESIS-CAPABILITY-RANKING-SH11-TARGET-ID-V1+ LSIP:+SYNTHESIS-CAPABILITY-SELECTOR-SH5-TARGET-ID-V1+ LSIP:+SYNTHESIS-EVALUATOR-DISPATCH-SH12-TARGET-ID-V1+ LSIP::+SYNTHESIS-EXECUTION-SH16-TARGET-ID-V1+ LSIP::+SYNTHESIS-ORCHESTRATOR-SH17-TARGET-ID-V1+ LSIP::+SYNTHESIS-PLANNER-SH15-TARGET-ID-V1+ LSIP::+SYNTHESIS-PROPOSAL-PROVIDER-SH14-TARGET-ID-V1+ LSIP::+SYNTHESIS-PROVIDER-RESOLUTION-SH18-TARGET-ID-V1+ LSIP::+SYNTHESIS-SELF-HOST-COMPONENT-CONSTRUCTOR-SH35-VERSION-V1+ LSIP::+SYNTHESIS-SELF-HOST-CONSTRUCTOR-PRIMITIVE-REFERENCE-ID-V1+ LSIP::+SYNTHESIS-SELF-HOST-CONSTRUCTOR-PRIMITIVE-TARGET-ID-V1+ LSIP::+SYNTHESIS-SELF-HOST-CONSTRUCTOR-SERVICE-REFERENCE-ID-V1+ LSIP::+SYNTHESIS-SELF-HOST-CONSTRUCTOR-SERVICE-TARGET-ID-V1+ LSIP::+SYNTHESIS-SELF-HOST-PROGRAM-IDENTITY-REFERENCE-ID-V1+ LSIP::+SYNTHESIS-SELF-HOST-PROGRAM-IDENTITY-TARGET-ID-V1+ LSIP::+SYNTHESIS-SELF-HOST-SUCCESSOR-CONTROLLER-REFERENCE-ID-V1+ LSIP::+SYNTHESIS-SELF-HOST-SUCCESSOR-CONTROLLER-TARGET-ID-V1+ LSIP::ACCEPTED LSIP::OUTPUT LSIP::OUTPUT-REF LSIP::PROGRAM LSIP::PROGRAM-REF LSIP::SEMANTIC-PROGRAM-REF LSIP::SUCCESSOR-INSTANCE-REF LSIP::WITNESS
;   caught 124 WARNING conditions
;   caught 232 STYLE-WARNING conditions
;   printed 164 notes
generated-SH40-active
generated-SH39-active
synthesizer=adcaf0707e069b8122e62fc9945f01783944b076e0c48007a14d655975afb0bd
executor=87713f486e1fd7ff4fb8ddc52901464b708150d83d760dfb011bcbab5b6aa202
program=e98c5c5b4d99a59c859ad1fafa3b1040ff432529171488a3483172eee99d9aea
child-addresses=6
SHGGrowthSelfHostV1Green operators=3 source-preserved=1 replay=1 fresh-embedding=1 reference-disabled=1 behavioral-proof=OPEN
Context-native-start
CHECK-FAILED: Child bundle member binds unavailable closure "fe4dcc413bc0cca1b3fe289491e45feb96c96f7eacc481a73f9d5ae6830f5ee9".
* #<PACKAGE "LSIP">
* T
* 
; file: /home/user0/FIM/deps/goggles-shg-growth/lisp/shg_vm_growth_v1.lisp
; in: DEFUN SHG-VM-ADD-RELATION-V1
;     (DEFUN LSIP::SHG-VM-ADD-RELATION-V1
;            (LSIP::BUNDLE LSIP::CLOSURE LSIP::CONSTITUTION LSIP::ROLES
;             LSIP::PARAMETERS
;             &OPTIONAL LSIP::SURFACES
;             &KEY LSIP::CHILD-CLOSURES LSIP::CHILD-GENERATED-REGISTRY-SETS)
;       (WHEN (EQ LSIP::CONSTITUTION :STATE-ACCESS-V2)
;         (LET* ((LSIP::ACTOR #)
;                (LSIP::DOMAIN #)
;                (LSIP::INCIDENCES #)
;                (LSIP::OWNED #))
;           (SETF LSIP::PARAMETERS #)))
;       (WHEN (EQ LSIP::CONSTITUTION :STATE-OWNERSHIP-V2)
;         (SETF LSIP::PARAMETERS (APPEND LSIP::PARAMETERS #)))
;       (LET* ((LSIP::APPLICATION
;               (LSIP::MAKE-SEMANTIC-RELATION-APPLICATION-V1 :CONSTITUTION-REF
;                                                            LSIP::CONSTITUTION
;                                                            :ROLE-BINDINGS
;                                                            LSIP::ROLES
;                                                            :PARAMETER-BINDINGS
;                                                            LSIP::PARAMETERS
;                                                            :INPUT-SURFACE-REFS
;                                                            LSIP::SURFACES
;                                                            :APPLICABILITY-DOMAIN-REF
;                                                            :SHG-VM-STRUCTURAL-OPEN-V1))
;              (LSIP::DELTA (HANDLER-CASE # #))
;              (LSIP::NEXT
;               (LSIP::APPLY-SEMANTIC-BUNDLE-DELTA-V1 LSIP::BUNDLE LSIP::CLOSURE
;                                                     LSIP::DELTA)))
;         (MULTIPLE-VALUE-BIND (LSIP::CLOSED LSIP::GENERATED)
;             (LSIP::SHG-VM-CLOSE-V1 LSIP::NEXT :CHILD-CLOSURES
;                                    LSIP::CHILD-CLOSURES
;                                    :CHILD-GENERATED-REGISTRY-SETS
;                                    LSIP::CHILD-GENERATED-REGISTRY-SETS)
;           (VALUES LSIP::NEXT LSIP::CLOSED LSIP::GENERATED LSIP::DELTA
;                   LSIP::APPLICATION))))
; 
; caught STYLE-WARNING:
;   &OPTIONAL and &KEY found in the same lambda list: (BUNDLE CLOSURE CONSTITUTION
;                                                      ROLES PARAMETERS &OPTIONAL
;                                                      SURFACES &KEY CHILD-CLOSURES
;                                                      CHILD-GENERATED-REGISTRY-SETS)
; 
; compilation unit finished
;   caught 1 STYLE-WARNING condition
T
* T
* 
debugger invoked on a UNDEFINED-FUNCTION in thread
#<THREAD "main thread" RUNNING {1001360073}>:
  The function :SHG-GROWTH-APPEND-V1 is undefined.
* #<FUNCTION SHG-GROWTH-NEST-V1>
* WARNING: redefining LSIP::CONTEXT-RUN in DEFUN
WARNING: redefining LSIP::CONTEXT-REJECTS in DEFUN
Context-native-start
DEBUG-CHECK-FAILED: Unknown semantic relation constitution "d3ac7bed3dda204708dcaa3c090b8473a49d94a5fa04663073b4d9b61509c282".
NIL
* 
; file: /home/user0/FIM/deps/goggles-shg-growth/lisp/shg_vm_growth_v1.lisp
; in: DEFUN SHG-VM-ADD-RELATION-V1
;     (DEFUN LSIP::SHG-VM-ADD-RELATION-V1
;            (LSIP::BUNDLE LSIP::CLOSURE LSIP::CONSTITUTION LSIP::ROLES
;             LSIP::PARAMETERS
;             &OPTIONAL LSIP::SURFACES
;             &KEY LSIP::CHILD-CLOSURES LSIP::CHILD-GENERATED-REGISTRY-SETS)
;       (WHEN (EQ LSIP::CONSTITUTION :STATE-ACCESS-V2)
;         (LET* ((LSIP::ACTOR #)
;                (LSIP::DOMAIN #)
;                (LSIP::INCIDENCES #)
;                (LSIP::OWNED #))
;           (SETF LSIP::PARAMETERS #)))
;       (WHEN (EQ LSIP::CONSTITUTION :STATE-OWNERSHIP-V2)
;         (SETF LSIP::PARAMETERS (APPEND LSIP::PARAMETERS #)))
;       (LET* ((LSIP::APPLICATION
;               (LSIP::MAKE-SEMANTIC-RELATION-APPLICATION-V1 :CONSTITUTION-REF
;                                                            LSIP::CONSTITUTION
;                                                            :ROLE-BINDINGS
;                                                            LSIP::ROLES
;                                                            :PARAMETER-BINDINGS
;                                                            LSIP::PARAMETERS
;                                                            :INPUT-SURFACE-REFS
;                                                            LSIP::SURFACES
;                                                            :APPLICABILITY-DOMAIN-REF
;                                                            :SHG-VM-STRUCTURAL-OPEN-V1))
;              (LSIP::DELTA (HANDLER-CASE # #))
;              (LSIP::NEXT
;               (LSIP::APPLY-SEMANTIC-BUNDLE-DELTA-V1 LSIP::BUNDLE LSIP::CLOSURE
;                                                     LSIP::DELTA)))
;         (MULTIPLE-VALUE-BIND (LSIP::CLOSED LSIP::GENERATED)
;             (LSIP::SHG-VM-CLOSE-V1 LSIP::NEXT :CHILD-CLOSURES
;                                    LSIP::CHILD-CLOSURES
;                                    :CHILD-GENERATED-REGISTRY-SETS
;                                    LSIP::CHILD-GENERATED-REGISTRY-SETS)
;           (VALUES LSIP::NEXT LSIP::CLOSED LSIP::GENERATED LSIP::DELTA
;                   LSIP::APPLICATION))))
; 
; caught STYLE-WARNING:
;   &OPTIONAL and &KEY found in the same lambda list: (BUNDLE CLOSURE CONSTITUTION
;                                                      ROLES PARAMETERS &OPTIONAL
;                                                      SURFACES &KEY CHILD-CLOSURES
;                                                      CHILD-GENERATED-REGISTRY-SETS)
; 
; compilation unit finished
;   caught 1 STYLE-WARNING condition
T
* WARNING: redefining LSIP::CONTEXT-RUN in DEFUN
WARNING: redefining LSIP::CONTEXT-REJECTS in DEFUN
Context-native-start
DEBUG-CHECK-FAILED: Ordered relation application role lacks exact ordinals :ARGUMENT.
NIL
* T
* WARNING: redefining LSIP::CONTEXT-RUN in DEFUN
WARNING: redefining LSIP::CONTEXT-REJECTS in DEFUN
Context-native-start
DEBUG-CHECK-FAILED: Semantic boundary cut is not lawful: ((:RELATION-REF
                                                           "55f171390cf91e41f8e44836d52be3474d33b0496c80175569b0b0c09fbf35b3"
                                                           :REASON
                                                           (:CUT-CLASS-NOT-ADMITTED
                                                            :SPLIT-RELATION-REQUIRES-ADAPTER))
                                                          (:RELATION-REF
                                                           "774a125f8b622ef6904a509e263eeb257770476619aa89bda14a04eca1fe4196"
                                                           :REASON
                                                           (:CUT-CLASS-NOT-ADMITTED
                                                            :SPLIT-RELATION-REQUIRES-ADAPTER))
                                                          (:RELATION-REF
                                                           "da87a36da3a64d2a99a32b159dba2b2984629216596b6075c8043462e7e24db1"
                                                           :REASON
                                                           (:CUT-CLASS-NOT-ADMITTED
                                                            :SPLIT-RELATION-REQUIRES-ADAPTER))).
NIL
* T
* WARNING: redefining LSIP::CONTEXT-RUN in DEFUN
WARNING: redefining LSIP::CONTEXT-REJECTS in DEFUN
Context-native-start
SHGContextLiftV1Green calls=3 dataflows=4 members=4 holes=4 replay=1 negative-checks=4 proof=OPEN
NIL
* 