
; file: /home/user0/FIM/deps/goggles-shg-growth/lisp/semantic_algebra_search_v1.lisp
; in: DEFUN LSIP:REALIZE-SEMANTIC-ALGEBRA-NATIVE-SEARCH-ARCHIVE-SLICE-V1
;     (LSIP:REALIZE-SEARCH-ARCHIVE-SLICE-V1 :MESO
;                                           LSIP::*SEARCH-MESO-ALGEBRA-STATE-CANONICALIZER-ID-V1*
;                                           :SEARCH-ARCHIVE-IDENTITY-V1
;                                           LSIP::*SEARCH-MESO-ALGEBRA-QUOTIENT-WITNESS-KIND-V1*
;                                           :ARCHIVE-IDENTITY-ID :MACHINE
;                                           LSIP:*MACHINE-STATE* :META
;                                           (APPEND
;                                            (LIST :SOURCE
;                                                  :SEMANTIC-ALGEBRA-NATIVE-SEARCH-ARCHIVE
;                                                  :EQUIVALENCE-SCOPE
;                                                  :SEMANTIC-ALGEBRA-EXPRESSION-V1
;                                                  :CONSTITUTIONAL-EQUIVALENCE
;                                                  :APPLIED)
;                                            LSIP::META))
; 
; caught WARNING:
;   undefined variable: LSIP::*SEARCH-MESO-ALGEBRA-QUOTIENT-WITNESS-KIND-V1*
; 
; caught WARNING:
;   undefined variable: LSIP::*SEARCH-MESO-ALGEBRA-STATE-CANONICALIZER-ID-V1*


; file: /home/user0/FIM/deps/goggles-shg-growth/lisp/synthesis_runtime_hook_activation_v1.lisp
; in: DEFUN LSIP::SYNTHESIS-RUNTIME-HOOK-CURRENT-REF-V1
;     (ECASE LSIP::MUTATION-SURFACE
;       (:PROPOSAL-PROVIDER-HOOK
;        LSIP::*SYNTHESIS-PROPOSAL-PROVIDER-ACTIVE-COMPONENT-ID*)
;       (:PLANNER-HOOK LSIP::*SYNTHESIS-PLANNER-V2-ACTIVE-COMPONENT-ID*)
;       (:EXECUTION-HOOK LSIP::*SYNTHESIS-EXECUTION-V2-ACTIVE-COMPONENT-ID*)
;       (:ORCHESTRATOR-HOOK LSIP::*SYNTHESIS-ORCHESTRATOR-V2-ACTIVE-COMPONENT-ID*)
;       (:PROVIDER-RESOLUTION-HOOK
;        LSIP::*SYNTHESIS-PROVIDER-RESOLUTION-ACTIVE-COMPONENT-ID*)
;       (:CUTOVER-POLICY-HOOK
;        LSIP::*SYNTHESIS-AUTHORITY-CUTOVER-POLICY-ACTIVE-COMPONENT-ID*)
;       (:CONSTRUCTOR-PRIMITIVE-HOOK
;        LSIP::*SYNTHESIS-SELF-HOST-CONSTRUCTOR-PRIMITIVE-ACTIVE-COMPONENT-ID*)
;       (:CONSTRUCTOR-SERVICE-HOOK
;        LSIP::*SYNTHESIS-SELF-HOST-CONSTRUCTOR-SERVICE-ACTIVE-COMPONENT-ID*)
;       (:PROGRAM-IDENTITY-HOOK
;        LSIP::*SYNTHESIS-SELF-HOST-PROGRAM-IDENTITY-ACTIVE-COMPONENT-ID*)
;       (:CONSTRUCTOR-EXECUTOR-HOOK
;        LSIP::*SEMANTIC-CONSTRUCTOR-EXECUTOR-ACTIVE-COMPONENT-ID*)
;       ...)
; --> BLOCK WHEN IF LET WHEN IF RETURN-FROM COND IF IF IF IF IF IF IF IF IF IF 
; ==>
;   (IF (EQL #:H2 28)
;       LSIP::*SEMANTIC-CONSTRUCTOR-EXECUTOR-ACTIVE-COMPONENT-ID*
;       (IF (EQL #:H2 30)
;           LSIP::*SYNTHESIS-AUTHORITY-CUTOVER-POLICY-ACTIVE-COMPONENT-ID*
;           (IF (EQL #:H2 31)
;               LSIP::*SEMANTIC-CONSTRUCTOR-VALIDATOR-ACTIVE-COMPONENT-ID*
;               (IF (OR # # # # # # # # # # # ...)
;                   (SB-IMPL::UNREACHABLE)
;                   (THE T #)))))
; 
; caught WARNING:
;   undefined variable: LSIP::*SEMANTIC-CONSTRUCTOR-EXECUTOR-ACTIVE-COMPONENT-ID*


; file: /home/user0/FIM/deps/goggles-shg-growth/lisp/synthesis_authority_cutover_v1.lisp
; in: DEFUN LSIP:APPLY-SYNTHESIS-AUTHORITY-CUTOVER-COMPATIBILITY-V1
;     (EQUAL LSIP::*SEMANTIC-CONSTRUCTOR-EXECUTOR-ACTIVE-COMPONENT-ID*
;            LSIP::EXPECTED-CURRENT-REF)
; 
; caught WARNING:
;   undefined variable: LSIP::*SEMANTIC-CONSTRUCTOR-EXECUTOR-ACTIVE-COMPONENT-ID*

; in: DEFUN LSIP::SYNTHESIS-AUTHORITY-CUTOVER-CURRENT-REF-V1
;     (ECASE (GETF LSIP::COMMAND :MUTATION-SURFACE)
;       (:SELECTOR-HOOK
;        LSIP::*SYNTHESIS-CAPABILITY-SELECTION-V2-ACTIVE-COMPONENT-ID*)
;       (:RANKING-HOOK LSIP::*SYNTHESIS-CAPABILITY-RANKING-ACTIVE-COMPONENT-ID*)
;       (:EVALUATOR-HOOK LSIP::*SYNTHESIS-EVALUATOR-DISPATCH-ACTIVE-COMPONENT-ID*)
;       (:ADMISSION-HOOK LSIP::*SYNTHESIS-ADMISSION-ACTIVE-COMPONENT-ID*)
;       (:PLANNER-HOOK LSIP::*SYNTHESIS-PLANNER-V2-ACTIVE-COMPONENT-ID*)
;       (:PROPOSAL-PROVIDER-HOOK
;        LSIP::*SYNTHESIS-PROPOSAL-PROVIDER-ACTIVE-COMPONENT-ID*)
;       (:EXECUTION-HOOK LSIP::*SYNTHESIS-EXECUTION-V2-ACTIVE-COMPONENT-ID*)
;       (:ORCHESTRATOR-HOOK LSIP::*SYNTHESIS-ORCHESTRATOR-V2-ACTIVE-COMPONENT-ID*)
;       (:PROVIDER-RESOLUTION-HOOK
;        LSIP::*SYNTHESIS-PROVIDER-RESOLUTION-ACTIVE-COMPONENT-ID*)
;       (:CUTOVER-POLICY-HOOK
;        LSIP::*SYNTHESIS-AUTHORITY-CUTOVER-POLICY-ACTIVE-COMPONENT-ID*)
;       ...)
; --> BLOCK WHEN IF LET WHEN IF RETURN-FROM COND IF IF IF IF IF IF 
; ==>
;   (IF (EQL #:H2 25)
;       LSIP::*SEMANTIC-CONSTRUCTOR-EXECUTOR-ACTIVE-COMPONENT-ID*
;       (IF (EQL #:H2 28)
;           LSIP::*SEMANTIC-CONSTRUCTOR-VALIDATOR-ACTIVE-COMPONENT-ID*
;           (IF (EQL #:H2 29)
;               LSIP::*SYNTHESIS-SELF-HOST-PROGRAM-IDENTITY-ACTIVE-COMPONENT-ID*
;               (IF (EQL #:H2 32)
;                   LSIP::*SYNTHESIS-SELF-HOST-CONSTRUCTOR-SERVICE-ACTIVE-COMPONENT-ID*
;                   (IF #
;                       LSIP::*SYNTHESIS-CAPABILITY-RANKING-ACTIVE-COMPONENT-ID*
;                       #)))))
; 
; caught WARNING:
;   undefined variable: LSIP::*SEMANTIC-CONSTRUCTOR-EXECUTOR-ACTIVE-COMPONENT-ID*

; 
; caught WARNING:
;   1 more use of undefined variable LSIP::*SEMANTIC-CONSTRUCTOR-EXECUTOR-ACTIVE-COMPONENT-ID*


; file: /home/user0/FIM/deps/goggles-shg-growth/lisp/synthesis_self_host_predecessor_lockout_v1.lisp
; in: DEFUN LSIP::LOCKOUT-SYNTHESIS-SELF-HOST-PREDECESSORS-SH20-V1
;     (SETF LSIP::*SYNTHESIS-AUTHORITY-CUTOVER-POLICY-REFERENCE-ENABLED-P* NIL
;           LSIP::*SYNTHESIS-SELF-HOST-PROGRAM-IDENTITY-REFERENCE-ENABLED-P* NIL
;           LSIP::*SYNTHESIS-SELF-HOST-CONSTRUCTOR-PRIMITIVE-REFERENCE-ENABLED-P*
;             NIL
;           LSIP::*SEMANTIC-CONSTRUCTOR-EXECUTOR-REFERENCE-ENABLED-P* NIL
;           LSIP::*SEMANTIC-CONSTRUCTOR-SYNTHESIZER-REFERENCE-ENABLED-P* NIL
;           LSIP::*SEMANTIC-CONSTRUCTOR-VALIDATOR-REFERENCE-ENABLED-P* NIL
;           ...)
; --> SETF 
; ==>
;   (SETQ LSIP::*SEMANTIC-CONSTRUCTOR-EXECUTOR-REFERENCE-ENABLED-P* NIL)
; 
; caught WARNING:
;   undefined variable: LSIP::*SEMANTIC-CONSTRUCTOR-EXECUTOR-REFERENCE-ENABLED-P*

; in: DEFUN LSIP::SYNTHESIS-SELF-HOST-PREDECESSOR-FLAGS-SH20-V1
;     (LIST LSIP::*SYNTHESIS-AUTHORITY-CUTOVER-POLICY-REFERENCE-ENABLED-P*
;           LSIP::*SYNTHESIS-SELF-HOST-PROGRAM-IDENTITY-REFERENCE-ENABLED-P*
;           LSIP::*SYNTHESIS-SELF-HOST-CONSTRUCTOR-PRIMITIVE-REFERENCE-ENABLED-P*
;           LSIP::*SEMANTIC-CONSTRUCTOR-EXECUTOR-REFERENCE-ENABLED-P*
;           LSIP::*SEMANTIC-CONSTRUCTOR-SYNTHESIZER-REFERENCE-ENABLED-P*
;           LSIP::*SEMANTIC-CONSTRUCTOR-VALIDATOR-REFERENCE-ENABLED-P*
;           LSIP::*SYNTHESIS-SELF-HOST-CONSTRUCTOR-SERVICE-REFERENCE-ENABLED-P*
;           LSIP::*SYNTHESIS-PLANNER-V2-REFERENCE-ENABLED-P*
;           LSIP::*SYNTHESIS-CAPABILITY-SELECTION-V2-REFERENCE-ENABLED-P*
;           LSIP::*SYNTHESIS-CAPABILITY-RANKING-REFERENCE-ENABLED-P*
;           LSIP::*SYNTHESIS-PROVIDER-RESOLUTION-REFERENCE-ENABLED-P* ...)
; 
; caught WARNING:
;   undefined variable: LSIP::*SEMANTIC-CONSTRUCTOR-EXECUTOR-REFERENCE-ENABLED-P*


; file: /home/user0/FIM/deps/goggles-shg-growth/lisp/synthesis_self_host_runtime_closure_v1.lisp
; in: DEFUN LSIP::SYNTHESIS-SELF-HOST-RUNTIME-COMPONENT-ROWS-SH19-V1
;     (LIST :COMPONENT :CONSTRUCTOR-EXECUTOR :ACTIVE-REF
;           LSIP::*SEMANTIC-CONSTRUCTOR-EXECUTOR-ACTIVE-COMPONENT-ID*
;           :PREDECESSOR-REF LSIP::+SEMANTIC-CONSTRUCTOR-EXECUTOR-REFERENCE-ID-V1+
;           :PREDECESSOR-ENABLED-P
;           LSIP::*SEMANTIC-CONSTRUCTOR-EXECUTOR-REFERENCE-ENABLED-P*)
; 
; caught WARNING:
;   undefined variable: LSIP::*SEMANTIC-CONSTRUCTOR-EXECUTOR-REFERENCE-ENABLED-P*

; 
; caught WARNING:
;   2 more uses of undefined variable LSIP::*SEMANTIC-CONSTRUCTOR-EXECUTOR-REFERENCE-ENABLED-P*


; file: /home/user0/FIM/deps/goggles-shg-growth/lisp/synthesis_runtime_hook_activation_v1.lisp
; in: DEFUN LSIP::SYNTHESIS-RUNTIME-HOOK-CURRENT-REF-V1
;     (ECASE LSIP::MUTATION-SURFACE
;       (:PROPOSAL-PROVIDER-HOOK
;        LSIP::*SYNTHESIS-PROPOSAL-PROVIDER-ACTIVE-COMPONENT-ID*)
;       (:PLANNER-HOOK LSIP::*SYNTHESIS-PLANNER-V2-ACTIVE-COMPONENT-ID*)
;       (:EXECUTION-HOOK LSIP::*SYNTHESIS-EXECUTION-V2-ACTIVE-COMPONENT-ID*)
;       (:ORCHESTRATOR-HOOK LSIP::*SYNTHESIS-ORCHESTRATOR-V2-ACTIVE-COMPONENT-ID*)
;       (:PROVIDER-RESOLUTION-HOOK
;        LSIP::*SYNTHESIS-PROVIDER-RESOLUTION-ACTIVE-COMPONENT-ID*)
;       (:CUTOVER-POLICY-HOOK
;        LSIP::*SYNTHESIS-AUTHORITY-CUTOVER-POLICY-ACTIVE-COMPONENT-ID*)
;       (:CONSTRUCTOR-PRIMITIVE-HOOK
;        LSIP::*SYNTHESIS-SELF-HOST-CONSTRUCTOR-PRIMITIVE-ACTIVE-COMPONENT-ID*)
;       (:CONSTRUCTOR-SERVICE-HOOK
;        LSIP::*SYNTHESIS-SELF-HOST-CONSTRUCTOR-SERVICE-ACTIVE-COMPONENT-ID*)
;       (:PROGRAM-IDENTITY-HOOK
;        LSIP::*SYNTHESIS-SELF-HOST-PROGRAM-IDENTITY-ACTIVE-COMPONENT-ID*)
;       (:CONSTRUCTOR-EXECUTOR-HOOK
;        LSIP::*SEMANTIC-CONSTRUCTOR-EXECUTOR-ACTIVE-COMPONENT-ID*)
;       ...)
; --> BLOCK WHEN IF LET WHEN IF RETURN-FROM COND 
; ==>
;   (IF (EQL #:H2 0)
;       LSIP::*SEMANTIC-CONSTRUCTOR-SYNTHESIZER-ACTIVE-COMPONENT-ID*
;       (IF (EQL #:H2 1)
;           LSIP::*SYNTHESIS-SELF-HOST-CONSTRUCTOR-PRIMITIVE-ACTIVE-COMPONENT-ID*
;           (IF (EQL #:H2 2)
;               LSIP::*SYNTHESIS-PROVIDER-RESOLUTION-ACTIVE-COMPONENT-ID*
;               (IF (EQL #:H2 5)
;                   LSIP::*SYNTHESIS-SELF-HOST-PROGRAM-IDENTITY-ACTIVE-COMPONENT-ID*
;                   (IF #
;                       LSIP::*SYNTHESIS-SELF-HOST-SUCCESSOR-CONTROLLER-ACTIVE-COMPONENT-ID*
;                       #)))))
; 
; caught WARNING:
;   undefined variable: LSIP::*SEMANTIC-CONSTRUCTOR-SYNTHESIZER-ACTIVE-COMPONENT-ID*


; file: /home/user0/FIM/deps/goggles-shg-growth/lisp/synthesis_authority_cutover_v1.lisp
; in: DEFUN LSIP:APPLY-SYNTHESIS-AUTHORITY-CUTOVER-COMPATIBILITY-V1
;     (EQUAL LSIP::*SEMANTIC-CONSTRUCTOR-SYNTHESIZER-ACTIVE-COMPONENT-ID*
;            LSIP::EXPECTED-CURRENT-REF)
; 
; caught WARNING:
;   undefined variable: LSIP::*SEMANTIC-CONSTRUCTOR-SYNTHESIZER-ACTIVE-COMPONENT-ID*

; in: DEFUN LSIP::SYNTHESIS-AUTHORITY-CUTOVER-CURRENT-REF-V1
;     (ECASE (GETF LSIP::COMMAND :MUTATION-SURFACE)
;       (:SELECTOR-HOOK
;        LSIP::*SYNTHESIS-CAPABILITY-SELECTION-V2-ACTIVE-COMPONENT-ID*)
;       (:RANKING-HOOK LSIP::*SYNTHESIS-CAPABILITY-RANKING-ACTIVE-COMPONENT-ID*)
;       (:EVALUATOR-HOOK LSIP::*SYNTHESIS-EVALUATOR-DISPATCH-ACTIVE-COMPONENT-ID*)
;       (:ADMISSION-HOOK LSIP::*SYNTHESIS-ADMISSION-ACTIVE-COMPONENT-ID*)
;       (:PLANNER-HOOK LSIP::*SYNTHESIS-PLANNER-V2-ACTIVE-COMPONENT-ID*)
;       (:PROPOSAL-PROVIDER-HOOK
;        LSIP::*SYNTHESIS-PROPOSAL-PROVIDER-ACTIVE-COMPONENT-ID*)
;       (:EXECUTION-HOOK LSIP::*SYNTHESIS-EXECUTION-V2-ACTIVE-COMPONENT-ID*)
;       (:ORCHESTRATOR-HOOK LSIP::*SYNTHESIS-ORCHESTRATOR-V2-ACTIVE-COMPONENT-ID*)
;       (:PROVIDER-RESOLUTION-HOOK
;        LSIP::*SYNTHESIS-PROVIDER-RESOLUTION-ACTIVE-COMPONENT-ID*)
;       (:CUTOVER-POLICY-HOOK
;        LSIP::*SYNTHESIS-AUTHORITY-CUTOVER-POLICY-ACTIVE-COMPONENT-ID*)
;       ...)
; --> BLOCK WHEN IF LET WHEN IF RETURN-FROM COND IF IF IF IF IF IF IF IF IF IF 
; --> IF IF 
; ==>
;   (IF (EQL #:H2 41)
;       LSIP::*SEMANTIC-CONSTRUCTOR-SYNTHESIZER-ACTIVE-COMPONENT-ID*
;       (IF (EQL #:H2 48)
;           LSIP::*SYNTHESIS-PLANNER-V2-ACTIVE-COMPONENT-ID*
;           (IF (EQL #:H2 51)
;               LSIP::*SYNTHESIS-EXECUTION-V2-ACTIVE-COMPONENT-ID*
;               (IF (EQL #:H2 53)
;                   LSIP::*SYNTHESIS-EVALUATOR-DISPATCH-ACTIVE-COMPONENT-ID*
;                   (IF #
;                       LSIP::*SYNTHESIS-PROVIDER-RESOLUTION-ACTIVE-COMPONENT-ID*
;                       #)))))
; 
; caught WARNING:
;   undefined variable: LSIP::*SEMANTIC-CONSTRUCTOR-SYNTHESIZER-ACTIVE-COMPONENT-ID*

; 
; caught WARNING:
;   1 more use of undefined variable LSIP::*SEMANTIC-CONSTRUCTOR-SYNTHESIZER-ACTIVE-COMPONENT-ID*


; file: /home/user0/FIM/deps/goggles-shg-growth/lisp/synthesis_self_host_predecessor_lockout_v1.lisp
; in: DEFUN LSIP::LOCKOUT-SYNTHESIS-SELF-HOST-PREDECESSORS-SH20-V1
;     (SETF LSIP::*SYNTHESIS-AUTHORITY-CUTOVER-POLICY-REFERENCE-ENABLED-P* NIL
;           LSIP::*SYNTHESIS-SELF-HOST-PROGRAM-IDENTITY-REFERENCE-ENABLED-P* NIL
;           LSIP::*SYNTHESIS-SELF-HOST-CONSTRUCTOR-PRIMITIVE-REFERENCE-ENABLED-P*
;             NIL
;           LSIP::*SEMANTIC-CONSTRUCTOR-EXECUTOR-REFERENCE-ENABLED-P* NIL
;           LSIP::*SEMANTIC-CONSTRUCTOR-SYNTHESIZER-REFERENCE-ENABLED-P* NIL
;           LSIP::*SEMANTIC-CONSTRUCTOR-VALIDATOR-REFERENCE-ENABLED-P* NIL
;           ...)
; --> SETF 
; ==>
;   (SETQ LSIP::*SEMANTIC-CONSTRUCTOR-SYNTHESIZER-REFERENCE-ENABLED-P* NIL)
; 
; caught WARNING:
;   undefined variable: LSIP::*SEMANTIC-CONSTRUCTOR-SYNTHESIZER-REFERENCE-ENABLED-P*

; in: DEFUN LSIP::SYNTHESIS-SELF-HOST-PREDECESSOR-FLAGS-SH20-V1
;     (LIST LSIP::*SYNTHESIS-AUTHORITY-CUTOVER-POLICY-REFERENCE-ENABLED-P*
;           LSIP::*SYNTHESIS-SELF-HOST-PROGRAM-IDENTITY-REFERENCE-ENABLED-P*
;           LSIP::*SYNTHESIS-SELF-HOST-CONSTRUCTOR-PRIMITIVE-REFERENCE-ENABLED-P*
;           LSIP::*SEMANTIC-CONSTRUCTOR-EXECUTOR-REFERENCE-ENABLED-P*
;           LSIP::*SEMANTIC-CONSTRUCTOR-SYNTHESIZER-REFERENCE-ENABLED-P*
;           LSIP::*SEMANTIC-CONSTRUCTOR-VALIDATOR-REFERENCE-ENABLED-P*
;           LSIP::*SYNTHESIS-SELF-HOST-CONSTRUCTOR-SERVICE-REFERENCE-ENABLED-P*
;           LSIP::*SYNTHESIS-PLANNER-V2-REFERENCE-ENABLED-P*
;           LSIP::*SYNTHESIS-CAPABILITY-SELECTION-V2-REFERENCE-ENABLED-P*
;           LSIP::*SYNTHESIS-CAPABILITY-RANKING-REFERENCE-ENABLED-P*
;           LSIP::*SYNTHESIS-PROVIDER-RESOLUTION-REFERENCE-ENABLED-P* ...)
; 
; caught WARNING:
;   undefined variable: LSIP::*SEMANTIC-CONSTRUCTOR-SYNTHESIZER-REFERENCE-ENABLED-P*


; file: /home/user0/FIM/deps/goggles-shg-growth/lisp/synthesis_self_host_runtime_closure_v1.lisp
; in: DEFUN LSIP::SYNTHESIS-SELF-HOST-RUNTIME-COMPONENT-ROWS-SH19-V1
;     (LIST :COMPONENT :CONSTRUCTOR-SYNTHESIZER :ACTIVE-REF
;           LSIP::*SEMANTIC-CONSTRUCTOR-SYNTHESIZER-ACTIVE-COMPONENT-ID*
;           :PREDECESSOR-REF
;           LSIP::+SEMANTIC-CONSTRUCTOR-SYNTHESIZER-REFERENCE-ID-V1+
;           :PREDECESSOR-ENABLED-P
;           LSIP::*SEMANTIC-CONSTRUCTOR-SYNTHESIZER-REFERENCE-ENABLED-P*)
; 
; caught WARNING:
;   undefined variable: LSIP::*SEMANTIC-CONSTRUCTOR-SYNTHESIZER-REFERENCE-ENABLED-P*

; 
; caught WARNING:
;   2 more uses of undefined variable LSIP::*SEMANTIC-CONSTRUCTOR-SYNTHESIZER-REFERENCE-ENABLED-P*


; file: /home/user0/FIM/deps/goggles-shg-growth/lisp/synthesis_runtime_hook_activation_v1.lisp
; in: DEFUN LSIP::SYNTHESIS-RUNTIME-HOOK-CURRENT-REF-V1
;     (ECASE LSIP::MUTATION-SURFACE
;       (:PROPOSAL-PROVIDER-HOOK
;        LSIP::*SYNTHESIS-PROPOSAL-PROVIDER-ACTIVE-COMPONENT-ID*)
;       (:PLANNER-HOOK LSIP::*SYNTHESIS-PLANNER-V2-ACTIVE-COMPONENT-ID*)
;       (:EXECUTION-HOOK LSIP::*SYNTHESIS-EXECUTION-V2-ACTIVE-COMPONENT-ID*)
;       (:ORCHESTRATOR-HOOK LSIP::*SYNTHESIS-ORCHESTRATOR-V2-ACTIVE-COMPONENT-ID*)
;       (:PROVIDER-RESOLUTION-HOOK
;        LSIP::*SYNTHESIS-PROVIDER-RESOLUTION-ACTIVE-COMPONENT-ID*)
;       (:CUTOVER-POLICY-HOOK
;        LSIP::*SYNTHESIS-AUTHORITY-CUTOVER-POLICY-ACTIVE-COMPONENT-ID*)
;       (:CONSTRUCTOR-PRIMITIVE-HOOK
;        LSIP::*SYNTHESIS-SELF-HOST-CONSTRUCTOR-PRIMITIVE-ACTIVE-COMPONENT-ID*)
;       (:CONSTRUCTOR-SERVICE-HOOK
;        LSIP::*SYNTHESIS-SELF-HOST-CONSTRUCTOR-SERVICE-ACTIVE-COMPONENT-ID*)
;       (:PROGRAM-IDENTITY-HOOK
;        LSIP::*SYNTHESIS-SELF-HOST-PROGRAM-IDENTITY-ACTIVE-COMPONENT-ID*)
;       (:CONSTRUCTOR-EXECUTOR-HOOK
;        LSIP::*SEMANTIC-CONSTRUCTOR-EXECUTOR-ACTIVE-COMPONENT-ID*)
;       ...)
; --> BLOCK WHEN IF LET WHEN IF RETURN-FROM COND IF IF IF IF IF IF IF IF IF IF 
; --> IF IF 
; ==>
;   (IF (EQL #:H2 31)
;       LSIP::*SEMANTIC-CONSTRUCTOR-VALIDATOR-ACTIVE-COMPONENT-ID*
;       (IF (OR (EQL #:H2 3) (EQL #:H2 4) (EQL #:H2 7) (EQL #:H2 8) (EQL #:H2 9)
;               (EQL #:H2 10) (EQL #:H2 11) (EQL #:H2 12) (EQL #:H2 13)
;               (EQL #:H2 15) (EQL #:H2 16) ...)
;           (SB-IMPL::UNREACHABLE)
;           (THE T (SB-IMPL::UNREACHABLE))))
; 
; caught WARNING:
;   undefined variable: LSIP::*SEMANTIC-CONSTRUCTOR-VALIDATOR-ACTIVE-COMPONENT-ID*


; file: /home/user0/FIM/deps/goggles-shg-growth/lisp/synthesis_authority_cutover_v1.lisp
; in: DEFUN LSIP:APPLY-SYNTHESIS-AUTHORITY-CUTOVER-COMPATIBILITY-V1
;     (EQUAL LSIP::*SEMANTIC-CONSTRUCTOR-VALIDATOR-ACTIVE-COMPONENT-ID*
;            LSIP::EXPECTED-CURRENT-REF)
; 
; caught WARNING:
;   undefined variable: LSIP::*SEMANTIC-CONSTRUCTOR-VALIDATOR-ACTIVE-COMPONENT-ID*

; in: DEFUN LSIP::SYNTHESIS-AUTHORITY-CUTOVER-CURRENT-REF-V1
;     (ECASE (GETF LSIP::COMMAND :MUTATION-SURFACE)
;       (:SELECTOR-HOOK
;        LSIP::*SYNTHESIS-CAPABILITY-SELECTION-V2-ACTIVE-COMPONENT-ID*)
;       (:RANKING-HOOK LSIP::*SYNTHESIS-CAPABILITY-RANKING-ACTIVE-COMPONENT-ID*)
;       (:EVALUATOR-HOOK LSIP::*SYNTHESIS-EVALUATOR-DISPATCH-ACTIVE-COMPONENT-ID*)
;       (:ADMISSION-HOOK LSIP::*SYNTHESIS-ADMISSION-ACTIVE-COMPONENT-ID*)
;       (:PLANNER-HOOK LSIP::*SYNTHESIS-PLANNER-V2-ACTIVE-COMPONENT-ID*)
;       (:PROPOSAL-PROVIDER-HOOK
;        LSIP::*SYNTHESIS-PROPOSAL-PROVIDER-ACTIVE-COMPONENT-ID*)
;       (:EXECUTION-HOOK LSIP::*SYNTHESIS-EXECUTION-V2-ACTIVE-COMPONENT-ID*)
;       (:ORCHESTRATOR-HOOK LSIP::*SYNTHESIS-ORCHESTRATOR-V2-ACTIVE-COMPONENT-ID*)
;       (:PROVIDER-RESOLUTION-HOOK
;        LSIP::*SYNTHESIS-PROVIDER-RESOLUTION-ACTIVE-COMPONENT-ID*)
;       (:CUTOVER-POLICY-HOOK
;        LSIP::*SYNTHESIS-AUTHORITY-CUTOVER-POLICY-ACTIVE-COMPONENT-ID*)
;       ...)
; --> BLOCK WHEN IF LET WHEN IF RETURN-FROM COND IF IF IF IF IF IF IF 
; ==>
;   (IF (EQL #:H2 28)
;       LSIP::*SEMANTIC-CONSTRUCTOR-VALIDATOR-ACTIVE-COMPONENT-ID*
;       (IF (EQL #:H2 29)
;           LSIP::*SYNTHESIS-SELF-HOST-PROGRAM-IDENTITY-ACTIVE-COMPONENT-ID*
;           (IF (EQL #:H2 32)
;               LSIP::*SYNTHESIS-SELF-HOST-CONSTRUCTOR-SERVICE-ACTIVE-COMPONENT-ID*
;               (IF (EQL #:H2 34)
;                   LSIP::*SYNTHESIS-CAPABILITY-RANKING-ACTIVE-COMPONENT-ID*
;                   (IF #
;                       LSIP::*SYNTHESIS-AUTHORITY-CUTOVER-POLICY-ACTIVE-COMPONENT-ID*
;                       #)))))
; 
; caught WARNING:
;   undefined variable: LSIP::*SEMANTIC-CONSTRUCTOR-VALIDATOR-ACTIVE-COMPONENT-ID*

; 
; caught WARNING:
;   1 more use of undefined variable LSIP::*SEMANTIC-CONSTRUCTOR-VALIDATOR-ACTIVE-COMPONENT-ID*


; file: /home/user0/FIM/deps/goggles-shg-growth/lisp/synthesis_self_host_predecessor_lockout_v1.lisp
; in: DEFUN LSIP::LOCKOUT-SYNTHESIS-SELF-HOST-PREDECESSORS-SH20-V1
;     (SETF LSIP::*SYNTHESIS-AUTHORITY-CUTOVER-POLICY-REFERENCE-ENABLED-P* NIL
;           LSIP::*SYNTHESIS-SELF-HOST-PROGRAM-IDENTITY-REFERENCE-ENABLED-P* NIL
;           LSIP::*SYNTHESIS-SELF-HOST-CONSTRUCTOR-PRIMITIVE-REFERENCE-ENABLED-P*
;             NIL
;           LSIP::*SEMANTIC-CONSTRUCTOR-EXECUTOR-REFERENCE-ENABLED-P* NIL
;           LSIP::*SEMANTIC-CONSTRUCTOR-SYNTHESIZER-REFERENCE-ENABLED-P* NIL
;           LSIP::*SEMANTIC-CONSTRUCTOR-VALIDATOR-REFERENCE-ENABLED-P* NIL
;           ...)
; --> SETF 
; ==>
;   (SETQ LSIP::*SEMANTIC-CONSTRUCTOR-VALIDATOR-REFERENCE-ENABLED-P* NIL)
; 
; caught WARNING:
;   undefined variable: LSIP::*SEMANTIC-CONSTRUCTOR-VALIDATOR-REFERENCE-ENABLED-P*

; in: DEFUN LSIP::SYNTHESIS-SELF-HOST-PREDECESSOR-FLAGS-SH20-V1
;     (LIST LSIP::*SYNTHESIS-AUTHORITY-CUTOVER-POLICY-REFERENCE-ENABLED-P*
;           LSIP::*SYNTHESIS-SELF-HOST-PROGRAM-IDENTITY-REFERENCE-ENABLED-P*
;           LSIP::*SYNTHESIS-SELF-HOST-CONSTRUCTOR-PRIMITIVE-REFERENCE-ENABLED-P*
;           LSIP::*SEMANTIC-CONSTRUCTOR-EXECUTOR-REFERENCE-ENABLED-P*
;           LSIP::*SEMANTIC-CONSTRUCTOR-SYNTHESIZER-REFERENCE-ENABLED-P*
;           LSIP::*SEMANTIC-CONSTRUCTOR-VALIDATOR-REFERENCE-ENABLED-P*
;           LSIP::*SYNTHESIS-SELF-HOST-CONSTRUCTOR-SERVICE-REFERENCE-ENABLED-P*
;           LSIP::*SYNTHESIS-PLANNER-V2-REFERENCE-ENABLED-P*
;           LSIP::*SYNTHESIS-CAPABILITY-SELECTION-V2-REFERENCE-ENABLED-P*
;           LSIP::*SYNTHESIS-CAPABILITY-RANKING-REFERENCE-ENABLED-P*
;           LSIP::*SYNTHESIS-PROVIDER-RESOLUTION-REFERENCE-ENABLED-P* ...)
; 
; caught WARNING:
;   undefined variable: LSIP::*SEMANTIC-CONSTRUCTOR-VALIDATOR-REFERENCE-ENABLED-P*


; file: /home/user0/FIM/deps/goggles-shg-growth/lisp/synthesis_self_host_runtime_closure_v1.lisp
; in: DEFUN LSIP::SYNTHESIS-SELF-HOST-RUNTIME-COMPONENT-ROWS-SH19-V1
;     (LIST :COMPONENT :CONSTRUCTOR-VALIDATOR :ACTIVE-REF
;           LSIP::*SEMANTIC-CONSTRUCTOR-VALIDATOR-ACTIVE-COMPONENT-ID*
;           :PREDECESSOR-REF LSIP::+SEMANTIC-CONSTRUCTOR-VALIDATOR-REFERENCE-ID-V1+
;           :PREDECESSOR-ENABLED-P
;           LSIP::*SEMANTIC-CONSTRUCTOR-VALIDATOR-REFERENCE-ENABLED-P*)
; 
; caught WARNING:
;   undefined variable: LSIP::*SEMANTIC-CONSTRUCTOR-VALIDATOR-REFERENCE-ENABLED-P*

; 
; caught WARNING:
;   2 more uses of undefined variable LSIP::*SEMANTIC-CONSTRUCTOR-VALIDATOR-REFERENCE-ENABLED-P*


; file: /home/user0/FIM/deps/goggles-shg-growth/lisp/synthesis_proposal_v1.lisp
; in: DEFUN LSIP::SYNTHESIS-PROPOSAL-V1-AUTHORITY-FINGERPRINT
;     (LSIP::MAKE-SYNTHESIS-AUTHORITY-ROOTS-V1 :KERNEL
;                                              (LSIP::SYNTHESIS-OBLIGATION-V1-KERNEL-DIGEST)
;                                              :OVERLAY
;                                              LSIP::*SEMANTIC-SYNTHESIS-OVERLAY-REGISTRY*
;                                              :ADMISSIONS
;                                              LSIP::*SEMANTIC-SYNTHESIS-ADMISSION-EVIDENCE*
;                                              :LIFECYCLES
;                                              LSIP::*SEMANTIC-SYNTHESIS-LIFECYCLE-EVIDENCE*
;                                              :DAG-NODES
;                                              LSIP::*SEMANTIC-SYNTHESIS-OBLIGATION-DAG-NODES*
;                                              :DAG-EDGES ...)
; 
; caught WARNING:
;   undefined variable: LSIP::*SYNTHESIS-REALIZATION-BINDINGS-V1*


; file: /home/user0/FIM/deps/goggles-shg-growth/lisp/synthesis_self_host_v2_successor_generation_v1.lisp
; in:
;      DEFUN LSIP::SYNTHESIS-SELF-HOST-V2-CONSTRUCTOR-VALIDATOR-ACTIVATION-SH29-V1
;     (LIST LSIP::*SYNTHESIS-SELF-HOST-COMPONENT-CONSTRUCTOR-SH35-CAPABILITY-V1*)
; 
; caught WARNING:
;   undefined variable: LSIP::*SYNTHESIS-SELF-HOST-COMPONENT-CONSTRUCTOR-SH35-CAPABILITY-V1*

; in:
;      DEFUN LSIP::SYNTHESIS-SELF-HOST-V2-CONSTRUCTOR-SYNTHESIZER-ACTIVATION-SH29-V1
;     (LIST LSIP::*SYNTHESIS-SELF-HOST-COMPONENT-CONSTRUCTOR-SH35-CAPABILITY-V1*)
; 
; caught WARNING:
;   undefined variable: LSIP::*SYNTHESIS-SELF-HOST-COMPONENT-CONSTRUCTOR-SH35-CAPABILITY-V1*


; file: /home/user0/FIM/deps/goggles-shg-growth/lisp/synthesis_runtime_hook_activation_v1.lisp
; in: DEFUN LSIP::SYNTHESIS-RUNTIME-HOOK-CURRENT-REF-V1
;     (ECASE LSIP::MUTATION-SURFACE
;       (:PROPOSAL-PROVIDER-HOOK
;        LSIP::*SYNTHESIS-PROPOSAL-PROVIDER-ACTIVE-COMPONENT-ID*)
;       (:PLANNER-HOOK LSIP::*SYNTHESIS-PLANNER-V2-ACTIVE-COMPONENT-ID*)
;       (:EXECUTION-HOOK LSIP::*SYNTHESIS-EXECUTION-V2-ACTIVE-COMPONENT-ID*)
;       (:ORCHESTRATOR-HOOK LSIP::*SYNTHESIS-ORCHESTRATOR-V2-ACTIVE-COMPONENT-ID*)
;       (:PROVIDER-RESOLUTION-HOOK
;        LSIP::*SYNTHESIS-PROVIDER-RESOLUTION-ACTIVE-COMPONENT-ID*)
;       (:CUTOVER-POLICY-HOOK
;        LSIP::*SYNTHESIS-AUTHORITY-CUTOVER-POLICY-ACTIVE-COMPONENT-ID*)
;       (:CONSTRUCTOR-PRIMITIVE-HOOK
;        LSIP::*SYNTHESIS-SELF-HOST-CONSTRUCTOR-PRIMITIVE-ACTIVE-COMPONENT-ID*)
;       (:CONSTRUCTOR-SERVICE-HOOK
;        LSIP::*SYNTHESIS-SELF-HOST-CONSTRUCTOR-SERVICE-ACTIVE-COMPONENT-ID*)
;       (:PROGRAM-IDENTITY-HOOK
;        LSIP::*SYNTHESIS-SELF-HOST-PROGRAM-IDENTITY-ACTIVE-COMPONENT-ID*)
;       (:CONSTRUCTOR-EXECUTOR-HOOK
;        LSIP::*SEMANTIC-CONSTRUCTOR-EXECUTOR-ACTIVE-COMPONENT-ID*)
;       ...)
; --> BLOCK WHEN IF LET WHEN IF RETURN-FROM COND IF 
; ==>
;   (IF (EQL #:H2 1)
;       LSIP::*SYNTHESIS-SELF-HOST-CONSTRUCTOR-PRIMITIVE-ACTIVE-COMPONENT-ID*
;       (IF (EQL #:H2 2)
;           LSIP::*SYNTHESIS-PROVIDER-RESOLUTION-ACTIVE-COMPONENT-ID*
;           (IF (EQL #:H2 5)
;               LSIP::*SYNTHESIS-SELF-HOST-PROGRAM-IDENTITY-ACTIVE-COMPONENT-ID*
;               (IF (EQL #:H2 6)
;                   LSIP::*SYNTHESIS-SELF-HOST-SUCCESSOR-CONTROLLER-ACTIVE-COMPONENT-ID*
;                   (IF #
;                       LSIP::*SYNTHESIS-PLANNER-V2-ACTIVE-COMPONENT-ID*
;                       #)))))
; 
; caught WARNING:
;   undefined variable: LSIP::*SYNTHESIS-SELF-HOST-CONSTRUCTOR-PRIMITIVE-ACTIVE-COMPONENT-ID*


; file: /home/user0/FIM/deps/goggles-shg-growth/lisp/synthesis_authority_cutover_v1.lisp
; in: DEFUN LSIP:APPLY-SYNTHESIS-AUTHORITY-CUTOVER-COMPATIBILITY-V1
;     (EQUAL LSIP::*SYNTHESIS-SELF-HOST-CONSTRUCTOR-PRIMITIVE-ACTIVE-COMPONENT-ID*
;            LSIP::EXPECTED-CURRENT-REF)
; 
; caught WARNING:
;   undefined variable: LSIP::*SYNTHESIS-SELF-HOST-CONSTRUCTOR-PRIMITIVE-ACTIVE-COMPONENT-ID*

; in: DEFUN LSIP::SYNTHESIS-AUTHORITY-CUTOVER-CURRENT-REF-V1
;     (ECASE (GETF LSIP::COMMAND :MUTATION-SURFACE)
;       (:SELECTOR-HOOK
;        LSIP::*SYNTHESIS-CAPABILITY-SELECTION-V2-ACTIVE-COMPONENT-ID*)
;       (:RANKING-HOOK LSIP::*SYNTHESIS-CAPABILITY-RANKING-ACTIVE-COMPONENT-ID*)
;       (:EVALUATOR-HOOK LSIP::*SYNTHESIS-EVALUATOR-DISPATCH-ACTIVE-COMPONENT-ID*)
;       (:ADMISSION-HOOK LSIP::*SYNTHESIS-ADMISSION-ACTIVE-COMPONENT-ID*)
;       (:PLANNER-HOOK LSIP::*SYNTHESIS-PLANNER-V2-ACTIVE-COMPONENT-ID*)
;       (:PROPOSAL-PROVIDER-HOOK
;        LSIP::*SYNTHESIS-PROPOSAL-PROVIDER-ACTIVE-COMPONENT-ID*)
;       (:EXECUTION-HOOK LSIP::*SYNTHESIS-EXECUTION-V2-ACTIVE-COMPONENT-ID*)
;       (:ORCHESTRATOR-HOOK LSIP::*SYNTHESIS-ORCHESTRATOR-V2-ACTIVE-COMPONENT-ID*)
;       (:PROVIDER-RESOLUTION-HOOK
;        LSIP::*SYNTHESIS-PROVIDER-RESOLUTION-ACTIVE-COMPONENT-ID*)
;       (:CUTOVER-POLICY-HOOK
;        LSIP::*SYNTHESIS-AUTHORITY-CUTOVER-POLICY-ACTIVE-COMPONENT-ID*)
;       ...)
; --> BLOCK WHEN IF LET WHEN IF RETURN-FROM COND IF IF IF IF IF 
; ==>
;   (IF (EQL #:H2 23)
;       LSIP::*SYNTHESIS-SELF-HOST-CONSTRUCTOR-PRIMITIVE-ACTIVE-COMPONENT-ID*
;       (IF (EQL #:H2 25)
;           LSIP::*SEMANTIC-CONSTRUCTOR-EXECUTOR-ACTIVE-COMPONENT-ID*
;           (IF (EQL #:H2 28)
;               LSIP::*SEMANTIC-CONSTRUCTOR-VALIDATOR-ACTIVE-COMPONENT-ID*
;               (IF (EQL #:H2 29)
;                   LSIP::*SYNTHESIS-SELF-HOST-PROGRAM-IDENTITY-ACTIVE-COMPONENT-ID*
;                   (IF #
;                       LSIP::*SYNTHESIS-SELF-HOST-CONSTRUCTOR-SERVICE-ACTIVE-COMPONENT-ID*
;                       #)))))
; 
; caught WARNING:
;   undefined variable: LSIP::*SYNTHESIS-SELF-HOST-CONSTRUCTOR-PRIMITIVE-ACTIVE-COMPONENT-ID*

; 
; caught WARNING:
;   1 more use of undefined variable LSIP::*SYNTHESIS-SELF-HOST-CONSTRUCTOR-PRIMITIVE-ACTIVE-COMPONENT-ID*


; file: /home/user0/FIM/deps/goggles-shg-growth/lisp/synthesis_self_host_predecessor_lockout_v1.lisp
; in: DEFUN LSIP::LOCKOUT-SYNTHESIS-SELF-HOST-PREDECESSORS-SH20-V1
;     (SETF LSIP::*SYNTHESIS-AUTHORITY-CUTOVER-POLICY-REFERENCE-ENABLED-P* NIL
;           LSIP::*SYNTHESIS-SELF-HOST-PROGRAM-IDENTITY-REFERENCE-ENABLED-P* NIL
;           LSIP::*SYNTHESIS-SELF-HOST-CONSTRUCTOR-PRIMITIVE-REFERENCE-ENABLED-P*
;             NIL
;           LSIP::*SEMANTIC-CONSTRUCTOR-EXECUTOR-REFERENCE-ENABLED-P* NIL
;           LSIP::*SEMANTIC-CONSTRUCTOR-SYNTHESIZER-REFERENCE-ENABLED-P* NIL
;           LSIP::*SEMANTIC-CONSTRUCTOR-VALIDATOR-REFERENCE-ENABLED-P* NIL
;           ...)
; --> SETF 
; ==>
;   (SETQ LSIP::*SYNTHESIS-SELF-HOST-CONSTRUCTOR-PRIMITIVE-REFERENCE-ENABLED-P*
;           NIL)
; 
; caught WARNING:
;   undefined variable: LSIP::*SYNTHESIS-SELF-HOST-CONSTRUCTOR-PRIMITIVE-REFERENCE-ENABLED-P*

; in: DEFUN LSIP::SYNTHESIS-SELF-HOST-PREDECESSOR-FLAGS-SH20-V1
;     (LIST LSIP::*SYNTHESIS-AUTHORITY-CUTOVER-POLICY-REFERENCE-ENABLED-P*
;           LSIP::*SYNTHESIS-SELF-HOST-PROGRAM-IDENTITY-REFERENCE-ENABLED-P*
;           LSIP::*SYNTHESIS-SELF-HOST-CONSTRUCTOR-PRIMITIVE-REFERENCE-ENABLED-P*
;           LSIP::*SEMANTIC-CONSTRUCTOR-EXECUTOR-REFERENCE-ENABLED-P*
;           LSIP::*SEMANTIC-CONSTRUCTOR-SYNTHESIZER-REFERENCE-ENABLED-P*
;           LSIP::*SEMANTIC-CONSTRUCTOR-VALIDATOR-REFERENCE-ENABLED-P*
;           LSIP::*SYNTHESIS-SELF-HOST-CONSTRUCTOR-SERVICE-REFERENCE-ENABLED-P*
;           LSIP::*SYNTHESIS-PLANNER-V2-REFERENCE-ENABLED-P*
;           LSIP::*SYNTHESIS-CAPABILITY-SELECTION-V2-REFERENCE-ENABLED-P*
;           LSIP::*SYNTHESIS-CAPABILITY-RANKING-REFERENCE-ENABLED-P*
;           LSIP::*SYNTHESIS-PROVIDER-RESOLUTION-REFERENCE-ENABLED-P* ...)
; 
; caught WARNING:
;   undefined variable: LSIP::*SYNTHESIS-SELF-HOST-CONSTRUCTOR-PRIMITIVE-REFERENCE-ENABLED-P*


; file: /home/user0/FIM/deps/goggles-shg-growth/lisp/synthesis_self_host_runtime_closure_v1.lisp
; in: DEFUN LSIP::SYNTHESIS-SELF-HOST-RUNTIME-COMPONENT-ROWS-SH19-V1
;     (LIST :COMPONENT :CONSTRUCTOR-PRIMITIVE :ACTIVE-REF
;           LSIP::*SYNTHESIS-SELF-HOST-CONSTRUCTOR-PRIMITIVE-ACTIVE-COMPONENT-ID*
;           :PREDECESSOR-REF
;           LSIP::+SYNTHESIS-SELF-HOST-CONSTRUCTOR-PRIMITIVE-REFERENCE-ID-V1+
;           :PREDECESSOR-ENABLED-P
;           LSIP::*SYNTHESIS-SELF-HOST-CONSTRUCTOR-PRIMITIVE-REFERENCE-ENABLED-P*)
; 
; caught WARNING:
;   undefined variable: LSIP::*SYNTHESIS-SELF-HOST-CONSTRUCTOR-PRIMITIVE-REFERENCE-ENABLED-P*

; 
; caught WARNING:
;   2 more uses of undefined variable LSIP::*SYNTHESIS-SELF-HOST-CONSTRUCTOR-PRIMITIVE-REFERENCE-ENABLED-P*


; file: /home/user0/FIM/deps/goggles-shg-growth/lisp/synthesis_runtime_hook_activation_v1.lisp
; in: DEFUN LSIP::SYNTHESIS-RUNTIME-HOOK-CURRENT-REF-V1
;     (ECASE LSIP::MUTATION-SURFACE
;       (:PROPOSAL-PROVIDER-HOOK
;        LSIP::*SYNTHESIS-PROPOSAL-PROVIDER-ACTIVE-COMPONENT-ID*)
;       (:PLANNER-HOOK LSIP::*SYNTHESIS-PLANNER-V2-ACTIVE-COMPONENT-ID*)
;       (:EXECUTION-HOOK LSIP::*SYNTHESIS-EXECUTION-V2-ACTIVE-COMPONENT-ID*)
;       (:ORCHESTRATOR-HOOK LSIP::*SYNTHESIS-ORCHESTRATOR-V2-ACTIVE-COMPONENT-ID*)
;       (:PROVIDER-RESOLUTION-HOOK
;        LSIP::*SYNTHESIS-PROVIDER-RESOLUTION-ACTIVE-COMPONENT-ID*)
;       (:CUTOVER-POLICY-HOOK
;        LSIP::*SYNTHESIS-AUTHORITY-CUTOVER-POLICY-ACTIVE-COMPONENT-ID*)
;       (:CONSTRUCTOR-PRIMITIVE-HOOK
;        LSIP::*SYNTHESIS-SELF-HOST-CONSTRUCTOR-PRIMITIVE-ACTIVE-COMPONENT-ID*)
;       (:CONSTRUCTOR-SERVICE-HOOK
;        LSIP::*SYNTHESIS-SELF-HOST-CONSTRUCTOR-SERVICE-ACTIVE-COMPONENT-ID*)
;       (:PROGRAM-IDENTITY-HOOK
;        LSIP::*SYNTHESIS-SELF-HOST-PROGRAM-IDENTITY-ACTIVE-COMPONENT-ID*)
;       (:CONSTRUCTOR-EXECUTOR-HOOK
;        LSIP::*SEMANTIC-CONSTRUCTOR-EXECUTOR-ACTIVE-COMPONENT-ID*)
;       ...)
; --> BLOCK WHEN IF LET WHEN IF RETURN-FROM COND IF IF IF IF IF IF IF 
; ==>
;   (IF (EQL #:H2 24)
;       LSIP::*SYNTHESIS-SELF-HOST-CONSTRUCTOR-SERVICE-ACTIVE-COMPONENT-ID*
;       (IF (EQL #:H2 25)
;           LSIP::*SYNTHESIS-ORCHESTRATOR-V2-ACTIVE-COMPONENT-ID*
;           (IF (EQL #:H2 26)
;               LSIP::*SYNTHESIS-EXECUTION-V2-ACTIVE-COMPONENT-ID*
;               (IF (EQL #:H2 28)
;                   LSIP::*SEMANTIC-CONSTRUCTOR-EXECUTOR-ACTIVE-COMPONENT-ID*
;                   (IF #
;                       LSIP::*SYNTHESIS-AUTHORITY-CUTOVER-POLICY-ACTIVE-COMPONENT-ID*
;                       #)))))
; 
; caught WARNING:
;   undefined variable: LSIP::*SYNTHESIS-SELF-HOST-CONSTRUCTOR-SERVICE-ACTIVE-COMPONENT-ID*


; file: /home/user0/FIM/deps/goggles-shg-growth/lisp/synthesis_authority_cutover_v1.lisp
; in: DEFUN LSIP:APPLY-SYNTHESIS-AUTHORITY-CUTOVER-COMPATIBILITY-V1
;     (EQUAL LSIP::*SYNTHESIS-SELF-HOST-CONSTRUCTOR-SERVICE-ACTIVE-COMPONENT-ID*
;            LSIP::EXPECTED-CURRENT-REF)
; 
; caught WARNING:
;   undefined variable: LSIP::*SYNTHESIS-SELF-HOST-CONSTRUCTOR-SERVICE-ACTIVE-COMPONENT-ID*

; in: DEFUN LSIP::SYNTHESIS-AUTHORITY-CUTOVER-CURRENT-REF-V1
;     (ECASE (GETF LSIP::COMMAND :MUTATION-SURFACE)
;       (:SELECTOR-HOOK
;        LSIP::*SYNTHESIS-CAPABILITY-SELECTION-V2-ACTIVE-COMPONENT-ID*)
;       (:RANKING-HOOK LSIP::*SYNTHESIS-CAPABILITY-RANKING-ACTIVE-COMPONENT-ID*)
;       (:EVALUATOR-HOOK LSIP::*SYNTHESIS-EVALUATOR-DISPATCH-ACTIVE-COMPONENT-ID*)
;       (:ADMISSION-HOOK LSIP::*SYNTHESIS-ADMISSION-ACTIVE-COMPONENT-ID*)
;       (:PLANNER-HOOK LSIP::*SYNTHESIS-PLANNER-V2-ACTIVE-COMPONENT-ID*)
;       (:PROPOSAL-PROVIDER-HOOK
;        LSIP::*SYNTHESIS-PROPOSAL-PROVIDER-ACTIVE-COMPONENT-ID*)
;       (:EXECUTION-HOOK LSIP::*SYNTHESIS-EXECUTION-V2-ACTIVE-COMPONENT-ID*)
;       (:ORCHESTRATOR-HOOK LSIP::*SYNTHESIS-ORCHESTRATOR-V2-ACTIVE-COMPONENT-ID*)
;       (:PROVIDER-RESOLUTION-HOOK
;        LSIP::*SYNTHESIS-PROVIDER-RESOLUTION-ACTIVE-COMPONENT-ID*)
;       (:CUTOVER-POLICY-HOOK
;        LSIP::*SYNTHESIS-AUTHORITY-CUTOVER-POLICY-ACTIVE-COMPONENT-ID*)
;       ...)
; --> BLOCK WHEN IF LET WHEN IF RETURN-FROM COND IF IF IF IF IF IF IF IF IF 
; ==>
;   (IF (EQL #:H2 32)
;       LSIP::*SYNTHESIS-SELF-HOST-CONSTRUCTOR-SERVICE-ACTIVE-COMPONENT-ID*
;       (IF (EQL #:H2 34)
;           LSIP::*SYNTHESIS-CAPABILITY-RANKING-ACTIVE-COMPONENT-ID*
;           (IF (EQL #:H2 36)
;               LSIP::*SYNTHESIS-AUTHORITY-CUTOVER-POLICY-ACTIVE-COMPONENT-ID*
;               (IF (EQL #:H2 41)
;                   LSIP::*SEMANTIC-CONSTRUCTOR-SYNTHESIZER-ACTIVE-COMPONENT-ID*
;                   (IF #
;                       LSIP::*SYNTHESIS-PLANNER-V2-ACTIVE-COMPONENT-ID*
;                       #)))))
; 
; caught WARNING:
;   undefined variable: LSIP::*SYNTHESIS-SELF-HOST-CONSTRUCTOR-SERVICE-ACTIVE-COMPONENT-ID*

; 
; caught WARNING:
;   1 more use of undefined variable LSIP::*SYNTHESIS-SELF-HOST-CONSTRUCTOR-SERVICE-ACTIVE-COMPONENT-ID*


; file: /home/user0/FIM/deps/goggles-shg-growth/lisp/synthesis_self_host_predecessor_lockout_v1.lisp
; in: DEFUN LSIP::LOCKOUT-SYNTHESIS-SELF-HOST-PREDECESSORS-SH20-V1
;     (SETF LSIP::*SYNTHESIS-AUTHORITY-CUTOVER-POLICY-REFERENCE-ENABLED-P* NIL
;           LSIP::*SYNTHESIS-SELF-HOST-PROGRAM-IDENTITY-REFERENCE-ENABLED-P* NIL
;           LSIP::*SYNTHESIS-SELF-HOST-CONSTRUCTOR-PRIMITIVE-REFERENCE-ENABLED-P*
;             NIL
;           LSIP::*SEMANTIC-CONSTRUCTOR-EXECUTOR-REFERENCE-ENABLED-P* NIL
;           LSIP::*SEMANTIC-CONSTRUCTOR-SYNTHESIZER-REFERENCE-ENABLED-P* NIL
;           LSIP::*SEMANTIC-CONSTRUCTOR-VALIDATOR-REFERENCE-ENABLED-P* NIL
;           ...)
; --> SETF 
; ==>
;   (SETQ LSIP::*SYNTHESIS-SELF-HOST-CONSTRUCTOR-SERVICE-REFERENCE-ENABLED-P* NIL)
; 
; caught WARNING:
;   undefined variable: LSIP::*SYNTHESIS-SELF-HOST-CONSTRUCTOR-SERVICE-REFERENCE-ENABLED-P*

; in: DEFUN LSIP::SYNTHESIS-SELF-HOST-PREDECESSOR-FLAGS-SH20-V1
;     (LIST LSIP::*SYNTHESIS-AUTHORITY-CUTOVER-POLICY-REFERENCE-ENABLED-P*
;           LSIP::*SYNTHESIS-SELF-HOST-PROGRAM-IDENTITY-REFERENCE-ENABLED-P*
;           LSIP::*SYNTHESIS-SELF-HOST-CONSTRUCTOR-PRIMITIVE-REFERENCE-ENABLED-P*
;           LSIP::*SEMANTIC-CONSTRUCTOR-EXECUTOR-REFERENCE-ENABLED-P*
;           LSIP::*SEMANTIC-CONSTRUCTOR-SYNTHESIZER-REFERENCE-ENABLED-P*
;           LSIP::*SEMANTIC-CONSTRUCTOR-VALIDATOR-REFERENCE-ENABLED-P*
;           LSIP::*SYNTHESIS-SELF-HOST-CONSTRUCTOR-SERVICE-REFERENCE-ENABLED-P*
;           LSIP::*SYNTHESIS-PLANNER-V2-REFERENCE-ENABLED-P*
;           LSIP::*SYNTHESIS-CAPABILITY-SELECTION-V2-REFERENCE-ENABLED-P*
;           LSIP::*SYNTHESIS-CAPABILITY-RANKING-REFERENCE-ENABLED-P*
;           LSIP::*SYNTHESIS-PROVIDER-RESOLUTION-REFERENCE-ENABLED-P* ...)
; 
; caught WARNING:
;   undefined variable: LSIP::*SYNTHESIS-SELF-HOST-CONSTRUCTOR-SERVICE-REFERENCE-ENABLED-P*


; file: /home/user0/FIM/deps/goggles-shg-growth/lisp/synthesis_self_host_runtime_closure_v1.lisp
; in: DEFUN LSIP::SYNTHESIS-SELF-HOST-RUNTIME-COMPONENT-ROWS-SH19-V1
;     (LIST :COMPONENT :CONSTRUCTOR-SERVICE :ACTIVE-REF
;           LSIP::*SYNTHESIS-SELF-HOST-CONSTRUCTOR-SERVICE-ACTIVE-COMPONENT-ID*
;           :PREDECESSOR-REF
;           LSIP::+SYNTHESIS-SELF-HOST-CONSTRUCTOR-SERVICE-REFERENCE-ID-V1+
;           :PREDECESSOR-ENABLED-P
;           LSIP::*SYNTHESIS-SELF-HOST-CONSTRUCTOR-SERVICE-REFERENCE-ENABLED-P*)
; 
; caught WARNING:
;   undefined variable: LSIP::*SYNTHESIS-SELF-HOST-CONSTRUCTOR-SERVICE-REFERENCE-ENABLED-P*

; 
; caught WARNING:
;   2 more uses of undefined variable LSIP::*SYNTHESIS-SELF-HOST-CONSTRUCTOR-SERVICE-REFERENCE-ENABLED-P*


; file: /home/user0/FIM/deps/goggles-shg-growth/lisp/synthesis_runtime_hook_activation_v1.lisp
; in: DEFUN LSIP::SYNTHESIS-RUNTIME-HOOK-CURRENT-REF-V1
;     (ECASE LSIP::MUTATION-SURFACE
;       (:PROPOSAL-PROVIDER-HOOK
;        LSIP::*SYNTHESIS-PROPOSAL-PROVIDER-ACTIVE-COMPONENT-ID*)
;       (:PLANNER-HOOK LSIP::*SYNTHESIS-PLANNER-V2-ACTIVE-COMPONENT-ID*)
;       (:EXECUTION-HOOK LSIP::*SYNTHESIS-EXECUTION-V2-ACTIVE-COMPONENT-ID*)
;       (:ORCHESTRATOR-HOOK LSIP::*SYNTHESIS-ORCHESTRATOR-V2-ACTIVE-COMPONENT-ID*)
;       (:PROVIDER-RESOLUTION-HOOK
;        LSIP::*SYNTHESIS-PROVIDER-RESOLUTION-ACTIVE-COMPONENT-ID*)
;       (:CUTOVER-POLICY-HOOK
;        LSIP::*SYNTHESIS-AUTHORITY-CUTOVER-POLICY-ACTIVE-COMPONENT-ID*)
;       (:CONSTRUCTOR-PRIMITIVE-HOOK
;        LSIP::*SYNTHESIS-SELF-HOST-CONSTRUCTOR-PRIMITIVE-ACTIVE-COMPONENT-ID*)
;       (:CONSTRUCTOR-SERVICE-HOOK
;        LSIP::*SYNTHESIS-SELF-HOST-CONSTRUCTOR-SERVICE-ACTIVE-COMPONENT-ID*)
;       (:PROGRAM-IDENTITY-HOOK
;        LSIP::*SYNTHESIS-SELF-HOST-PROGRAM-IDENTITY-ACTIVE-COMPONENT-ID*)
;       (:CONSTRUCTOR-EXECUTOR-HOOK
;        LSIP::*SEMANTIC-CONSTRUCTOR-EXECUTOR-ACTIVE-COMPONENT-ID*)
;       ...)
; --> BLOCK WHEN IF LET WHEN IF RETURN-FROM COND IF IF IF 
; ==>
;   (IF (EQL #:H2 5)
;       LSIP::*SYNTHESIS-SELF-HOST-PROGRAM-IDENTITY-ACTIVE-COMPONENT-ID*
;       (IF (EQL #:H2 6)
;           LSIP::*SYNTHESIS-SELF-HOST-SUCCESSOR-CONTROLLER-ACTIVE-COMPONENT-ID*
;           (IF (EQL #:H2 14)
;               LSIP::*SYNTHESIS-PLANNER-V2-ACTIVE-COMPONENT-ID*
;               (IF (EQL #:H2 22)
;                   LSIP::*SYNTHESIS-PROPOSAL-PROVIDER-ACTIVE-COMPONENT-ID*
;                   (IF #
;                       LSIP::*SYNTHESIS-SELF-HOST-CONSTRUCTOR-SERVICE-ACTIVE-COMPONENT-ID*
;                       #)))))
; 
; caught WARNING:
;   undefined variable: LSIP::*SYNTHESIS-SELF-HOST-PROGRAM-IDENTITY-ACTIVE-COMPONENT-ID*


; file: /home/user0/FIM/deps/goggles-shg-growth/lisp/synthesis_authority_cutover_v1.lisp
; in: DEFUN LSIP:APPLY-SYNTHESIS-AUTHORITY-CUTOVER-COMPATIBILITY-V1
;     (EQUAL LSIP::*SYNTHESIS-SELF-HOST-PROGRAM-IDENTITY-ACTIVE-COMPONENT-ID*
;            LSIP::EXPECTED-CURRENT-REF)
; 
; caught WARNING:
;   undefined variable: LSIP::*SYNTHESIS-SELF-HOST-PROGRAM-IDENTITY-ACTIVE-COMPONENT-ID*

; in: DEFUN LSIP::SYNTHESIS-AUTHORITY-CUTOVER-CURRENT-REF-V1
;     (ECASE (GETF LSIP::COMMAND :MUTATION-SURFACE)
;       (:SELECTOR-HOOK
;        LSIP::*SYNTHESIS-CAPABILITY-SELECTION-V2-ACTIVE-COMPONENT-ID*)
;       (:RANKING-HOOK LSIP::*SYNTHESIS-CAPABILITY-RANKING-ACTIVE-COMPONENT-ID*)
;       (:EVALUATOR-HOOK LSIP::*SYNTHESIS-EVALUATOR-DISPATCH-ACTIVE-COMPONENT-ID*)
;       (:ADMISSION-HOOK LSIP::*SYNTHESIS-ADMISSION-ACTIVE-COMPONENT-ID*)
;       (:PLANNER-HOOK LSIP::*SYNTHESIS-PLANNER-V2-ACTIVE-COMPONENT-ID*)
;       (:PROPOSAL-PROVIDER-HOOK
;        LSIP::*SYNTHESIS-PROPOSAL-PROVIDER-ACTIVE-COMPONENT-ID*)
;       (:EXECUTION-HOOK LSIP::*SYNTHESIS-EXECUTION-V2-ACTIVE-COMPONENT-ID*)
;       (:ORCHESTRATOR-HOOK LSIP::*SYNTHESIS-ORCHESTRATOR-V2-ACTIVE-COMPONENT-ID*)
;       (:PROVIDER-RESOLUTION-HOOK
;        LSIP::*SYNTHESIS-PROVIDER-RESOLUTION-ACTIVE-COMPONENT-ID*)
;       (:CUTOVER-POLICY-HOOK
;        LSIP::*SYNTHESIS-AUTHORITY-CUTOVER-POLICY-ACTIVE-COMPONENT-ID*)
;       ...)
; --> BLOCK WHEN IF LET WHEN IF RETURN-FROM COND IF IF IF IF IF IF IF IF 
; ==>
;   (IF (EQL #:H2 29)
;       LSIP::*SYNTHESIS-SELF-HOST-PROGRAM-IDENTITY-ACTIVE-COMPONENT-ID*
;       (IF (EQL #:H2 32)
;           LSIP::*SYNTHESIS-SELF-HOST-CONSTRUCTOR-SERVICE-ACTIVE-COMPONENT-ID*
;           (IF (EQL #:H2 34)
;               LSIP::*SYNTHESIS-CAPABILITY-RANKING-ACTIVE-COMPONENT-ID*
;               (IF (EQL #:H2 36)
;                   LSIP::*SYNTHESIS-AUTHORITY-CUTOVER-POLICY-ACTIVE-COMPONENT-ID*
;                   (IF #
;                       LSIP::*SEMANTIC-CONSTRUCTOR-SYNTHESIZER-ACTIVE-COMPONENT-ID*
;                       #)))))
; 
; caught WARNING:
;   undefined variable: LSIP::*SYNTHESIS-SELF-HOST-PROGRAM-IDENTITY-ACTIVE-COMPONENT-ID*

; 
; caught WARNING:
;   1 more use of undefined variable LSIP::*SYNTHESIS-SELF-HOST-PROGRAM-IDENTITY-ACTIVE-COMPONENT-ID*


; file: /home/user0/FIM/deps/goggles-shg-growth/lisp/synthesis_self_host_predecessor_lockout_v1.lisp
; in: DEFUN LSIP::LOCKOUT-SYNTHESIS-SELF-HOST-PREDECESSORS-SH20-V1
;     (SETF LSIP::*SYNTHESIS-AUTHORITY-CUTOVER-POLICY-REFERENCE-ENABLED-P* NIL
;           LSIP::*SYNTHESIS-SELF-HOST-PROGRAM-IDENTITY-REFERENCE-ENABLED-P* NIL
;           LSIP::*SYNTHESIS-SELF-HOST-CONSTRUCTOR-PRIMITIVE-REFERENCE-ENABLED-P*
;             NIL
;           LSIP::*SEMANTIC-CONSTRUCTOR-EXECUTOR-REFERENCE-ENABLED-P* NIL
;           LSIP::*SEMANTIC-CONSTRUCTOR-SYNTHESIZER-REFERENCE-ENABLED-P* NIL
;           LSIP::*SEMANTIC-CONSTRUCTOR-VALIDATOR-REFERENCE-ENABLED-P* NIL
;           ...)
; --> SETF 
; ==>
;   (SETQ LSIP::*SYNTHESIS-SELF-HOST-PROGRAM-IDENTITY-REFERENCE-ENABLED-P* NIL)
; 
; caught WARNING:
;   undefined variable: LSIP::*SYNTHESIS-SELF-HOST-PROGRAM-IDENTITY-REFERENCE-ENABLED-P*

; in: DEFUN LSIP::SYNTHESIS-SELF-HOST-PREDECESSOR-FLAGS-SH20-V1
;     (LIST LSIP::*SYNTHESIS-AUTHORITY-CUTOVER-POLICY-REFERENCE-ENABLED-P*
;           LSIP::*SYNTHESIS-SELF-HOST-PROGRAM-IDENTITY-REFERENCE-ENABLED-P*
;           LSIP::*SYNTHESIS-SELF-HOST-CONSTRUCTOR-PRIMITIVE-REFERENCE-ENABLED-P*
;           LSIP::*SEMANTIC-CONSTRUCTOR-EXECUTOR-REFERENCE-ENABLED-P*
;           LSIP::*SEMANTIC-CONSTRUCTOR-SYNTHESIZER-REFERENCE-ENABLED-P*
;           LSIP::*SEMANTIC-CONSTRUCTOR-VALIDATOR-REFERENCE-ENABLED-P*
;           LSIP::*SYNTHESIS-SELF-HOST-CONSTRUCTOR-SERVICE-REFERENCE-ENABLED-P*
;           LSIP::*SYNTHESIS-PLANNER-V2-REFERENCE-ENABLED-P*
;           LSIP::*SYNTHESIS-CAPABILITY-SELECTION-V2-REFERENCE-ENABLED-P*
;           LSIP::*SYNTHESIS-CAPABILITY-RANKING-REFERENCE-ENABLED-P*
;           LSIP::*SYNTHESIS-PROVIDER-RESOLUTION-REFERENCE-ENABLED-P* ...)
; 
; caught WARNING:
;   undefined variable: LSIP::*SYNTHESIS-SELF-HOST-PROGRAM-IDENTITY-REFERENCE-ENABLED-P*


; file: /home/user0/FIM/deps/goggles-shg-growth/lisp/synthesis_self_host_runtime_closure_v1.lisp
; in: DEFUN LSIP::SYNTHESIS-SELF-HOST-RUNTIME-COMPONENT-ROWS-SH19-V1
;     (LIST :COMPONENT :PROGRAM-IDENTITY :ACTIVE-REF
;           LSIP::*SYNTHESIS-SELF-HOST-PROGRAM-IDENTITY-ACTIVE-COMPONENT-ID*
;           :PREDECESSOR-REF
;           LSIP::+SYNTHESIS-SELF-HOST-PROGRAM-IDENTITY-REFERENCE-ID-V1+
;           :PREDECESSOR-ENABLED-P
;           LSIP::*SYNTHESIS-SELF-HOST-PROGRAM-IDENTITY-REFERENCE-ENABLED-P*)
; 
; caught WARNING:
;   undefined variable: LSIP::*SYNTHESIS-SELF-HOST-PROGRAM-IDENTITY-REFERENCE-ENABLED-P*


; file: /home/user0/FIM/deps/goggles-shg-growth/lisp/synthesis_runtime_hook_activation_v1.lisp
; in: DEFUN LSIP::SYNTHESIS-RUNTIME-HOOK-CURRENT-REF-V1
;     (ECASE LSIP::MUTATION-SURFACE
;       (:PROPOSAL-PROVIDER-HOOK
;        LSIP::*SYNTHESIS-PROPOSAL-PROVIDER-ACTIVE-COMPONENT-ID*)
;       (:PLANNER-HOOK LSIP::*SYNTHESIS-PLANNER-V2-ACTIVE-COMPONENT-ID*)
;       (:EXECUTION-HOOK LSIP::*SYNTHESIS-EXECUTION-V2-ACTIVE-COMPONENT-ID*)
;       (:ORCHESTRATOR-HOOK LSIP::*SYNTHESIS-ORCHESTRATOR-V2-ACTIVE-COMPONENT-ID*)
;       (:PROVIDER-RESOLUTION-HOOK
;        LSIP::*SYNTHESIS-PROVIDER-RESOLUTION-ACTIVE-COMPONENT-ID*)
;       (:CUTOVER-POLICY-HOOK
;        LSIP::*SYNTHESIS-AUTHORITY-CUTOVER-POLICY-ACTIVE-COMPONENT-ID*)
;       (:CONSTRUCTOR-PRIMITIVE-HOOK
;        LSIP::*SYNTHESIS-SELF-HOST-CONSTRUCTOR-PRIMITIVE-ACTIVE-COMPONENT-ID*)
;       (:CONSTRUCTOR-SERVICE-HOOK
;        LSIP::*SYNTHESIS-SELF-HOST-CONSTRUCTOR-SERVICE-ACTIVE-COMPONENT-ID*)
;       (:PROGRAM-IDENTITY-HOOK
;        LSIP::*SYNTHESIS-SELF-HOST-PROGRAM-IDENTITY-ACTIVE-COMPONENT-ID*)
;       (:CONSTRUCTOR-EXECUTOR-HOOK
;        LSIP::*SEMANTIC-CONSTRUCTOR-EXECUTOR-ACTIVE-COMPONENT-ID*)
;       ...)
; --> BLOCK WHEN IF LET WHEN IF RETURN-FROM COND IF IF IF IF 
; ==>
;   (IF (EQL #:H2 6)
;       LSIP::*SYNTHESIS-SELF-HOST-SUCCESSOR-CONTROLLER-ACTIVE-COMPONENT-ID*
;       (IF (EQL #:H2 14)
;           LSIP::*SYNTHESIS-PLANNER-V2-ACTIVE-COMPONENT-ID*
;           (IF (EQL #:H2 22)
;               LSIP::*SYNTHESIS-PROPOSAL-PROVIDER-ACTIVE-COMPONENT-ID*
;               (IF (EQL #:H2 24)
;                   LSIP::*SYNTHESIS-SELF-HOST-CONSTRUCTOR-SERVICE-ACTIVE-COMPONENT-ID*
;                   (IF #
;                       LSIP::*SYNTHESIS-ORCHESTRATOR-V2-ACTIVE-COMPONENT-ID*
;                       #)))))
; 
; caught WARNING:
;   undefined variable: LSIP::*SYNTHESIS-SELF-HOST-SUCCESSOR-CONTROLLER-ACTIVE-COMPONENT-ID*


; file: /home/user0/FIM/deps/goggles-shg-growth/lisp/synthesis_authority_cutover_v1.lisp
; in: DEFUN LSIP:APPLY-SYNTHESIS-AUTHORITY-CUTOVER-COMPATIBILITY-V1
;     (EQUAL LSIP::*SYNTHESIS-SELF-HOST-SUCCESSOR-CONTROLLER-ACTIVE-COMPONENT-ID*
;            LSIP::EXPECTED-CURRENT-REF)
; 
; caught WARNING:
;   undefined variable: LSIP::*SYNTHESIS-SELF-HOST-SUCCESSOR-CONTROLLER-ACTIVE-COMPONENT-ID*

; in: DEFUN LSIP::SYNTHESIS-AUTHORITY-CUTOVER-CURRENT-REF-V1
;     (ECASE (GETF LSIP::COMMAND :MUTATION-SURFACE)
;       (:SELECTOR-HOOK
;        LSIP::*SYNTHESIS-CAPABILITY-SELECTION-V2-ACTIVE-COMPONENT-ID*)
;       (:RANKING-HOOK LSIP::*SYNTHESIS-CAPABILITY-RANKING-ACTIVE-COMPONENT-ID*)
;       (:EVALUATOR-HOOK LSIP::*SYNTHESIS-EVALUATOR-DISPATCH-ACTIVE-COMPONENT-ID*)
;       (:ADMISSION-HOOK LSIP::*SYNTHESIS-ADMISSION-ACTIVE-COMPONENT-ID*)
;       (:PLANNER-HOOK LSIP::*SYNTHESIS-PLANNER-V2-ACTIVE-COMPONENT-ID*)
;       (:PROPOSAL-PROVIDER-HOOK
;        LSIP::*SYNTHESIS-PROPOSAL-PROVIDER-ACTIVE-COMPONENT-ID*)
;       (:EXECUTION-HOOK LSIP::*SYNTHESIS-EXECUTION-V2-ACTIVE-COMPONENT-ID*)
;       (:ORCHESTRATOR-HOOK LSIP::*SYNTHESIS-ORCHESTRATOR-V2-ACTIVE-COMPONENT-ID*)
;       (:PROVIDER-RESOLUTION-HOOK
;        LSIP::*SYNTHESIS-PROVIDER-RESOLUTION-ACTIVE-COMPONENT-ID*)
;       (:CUTOVER-POLICY-HOOK
;        LSIP::*SYNTHESIS-AUTHORITY-CUTOVER-POLICY-ACTIVE-COMPONENT-ID*)
;       ...)
; --> BLOCK WHEN IF LET WHEN IF RETURN-FROM COND 
; ==>
;   (IF (EQL #:H2 4)
;       LSIP::*SYNTHESIS-SELF-HOST-SUCCESSOR-CONTROLLER-ACTIVE-COMPONENT-ID*
;       (IF (EQL #:H2 5)
;           LSIP::*SYNTHESIS-PROPOSAL-PROVIDER-ACTIVE-COMPONENT-ID*
;           (IF (EQL #:H2 11)
;               LSIP::*SYNTHESIS-ORCHESTRATOR-V2-ACTIVE-COMPONENT-ID*
;               (IF (EQL #:H2 13)
;                   LSIP::*SYNTHESIS-CAPABILITY-SELECTION-V2-ACTIVE-COMPONENT-ID*
;                   (IF #
;                       LSIP::*SYNTHESIS-ADMISSION-ACTIVE-COMPONENT-ID*
;                       #)))))
; 
; caught WARNING:
;   undefined variable: LSIP::*SYNTHESIS-SELF-HOST-SUCCESSOR-CONTROLLER-ACTIVE-COMPONENT-ID*

; 
; caught WARNING:
;   2 more uses of undefined variable LSIP::*SYNTHESIS-SELF-HOST-SUCCESSOR-CONTROLLER-ACTIVE-COMPONENT-ID*


; file: /home/user0/FIM/deps/goggles-shg-growth/lisp/synthesis_self_host_predecessor_lockout_v1.lisp
; in: DEFUN LSIP::LOCKOUT-SYNTHESIS-SELF-HOST-PREDECESSORS-SH20-V1
;     (SETF LSIP::*SYNTHESIS-AUTHORITY-CUTOVER-POLICY-REFERENCE-ENABLED-P* NIL
;           LSIP::*SYNTHESIS-SELF-HOST-PROGRAM-IDENTITY-REFERENCE-ENABLED-P* NIL
;           LSIP::*SYNTHESIS-SELF-HOST-CONSTRUCTOR-PRIMITIVE-REFERENCE-ENABLED-P*
;             NIL
;           LSIP::*SEMANTIC-CONSTRUCTOR-EXECUTOR-REFERENCE-ENABLED-P* NIL
;           LSIP::*SEMANTIC-CONSTRUCTOR-SYNTHESIZER-REFERENCE-ENABLED-P* NIL
;           LSIP::*SEMANTIC-CONSTRUCTOR-VALIDATOR-REFERENCE-ENABLED-P* NIL
;           ...)
; --> SETF 
; ==>
;   (SETQ LSIP::*SYNTHESIS-SELF-HOST-SUCCESSOR-CONTROLLER-REFERENCE-ENABLED-P*
;           NIL)
; 
; caught WARNING:
;   undefined variable: LSIP::*SYNTHESIS-SELF-HOST-SUCCESSOR-CONTROLLER-REFERENCE-ENABLED-P*

; in: DEFUN LSIP::SYNTHESIS-SELF-HOST-PREDECESSOR-FLAGS-SH20-V1
;     (LIST LSIP::*SYNTHESIS-AUTHORITY-CUTOVER-POLICY-REFERENCE-ENABLED-P*
;           LSIP::*SYNTHESIS-SELF-HOST-PROGRAM-IDENTITY-REFERENCE-ENABLED-P*
;           LSIP::*SYNTHESIS-SELF-HOST-CONSTRUCTOR-PRIMITIVE-REFERENCE-ENABLED-P*
;           LSIP::*SEMANTIC-CONSTRUCTOR-EXECUTOR-REFERENCE-ENABLED-P*
;           LSIP::*SEMANTIC-CONSTRUCTOR-SYNTHESIZER-REFERENCE-ENABLED-P*
;           LSIP::*SEMANTIC-CONSTRUCTOR-VALIDATOR-REFERENCE-ENABLED-P*
;           LSIP::*SYNTHESIS-SELF-HOST-CONSTRUCTOR-SERVICE-REFERENCE-ENABLED-P*
;           LSIP::*SYNTHESIS-PLANNER-V2-REFERENCE-ENABLED-P*
;           LSIP::*SYNTHESIS-CAPABILITY-SELECTION-V2-REFERENCE-ENABLED-P*
;           LSIP::*SYNTHESIS-CAPABILITY-RANKING-REFERENCE-ENABLED-P*
;           LSIP::*SYNTHESIS-PROVIDER-RESOLUTION-REFERENCE-ENABLED-P* ...)
; 
; caught WARNING:
;   undefined variable: LSIP::*SYNTHESIS-SELF-HOST-SUCCESSOR-CONTROLLER-REFERENCE-ENABLED-P*


; file: /home/user0/FIM/deps/goggles-shg-growth/lisp/synthesis_self_host_runtime_closure_v1.lisp
; in: DEFUN LSIP::SYNTHESIS-SELF-HOST-RUNTIME-COMPONENT-ROWS-SH19-V1
;     (LIST :COMPONENT :SUCCESSOR-CONTROLLER :ACTIVE-REF
;           LSIP::*SYNTHESIS-SELF-HOST-SUCCESSOR-CONTROLLER-ACTIVE-COMPONENT-ID*
;           :PREDECESSOR-REF
;           LSIP::+SYNTHESIS-SELF-HOST-SUCCESSOR-CONTROLLER-REFERENCE-ID-V1+
;           :PREDECESSOR-ENABLED-P
;           LSIP::*SYNTHESIS-SELF-HOST-SUCCESSOR-CONTROLLER-REFERENCE-ENABLED-P*)
; 
; caught WARNING:
;   undefined variable: LSIP::*SYNTHESIS-SELF-HOST-SUCCESSOR-CONTROLLER-REFERENCE-ENABLED-P*

; 
; caught WARNING:
;   8 more uses of undefined variable LSIP::*SYNTHESIS-SELF-HOST-SUCCESSOR-CONTROLLER-REFERENCE-ENABLED-P*


; file: /home/user0/FIM/deps/goggles-shg-growth/lisp/synthesis_self_host_runtime_closure_v1.lisp
; in: DEFUN LSIP::SYNTHESIS-SELF-HOST-RUNTIME-COMPONENT-ROWS-SH19-V1
;     (LIST :COMPONENT :CONSTRUCTOR-EXECUTOR :ACTIVE-REF
;           LSIP::*SEMANTIC-CONSTRUCTOR-EXECUTOR-ACTIVE-COMPONENT-ID*
;           :PREDECESSOR-REF LSIP::+SEMANTIC-CONSTRUCTOR-EXECUTOR-REFERENCE-ID-V1+
;           :PREDECESSOR-ENABLED-P
;           LSIP::*SEMANTIC-CONSTRUCTOR-EXECUTOR-REFERENCE-ENABLED-P*)
; 
; caught WARNING:
;   undefined variable: LSIP::+SEMANTIC-CONSTRUCTOR-EXECUTOR-REFERENCE-ID-V1+


; file: /home/user0/FIM/deps/goggles-shg-growth/lisp/synthesis_reconstruction_grant_v1.lisp
; in: DEFUN LSIP::VALIDATE-SYNTHESIS-RECONSTRUCTION-GRANT-SHAPE-V1
;     (EQUAL (GETF LSIP::GRANT :TARGET-ID)
;            LSIP::+SEMANTIC-CONSTRUCTOR-EXECUTOR-TARGET-ID-V1+)
; 
; caught WARNING:
;   undefined variable: LSIP::+SEMANTIC-CONSTRUCTOR-EXECUTOR-TARGET-ID-V1+

; in: DEFUN LSIP::VALIDATE-SYNTHESIS-RECONSTRUCTION-INTENT-SHAPE-V1
;     (EQUAL (GETF LSIP::INTENT :TARGET-ID)
;            LSIP::+SEMANTIC-CONSTRUCTOR-EXECUTOR-TARGET-ID-V1+)
; 
; caught WARNING:
;   undefined variable: LSIP::+SEMANTIC-CONSTRUCTOR-EXECUTOR-TARGET-ID-V1+


; file: /home/user0/FIM/deps/goggles-shg-growth/lisp/synthesis_self_host_runtime_closure_v1.lisp
; in: DEFUN LSIP::SYNTHESIS-SELF-HOST-RUNTIME-COMPONENT-ROWS-SH19-V1
;     (LIST :COMPONENT :CONSTRUCTOR-SYNTHESIZER :ACTIVE-REF
;           LSIP::*SEMANTIC-CONSTRUCTOR-SYNTHESIZER-ACTIVE-COMPONENT-ID*
;           :PREDECESSOR-REF
;           LSIP::+SEMANTIC-CONSTRUCTOR-SYNTHESIZER-REFERENCE-ID-V1+
;           :PREDECESSOR-ENABLED-P
;           LSIP::*SEMANTIC-CONSTRUCTOR-SYNTHESIZER-REFERENCE-ENABLED-P*)
; 
; caught WARNING:
;   undefined variable: LSIP::+SEMANTIC-CONSTRUCTOR-SYNTHESIZER-REFERENCE-ID-V1+


; file: /home/user0/FIM/deps/goggles-shg-growth/lisp/synthesis_reconstruction_grant_v1.lisp
; in: DEFUN LSIP::VALIDATE-SYNTHESIS-RECONSTRUCTION-GRANT-SHAPE-V1
;     (EQUAL (GETF LSIP::GRANT :TARGET-ID)
;            LSIP::+SEMANTIC-CONSTRUCTOR-SYNTHESIZER-TARGET-ID-V1+)
; 
; caught WARNING:
;   undefined variable: LSIP::+SEMANTIC-CONSTRUCTOR-SYNTHESIZER-TARGET-ID-V1+

; in: DEFUN LSIP::VALIDATE-SYNTHESIS-RECONSTRUCTION-INTENT-SHAPE-V1
;     (EQUAL (GETF LSIP::INTENT :TARGET-ID)
;            LSIP::+SEMANTIC-CONSTRUCTOR-SYNTHESIZER-TARGET-ID-V1+)
; 
; caught WARNING:
;   undefined variable: LSIP::+SEMANTIC-CONSTRUCTOR-SYNTHESIZER-TARGET-ID-V1+


; file: /home/user0/FIM/deps/goggles-shg-growth/lisp/synthesis_self_host_runtime_closure_v1.lisp
; in: DEFUN LSIP::SYNTHESIS-SELF-HOST-RUNTIME-COMPONENT-ROWS-SH19-V1
;     (LIST :COMPONENT :CONSTRUCTOR-VALIDATOR :ACTIVE-REF
;           LSIP::*SEMANTIC-CONSTRUCTOR-VALIDATOR-ACTIVE-COMPONENT-ID*
;           :PREDECESSOR-REF LSIP::+SEMANTIC-CONSTRUCTOR-VALIDATOR-REFERENCE-ID-V1+
;           :PREDECESSOR-ENABLED-P
;           LSIP::*SEMANTIC-CONSTRUCTOR-VALIDATOR-REFERENCE-ENABLED-P*)
; 
; caught WARNING:
;   undefined variable: LSIP::+SEMANTIC-CONSTRUCTOR-VALIDATOR-REFERENCE-ID-V1+


; file: /home/user0/FIM/deps/goggles-shg-growth/lisp/synthesis_reconstruction_grant_v1.lisp
; in: DEFUN LSIP::VALIDATE-SYNTHESIS-RECONSTRUCTION-GRANT-SHAPE-V1
;     (EQUAL (GETF LSIP::GRANT :TARGET-ID)
;            LSIP::+SEMANTIC-CONSTRUCTOR-VALIDATOR-TARGET-ID-V1+)
; 
; caught WARNING:
;   undefined variable: LSIP::+SEMANTIC-CONSTRUCTOR-VALIDATOR-TARGET-ID-V1+

; in: DEFUN LSIP::VALIDATE-SYNTHESIS-RECONSTRUCTION-INTENT-SHAPE-V1
;     (EQUAL (GETF LSIP::INTENT :TARGET-ID)
;            LSIP::+SEMANTIC-CONSTRUCTOR-VALIDATOR-TARGET-ID-V1+)
; 
; caught WARNING:
;   undefined variable: LSIP::+SEMANTIC-CONSTRUCTOR-VALIDATOR-TARGET-ID-V1+

; in: DEFUN LSIP::VALIDATE-SYNTHESIS-RECONSTRUCTION-GRANT-SHAPE-V1
;     (EQUAL (GETF LSIP::GRANT :TARGET-ID)
;            LSIP:+SYNTHESIS-ADMISSION-SH13-TARGET-ID-V1+)
; 
; caught WARNING:
;   undefined variable: LSIP:+SYNTHESIS-ADMISSION-SH13-TARGET-ID-V1+

; in: DEFUN LSIP::VALIDATE-SYNTHESIS-RECONSTRUCTION-INTENT-SHAPE-V1
;     (EQUAL (GETF LSIP::INTENT :TARGET-ID)
;            LSIP:+SYNTHESIS-ADMISSION-SH13-TARGET-ID-V1+)
; 
; caught WARNING:
;   undefined variable: LSIP:+SYNTHESIS-ADMISSION-SH13-TARGET-ID-V1+

; in: DEFUN LSIP::VALIDATE-SYNTHESIS-RECONSTRUCTION-GRANT-SHAPE-V1
;     (EQUAL (GETF LSIP::GRANT :TARGET-ID)
;            LSIP::+SYNTHESIS-AUTHORITY-CUTOVER-POLICY-TARGET-ID-V1+)
; 
; caught WARNING:
;   undefined variable: LSIP::+SYNTHESIS-AUTHORITY-CUTOVER-POLICY-TARGET-ID-V1+

; in: DEFUN LSIP::VALIDATE-SYNTHESIS-RECONSTRUCTION-INTENT-SHAPE-V1
;     (EQUAL (GETF LSIP::INTENT :TARGET-ID)
;            LSIP::+SYNTHESIS-AUTHORITY-CUTOVER-POLICY-TARGET-ID-V1+)
; 
; caught WARNING:
;   undefined variable: LSIP::+SYNTHESIS-AUTHORITY-CUTOVER-POLICY-TARGET-ID-V1+

; in: DEFUN LSIP::VALIDATE-SYNTHESIS-RECONSTRUCTION-GRANT-SHAPE-V1
;     (EQUAL (GETF LSIP::GRANT :TARGET-ID)
;            LSIP:+SYNTHESIS-CAPABILITY-RANKING-SH11-TARGET-ID-V1+)
; 
; caught WARNING:
;   undefined variable: LSIP:+SYNTHESIS-CAPABILITY-RANKING-SH11-TARGET-ID-V1+

; in: DEFUN LSIP::VALIDATE-SYNTHESIS-RECONSTRUCTION-INTENT-SHAPE-V1
;     (EQUAL (GETF LSIP::INTENT :TARGET-ID)
;            LSIP:+SYNTHESIS-CAPABILITY-RANKING-SH11-TARGET-ID-V1+)
; 
; caught WARNING:
;   undefined variable: LSIP:+SYNTHESIS-CAPABILITY-RANKING-SH11-TARGET-ID-V1+

; in: DEFUN LSIP::VALIDATE-SYNTHESIS-RECONSTRUCTION-GRANT-SHAPE-V1
;     (EQUAL (GETF LSIP::GRANT :TARGET-ID)
;            LSIP:+SYNTHESIS-CAPABILITY-SELECTOR-SH5-TARGET-ID-V1+)
; 
; caught WARNING:
;   undefined variable: LSIP:+SYNTHESIS-CAPABILITY-SELECTOR-SH5-TARGET-ID-V1+

; in: DEFUN LSIP::VALIDATE-SYNTHESIS-RECONSTRUCTION-INTENT-SHAPE-V1
;     (EQUAL (GETF LSIP::INTENT :TARGET-ID)
;            LSIP:+SYNTHESIS-CAPABILITY-SELECTOR-SH5-TARGET-ID-V1+)
; 
; caught WARNING:
;   undefined variable: LSIP:+SYNTHESIS-CAPABILITY-SELECTOR-SH5-TARGET-ID-V1+

; in: DEFUN LSIP::VALIDATE-SYNTHESIS-RECONSTRUCTION-GRANT-SHAPE-V1
;     (EQUAL (GETF LSIP::GRANT :TARGET-ID)
;            LSIP:+SYNTHESIS-EVALUATOR-DISPATCH-SH12-TARGET-ID-V1+)
; 
; caught WARNING:
;   undefined variable: LSIP:+SYNTHESIS-EVALUATOR-DISPATCH-SH12-TARGET-ID-V1+

; in: DEFUN LSIP::VALIDATE-SYNTHESIS-RECONSTRUCTION-INTENT-SHAPE-V1
;     (EQUAL (GETF LSIP::INTENT :TARGET-ID)
;            LSIP:+SYNTHESIS-EVALUATOR-DISPATCH-SH12-TARGET-ID-V1+)
; 
; caught WARNING:
;   undefined variable: LSIP:+SYNTHESIS-EVALUATOR-DISPATCH-SH12-TARGET-ID-V1+

; in: DEFUN LSIP::VALIDATE-SYNTHESIS-RECONSTRUCTION-GRANT-SHAPE-V1
;     (EQUAL (GETF LSIP::GRANT :TARGET-ID)
;            LSIP::+SYNTHESIS-EXECUTION-SH16-TARGET-ID-V1+)
; 
; caught WARNING:
;   undefined variable: LSIP::+SYNTHESIS-EXECUTION-SH16-TARGET-ID-V1+

; in: DEFUN LSIP::VALIDATE-SYNTHESIS-RECONSTRUCTION-INTENT-SHAPE-V1
;     (EQUAL (GETF LSIP::INTENT :TARGET-ID)
;            LSIP::+SYNTHESIS-EXECUTION-SH16-TARGET-ID-V1+)
; 
; caught WARNING:
;   undefined variable: LSIP::+SYNTHESIS-EXECUTION-SH16-TARGET-ID-V1+

; in: DEFUN LSIP::VALIDATE-SYNTHESIS-RECONSTRUCTION-GRANT-SHAPE-V1
;     (EQUAL (GETF LSIP::GRANT :TARGET-ID)
;            LSIP::+SYNTHESIS-ORCHESTRATOR-SH17-TARGET-ID-V1+)
; 
; caught WARNING:
;   undefined variable: LSIP::+SYNTHESIS-ORCHESTRATOR-SH17-TARGET-ID-V1+

; in: DEFUN LSIP::VALIDATE-SYNTHESIS-RECONSTRUCTION-INTENT-SHAPE-V1
;     (EQUAL (GETF LSIP::INTENT :TARGET-ID)
;            LSIP::+SYNTHESIS-ORCHESTRATOR-SH17-TARGET-ID-V1+)
; 
; caught WARNING:
;   undefined variable: LSIP::+SYNTHESIS-ORCHESTRATOR-SH17-TARGET-ID-V1+

; in: DEFUN LSIP::VALIDATE-SYNTHESIS-RECONSTRUCTION-GRANT-SHAPE-V1
;     (EQUAL (GETF LSIP::GRANT :TARGET-ID)
;            LSIP::+SYNTHESIS-PLANNER-SH15-TARGET-ID-V1+)
; 
; caught WARNING:
;   undefined variable: LSIP::+SYNTHESIS-PLANNER-SH15-TARGET-ID-V1+

; in: DEFUN LSIP::VALIDATE-SYNTHESIS-RECONSTRUCTION-INTENT-SHAPE-V1
;     (EQUAL (GETF LSIP::INTENT :TARGET-ID)
;            LSIP::+SYNTHESIS-PLANNER-SH15-TARGET-ID-V1+)
; 
; caught WARNING:
;   undefined variable: LSIP::+SYNTHESIS-PLANNER-SH15-TARGET-ID-V1+

; in: DEFUN LSIP::VALIDATE-SYNTHESIS-RECONSTRUCTION-GRANT-SHAPE-V1
;     (EQUAL (GETF LSIP::GRANT :TARGET-ID)
;            LSIP::+SYNTHESIS-PROPOSAL-PROVIDER-SH14-TARGET-ID-V1+)
; 
; caught WARNING:
;   undefined variable: LSIP::+SYNTHESIS-PROPOSAL-PROVIDER-SH14-TARGET-ID-V1+

; in: DEFUN LSIP::VALIDATE-SYNTHESIS-RECONSTRUCTION-INTENT-SHAPE-V1
;     (EQUAL (GETF LSIP::INTENT :TARGET-ID)
;            LSIP::+SYNTHESIS-PROPOSAL-PROVIDER-SH14-TARGET-ID-V1+)
; 
; caught WARNING:
;   undefined variable: LSIP::+SYNTHESIS-PROPOSAL-PROVIDER-SH14-TARGET-ID-V1+

; in: DEFUN LSIP::VALIDATE-SYNTHESIS-RECONSTRUCTION-GRANT-SHAPE-V1
;     (EQUAL (GETF LSIP::GRANT :TARGET-ID)
;            LSIP::+SYNTHESIS-PROVIDER-RESOLUTION-SH18-TARGET-ID-V1+)
; 
; caught WARNING:
;   undefined variable: LSIP::+SYNTHESIS-PROVIDER-RESOLUTION-SH18-TARGET-ID-V1+

; in: DEFUN LSIP::VALIDATE-SYNTHESIS-RECONSTRUCTION-INTENT-SHAPE-V1
;     (EQUAL (GETF LSIP::INTENT :TARGET-ID)
;            LSIP::+SYNTHESIS-PROVIDER-RESOLUTION-SH18-TARGET-ID-V1+)
; 
; caught WARNING:
;   undefined variable: LSIP::+SYNTHESIS-PROVIDER-RESOLUTION-SH18-TARGET-ID-V1+


; file: /home/user0/FIM/deps/goggles-shg-growth/lisp/synthesis_self_host_semantic_frontend_v1.lisp
; in:
;      DEFUN LSIP:SYNTHESIS-SELF-HOST-COMPONENT-BLUEPRINT-THROUGH-SEMANTIC-FRONT-V1
;     (LIST :SCHEMA :SYNTHESIS-SELF-HOST-COMPONENT-BLUEPRINT-SH35-V1 :VERSION
;           LSIP::+SYNTHESIS-SELF-HOST-COMPONENT-CONSTRUCTOR-SH35-VERSION-V1+
;           :COMPONENT LSIP::COMPONENT :SOURCE-REF
;           (GETF LSIP::COMPAT-SOURCE :SOURCE-REF) :SOURCE LSIP::COMPAT-SOURCE
;           :PROGRAM-REF ...)
; 
; caught WARNING:
;   undefined variable: LSIP::+SYNTHESIS-SELF-HOST-COMPONENT-CONSTRUCTOR-SH35-VERSION-V1+

; in: DEFUN LSIP::SYNTHESIS-SELF-HOST-SEMANTIC-COMPAT-SOURCE-V1
;     (LIST :SCHEMA :SYNTHESIS-SELF-HOST-COMPONENT-SOURCE-SH35-V1 :VERSION
;           LSIP::+SYNTHESIS-SELF-HOST-COMPONENT-CONSTRUCTOR-SH35-VERSION-V1+
;           :COMPONENT LSIP::COMPONENT :FIELD-ORDER (COPY-LIST LSIP::KEYS)
;           :PROGRAM-FIELDS LSIP::FIELDS :EXECUTABLE-SOURCE ...)
; 
; caught WARNING:
;   undefined variable: LSIP::+SYNTHESIS-SELF-HOST-COMPONENT-CONSTRUCTOR-SH35-VERSION-V1+


; file: /home/user0/FIM/deps/goggles-shg-growth/lisp/synthesis_self_host_runtime_closure_v1.lisp
; in: DEFUN LSIP::SYNTHESIS-SELF-HOST-RUNTIME-COMPONENT-ROWS-SH19-V1
;     (LIST :COMPONENT :CONSTRUCTOR-PRIMITIVE :ACTIVE-REF
;           LSIP::*SYNTHESIS-SELF-HOST-CONSTRUCTOR-PRIMITIVE-ACTIVE-COMPONENT-ID*
;           :PREDECESSOR-REF
;           LSIP::+SYNTHESIS-SELF-HOST-CONSTRUCTOR-PRIMITIVE-REFERENCE-ID-V1+
;           :PREDECESSOR-ENABLED-P
;           LSIP::*SYNTHESIS-SELF-HOST-CONSTRUCTOR-PRIMITIVE-REFERENCE-ENABLED-P*)
; 
; caught WARNING:
;   undefined variable: LSIP::+SYNTHESIS-SELF-HOST-CONSTRUCTOR-PRIMITIVE-REFERENCE-ID-V1+


; file: /home/user0/FIM/deps/goggles-shg-growth/lisp/synthesis_reconstruction_grant_v1.lisp
; in: DEFUN LSIP::VALIDATE-SYNTHESIS-RECONSTRUCTION-GRANT-SHAPE-V1
;     (EQUAL (GETF LSIP::GRANT :TARGET-ID)
;            LSIP::+SYNTHESIS-SELF-HOST-CONSTRUCTOR-PRIMITIVE-TARGET-ID-V1+)
; 
; caught WARNING:
;   undefined variable: LSIP::+SYNTHESIS-SELF-HOST-CONSTRUCTOR-PRIMITIVE-TARGET-ID-V1+

; in: DEFUN LSIP::VALIDATE-SYNTHESIS-RECONSTRUCTION-INTENT-SHAPE-V1
;     (EQUAL (GETF LSIP::INTENT :TARGET-ID)
;            LSIP::+SYNTHESIS-SELF-HOST-CONSTRUCTOR-PRIMITIVE-TARGET-ID-V1+)
; 
; caught WARNING:
;   undefined variable: LSIP::+SYNTHESIS-SELF-HOST-CONSTRUCTOR-PRIMITIVE-TARGET-ID-V1+


; file: /home/user0/FIM/deps/goggles-shg-growth/lisp/synthesis_self_host_runtime_closure_v1.lisp
; in: DEFUN LSIP::SYNTHESIS-SELF-HOST-RUNTIME-COMPONENT-ROWS-SH19-V1
;     (LIST :COMPONENT :CONSTRUCTOR-SERVICE :ACTIVE-REF
;           LSIP::*SYNTHESIS-SELF-HOST-CONSTRUCTOR-SERVICE-ACTIVE-COMPONENT-ID*
;           :PREDECESSOR-REF
;           LSIP::+SYNTHESIS-SELF-HOST-CONSTRUCTOR-SERVICE-REFERENCE-ID-V1+
;           :PREDECESSOR-ENABLED-P
;           LSIP::*SYNTHESIS-SELF-HOST-CONSTRUCTOR-SERVICE-REFERENCE-ENABLED-P*)
; 
; caught WARNING:
;   undefined variable: LSIP::+SYNTHESIS-SELF-HOST-CONSTRUCTOR-SERVICE-REFERENCE-ID-V1+


; file: /home/user0/FIM/deps/goggles-shg-growth/lisp/synthesis_reconstruction_grant_v1.lisp
; in: DEFUN LSIP::VALIDATE-SYNTHESIS-RECONSTRUCTION-GRANT-SHAPE-V1
;     (EQUAL (GETF LSIP::GRANT :TARGET-ID)
;            LSIP::+SYNTHESIS-SELF-HOST-CONSTRUCTOR-SERVICE-TARGET-ID-V1+)
; 
; caught WARNING:
;   undefined variable: LSIP::+SYNTHESIS-SELF-HOST-CONSTRUCTOR-SERVICE-TARGET-ID-V1+

; in: DEFUN LSIP::VALIDATE-SYNTHESIS-RECONSTRUCTION-INTENT-SHAPE-V1
;     (EQUAL (GETF LSIP::INTENT :TARGET-ID)
;            LSIP::+SYNTHESIS-SELF-HOST-CONSTRUCTOR-SERVICE-TARGET-ID-V1+)
; 
; caught WARNING:
;   undefined variable: LSIP::+SYNTHESIS-SELF-HOST-CONSTRUCTOR-SERVICE-TARGET-ID-V1+


; file: /home/user0/FIM/deps/goggles-shg-growth/lisp/synthesis_self_host_runtime_closure_v1.lisp
; in: DEFUN LSIP::SYNTHESIS-SELF-HOST-RUNTIME-COMPONENT-ROWS-SH19-V1
;     (LIST :COMPONENT :PROGRAM-IDENTITY :ACTIVE-REF
;           LSIP::*SYNTHESIS-SELF-HOST-PROGRAM-IDENTITY-ACTIVE-COMPONENT-ID*
;           :PREDECESSOR-REF
;           LSIP::+SYNTHESIS-SELF-HOST-PROGRAM-IDENTITY-REFERENCE-ID-V1+
;           :PREDECESSOR-ENABLED-P
;           LSIP::*SYNTHESIS-SELF-HOST-PROGRAM-IDENTITY-REFERENCE-ENABLED-P*)
; 
; caught WARNING:
;   undefined variable: LSIP::+SYNTHESIS-SELF-HOST-PROGRAM-IDENTITY-REFERENCE-ID-V1+


; file: /home/user0/FIM/deps/goggles-shg-growth/lisp/synthesis_reconstruction_grant_v1.lisp
; in: DEFUN LSIP::VALIDATE-SYNTHESIS-RECONSTRUCTION-GRANT-SHAPE-V1
;     (EQUAL (GETF LSIP::GRANT :TARGET-ID)
;            LSIP::+SYNTHESIS-SELF-HOST-PROGRAM-IDENTITY-TARGET-ID-V1+)
; 
; caught WARNING:
;   undefined variable: LSIP::+SYNTHESIS-SELF-HOST-PROGRAM-IDENTITY-TARGET-ID-V1+

; in: DEFUN LSIP::VALIDATE-SYNTHESIS-RECONSTRUCTION-INTENT-SHAPE-V1
;     (EQUAL (GETF LSIP::INTENT :TARGET-ID)
;            LSIP::+SYNTHESIS-SELF-HOST-PROGRAM-IDENTITY-TARGET-ID-V1+)
; 
; caught WARNING:
;   undefined variable: LSIP::+SYNTHESIS-SELF-HOST-PROGRAM-IDENTITY-TARGET-ID-V1+


; file: /home/user0/FIM/deps/goggles-shg-growth/lisp/synthesis_self_host_successor_controller_self_host_v1.lisp
; in:
;      DEFUN LSIP::VALIDATE-SYNTHESIS-SELF-HOST-SUCCESSOR-CONTROLLER-SH42-DESCRIPTION-V1
;     (EQUAL (GETF LSIP::DESCRIPTION :PREDECESSOR-REF)
;            LSIP::+SYNTHESIS-SELF-HOST-SUCCESSOR-CONTROLLER-REFERENCE-ID-V1+)
; 
; caught WARNING:
;   undefined variable: LSIP::+SYNTHESIS-SELF-HOST-SUCCESSOR-CONTROLLER-REFERENCE-ID-V1+

; in:
;      DEFUN LSIP::SYNTHESIS-SELF-HOST-SUCCESSOR-CONTROLLER-SH42-DESCRIPTION-V1
;     (LIST :SCHEMA :SYNTHESIS-SELF-HOST-SUCCESSOR-CONTROLLER-DESCRIPTION-V1
;           :VERSION 1 :COMPONENT-ID
;           LSIP::+SYNTHESIS-SELF-HOST-SUCCESSOR-CONTROLLER-TARGET-ID-V1+
;           :COMPONENT-KIND :SELF-HOST-SUCCESSOR-CONTROLLER :PREDECESSOR-REF
;           LSIP::+SYNTHESIS-SELF-HOST-SUCCESSOR-CONTROLLER-REFERENCE-ID-V1+
;           :INPUT-KIND ...)
; 
; caught WARNING:
;   undefined variable: LSIP::+SYNTHESIS-SELF-HOST-SUCCESSOR-CONTROLLER-REFERENCE-ID-V1+


; file: /home/user0/FIM/deps/goggles-shg-growth/lisp/synthesis_self_host_runtime_closure_v1.lisp
; in: DEFUN LSIP::SYNTHESIS-SELF-HOST-RUNTIME-COMPONENT-ROWS-SH19-V1
;     (LIST :COMPONENT :SUCCESSOR-CONTROLLER :ACTIVE-REF
;           LSIP::*SYNTHESIS-SELF-HOST-SUCCESSOR-CONTROLLER-ACTIVE-COMPONENT-ID*
;           :PREDECESSOR-REF
;           LSIP::+SYNTHESIS-SELF-HOST-SUCCESSOR-CONTROLLER-REFERENCE-ID-V1+
;           :PREDECESSOR-ENABLED-P
;           LSIP::*SYNTHESIS-SELF-HOST-SUCCESSOR-CONTROLLER-REFERENCE-ENABLED-P*)
; 
; caught WARNING:
;   undefined variable: LSIP::+SYNTHESIS-SELF-HOST-SUCCESSOR-CONTROLLER-REFERENCE-ID-V1+

; 
; caught WARNING:
;   4 more uses of undefined variable LSIP::+SYNTHESIS-SELF-HOST-SUCCESSOR-CONTROLLER-REFERENCE-ID-V1+


; file: /home/user0/FIM/deps/goggles-shg-growth/lisp/synthesis_self_host_successor_controller_self_host_v1.lisp
; in:
;      DEFUN LSIP::SYNTHESIS-SELF-HOST-SUCCESSOR-CONTROLLER-SH42-DESCRIPTION-V1
;     (LIST :SCHEMA :SYNTHESIS-SELF-HOST-SUCCESSOR-CONTROLLER-DESCRIPTION-V1
;           :VERSION 1 :COMPONENT-ID
;           LSIP::+SYNTHESIS-SELF-HOST-SUCCESSOR-CONTROLLER-TARGET-ID-V1+
;           :COMPONENT-KIND :SELF-HOST-SUCCESSOR-CONTROLLER :PREDECESSOR-REF
;           LSIP::+SYNTHESIS-SELF-HOST-SUCCESSOR-CONTROLLER-REFERENCE-ID-V1+
;           :INPUT-KIND ...)
; 
; caught WARNING:
;   undefined variable: LSIP::+SYNTHESIS-SELF-HOST-SUCCESSOR-CONTROLLER-TARGET-ID-V1+


; file: /home/user0/FIM/deps/goggles-shg-growth/lisp/synthesis_reconstruction_grant_v1.lisp
; in: DEFUN LSIP::VALIDATE-SYNTHESIS-RECONSTRUCTION-GRANT-SHAPE-V1
;     (EQUAL (GETF LSIP::GRANT :TARGET-ID)
;            LSIP::+SYNTHESIS-SELF-HOST-SUCCESSOR-CONTROLLER-TARGET-ID-V1+)
; 
; caught WARNING:
;   undefined variable: LSIP::+SYNTHESIS-SELF-HOST-SUCCESSOR-CONTROLLER-TARGET-ID-V1+

; in: DEFUN LSIP::VALIDATE-SYNTHESIS-RECONSTRUCTION-INTENT-SHAPE-V1
;     (EQUAL (GETF LSIP::INTENT :TARGET-ID)
;            LSIP::+SYNTHESIS-SELF-HOST-SUCCESSOR-CONTROLLER-TARGET-ID-V1+)
; 
; caught WARNING:
;   undefined variable: LSIP::+SYNTHESIS-SELF-HOST-SUCCESSOR-CONTROLLER-TARGET-ID-V1+

; 
; caught WARNING:
;   5 more uses of undefined variable LSIP::+SYNTHESIS-SELF-HOST-SUCCESSOR-CONTROLLER-TARGET-ID-V1+


; file: /home/user0/FIM/deps/goggles-shg-growth/lisp/synthesis_capability_selection_bootstrap_v1.lisp
; in: DEFUN LSIP:GENERATE-SYNTHESIS-CAPABILITY-SELECTOR-SH6-SUCCESSOR-V1
;     (VALUES LSIP::ACCEPTED LSIP::OUTPUT LSIP::OBLIGATION LSIP::PLAN LSIP::PROGRAM
;             LSIP::SUCCESSOR-INSTANCE-REF LSIP::WITNESS)
; 
; caught WARNING:
;   undefined variable: LSIP::ACCEPTED

;     (LSIP::RPB-ID LSIP::ACCEPTED)
; 
; caught WARNING:
;   undefined variable: LSIP::ACCEPTED

;     (VALUES LSIP::ACCEPTED LSIP::OUTPUT LSIP::OBLIGATION LSIP::PLAN LSIP::PROGRAM
;             LSIP::SUCCESSOR-INSTANCE-REF LSIP::WITNESS)
; 
; caught WARNING:
;   undefined variable: LSIP::OUTPUT

;     (LSIP::SYNTHESIS-CAPABILITY-SELECTOR-SH6-MAKE-WITNESS-V1 :GENERATION
;                                                              LSIP::GENERATION
;                                                              :PARENT-INSTANCE-REF
;                                                              LSIP::PARENT-INSTANCE-REF
;                                                              :SUCCESSOR-INSTANCE-REF
;                                                              LSIP::SUCCESSOR-INSTANCE-REF
;                                                              :PROGRAM-REF
;                                                              LSIP::PROGRAM-REF
;                                                              :OBLIGATION-REF
;                                                              (LSIP::RPB-OBLIGATION-ID
;                                                               LSIP::OBLIGATION)
;                                                              :PLAN-REF ...)
; 
; caught WARNING:
;   undefined variable: LSIP::OUTPUT-REF

;     (LSIP::SYNTHESIS-CAPABILITY-SELECTOR-SH6-INSTANCE-REF-V1 LSIP::PROGRAM-REF
;                                                              LSIP::GENERATION
;                                                              LSIP::PARENT-INSTANCE-REF
;                                                              LSIP::OUTPUT-REF)
; 
; caught WARNING:
;   undefined variable: LSIP::OUTPUT-REF

;     (VALUES LSIP::ACCEPTED LSIP::OUTPUT LSIP::OBLIGATION LSIP::PLAN LSIP::PROGRAM
;             LSIP::SUCCESSOR-INSTANCE-REF LSIP::WITNESS)
; 
; caught WARNING:
;   undefined variable: LSIP::PROGRAM

;     (LIST :GENERATION LSIP::GENERATION :PARENT-INSTANCE-REF
;           LSIP::PARENT-INSTANCE-REF :PROGRAM-REF LSIP::PROGRAM-REF :PLAN-REF
;           (LSIP::RPB-PLAN-ID LSIP::PLAN) :ACCEPTED-PRODUCT-REF
;           (LSIP::RPB-ID LSIP::ACCEPTED))
; 
; caught WARNING:
;   undefined variable: LSIP::PROGRAM-REF

;     (EQUAL LSIP::PROGRAM-REF LSIP::SEMANTIC-PROGRAM-REF)
; 
; caught WARNING:
;   undefined variable: LSIP::PROGRAM-REF
; 
; caught WARNING:
;   undefined variable: LSIP::SEMANTIC-PROGRAM-REF

;     (VALUES LSIP::ACCEPTED LSIP::OUTPUT LSIP::OBLIGATION LSIP::PLAN LSIP::PROGRAM
;             LSIP::SUCCESSOR-INSTANCE-REF LSIP::WITNESS)
; 
; caught WARNING:
;   undefined variable: LSIP::SUCCESSOR-INSTANCE-REF

;     (LSIP::RECORD-SYNTHESIS-CAPABILITY-SELECTOR-SH5-STATE-V1 :SUCCESSOR-PROVEN
;                                                              :IMPLEMENTATION-REF
;                                                              LSIP::SUCCESSOR-INSTANCE-REF
;                                                              :EVIDENCE-REF
;                                                              (GETF LSIP::WITNESS
;                                                                    :WITNESS-IDENTITY)
;                                                              :DETAILS
;                                                              (LIST :GENERATION
;                                                                    LSIP::GENERATION
;                                                                    :PARENT-INSTANCE-REF
;                                                                    LSIP::PARENT-INSTANCE-REF
;                                                                    :PROGRAM-REF
;                                                                    LSIP::PROGRAM-REF
;                                                                    :PLAN-REF
;                                                                    (LSIP::RPB-PLAN-ID
;                                                                     LSIP::PLAN)
;                                                                    :ACCEPTED-PRODUCT-REF
;                                                                    (LSIP::RPB-ID
;                                                                     LSIP::ACCEPTED)))
; 
; caught WARNING:
;   undefined variable: LSIP::SUCCESSOR-INSTANCE-REF

;     (LSIP::SYNTHESIS-CAPABILITY-SELECTOR-SH6-MAKE-WITNESS-V1 :GENERATION
;                                                              LSIP::GENERATION
;                                                              :PARENT-INSTANCE-REF
;                                                              LSIP::PARENT-INSTANCE-REF
;                                                              :SUCCESSOR-INSTANCE-REF
;                                                              LSIP::SUCCESSOR-INSTANCE-REF
;                                                              :PROGRAM-REF
;                                                              LSIP::PROGRAM-REF
;                                                              :OBLIGATION-REF
;                                                              (LSIP::RPB-OBLIGATION-ID
;                                                               LSIP::OBLIGATION)
;                                                              :PLAN-REF ...)
; 
; caught WARNING:
;   undefined variable: LSIP::SUCCESSOR-INSTANCE-REF

;     (LSIP::SYNTHESIS-CAPABILITY-SELECTOR-SH6-REGISTER-WITNESS-V1 LSIP::WITNESS)
; 
; caught WARNING:
;   undefined variable: LSIP::WITNESS

;     (GETF LSIP::WITNESS :HANDWRITTEN-PREDECESSOR-ENABLED-P)
; 
; caught WARNING:
;   undefined variable: LSIP::WITNESS

;     (GETF LSIP::WITNESS :SELECTOR-COMPONENT-REF)
; 
; caught WARNING:
;   undefined variable: LSIP::WITNESS

; 
; caught WARNING:
;   2 more uses of undefined variable LSIP::WITNESS
; 
; compilation unit finished
;   Undefined functions:
;     (SETF LSIP::RPB-GET) LSIP::COMPILER-IR-EVAL-RUNTIME-STATE-SEED-V1 LSIP::FORMAL-SMT-MODEL-PROVIDER-SELECTION-V1-FORM LSIP::FORMAL-SMT-MODEL-PROVIDER-V1-PROVIDER-REF LSIP::FORMAL-SMT-MODEL-QUERY-V1-FORM LSIP::FORMAL-SMT-MODEL-QUERY-V1-METADATA LSIP::FORMAL-SMT-MODEL-QUERY-V1-PROVIDER-REF LSIP::FORMAL-SMT-MODEL-QUERY-V1-QUERY-ID LSIP::FORMAL-SMT-MODEL-RECEIPT-V1-FORM LSIP::FORMAL-SMT-MODEL-RECEIPT-V1-MODELS LSIP::FORMAL-SMT-MODEL-RECEIPT-V1-PROVIDER-REF LSIP::FORMAL-SMT-MODEL-RECEIPT-V1-RECEIPT-ID LSIP::FORMAL-SMT-MODEL-RECEIPT-V1-STATUS LSIP::MAKE-FORMAL-SMT-MODEL-QUERY-V1 LSIP::MAKE-FORMAL-SMT-MODEL-RECEIPT-V1 LSIP::OUTPUT-REF LSIP::SELECT-FORMAL-SMT-MODEL-PROVIDER-V1 LSIP::SUCCESSOR-INSTANCE-REF LSIP::SYMBOLIC-CANONICAL-FORM-V1 LSIP::VALIDATE-FORMAL-SMT-MODEL-RECEIPT-V1 LSIP::WITNESS
;   Undefined variables:
;     LSIP::*SEARCH-MESO-ALGEBRA-QUOTIENT-WITNESS-KIND-V1* LSIP::*SEARCH-MESO-ALGEBRA-STATE-CANONICALIZER-ID-V1* LSIP::*SEMANTIC-CONSTRUCTOR-EXECUTOR-ACTIVE-COMPONENT-ID* LSIP::*SEMANTIC-CONSTRUCTOR-EXECUTOR-REFERENCE-ENABLED-P* LSIP::*SEMANTIC-CONSTRUCTOR-SYNTHESIZER-ACTIVE-COMPONENT-ID* LSIP::*SEMANTIC-CONSTRUCTOR-SYNTHESIZER-REFERENCE-ENABLED-P* LSIP::*SEMANTIC-CONSTRUCTOR-VALIDATOR-ACTIVE-COMPONENT-ID* LSIP::*SEMANTIC-CONSTRUCTOR-VALIDATOR-REFERENCE-ENABLED-P* LSIP::*SYNTHESIS-REALIZATION-BINDINGS-V1* LSIP::*SYNTHESIS-SELF-HOST-COMPONENT-CONSTRUCTOR-SH35-CAPABILITY-V1* LSIP::*SYNTHESIS-SELF-HOST-CONSTRUCTOR-PRIMITIVE-ACTIVE-COMPONENT-ID* LSIP::*SYNTHESIS-SELF-HOST-CONSTRUCTOR-PRIMITIVE-REFERENCE-ENABLED-P* LSIP::*SYNTHESIS-SELF-HOST-CONSTRUCTOR-SERVICE-ACTIVE-COMPONENT-ID* LSIP::*SYNTHESIS-SELF-HOST-CONSTRUCTOR-SERVICE-REFERENCE-ENABLED-P* LSIP::*SYNTHESIS-SELF-HOST-PROGRAM-IDENTITY-ACTIVE-COMPONENT-ID* LSIP::*SYNTHESIS-SELF-HOST-PROGRAM-IDENTITY-REFERENCE-ENABLED-P* LSIP::*SYNTHESIS-SELF-HOST-SUCCESSOR-CONTROLLER-ACTIVE-COMPONENT-ID* LSIP::*SYNTHESIS-SELF-HOST-SUCCESSOR-CONTROLLER-REFERENCE-ENABLED-P* LSIP::+SEMANTIC-CONSTRUCTOR-EXECUTOR-REFERENCE-ID-V1+ LSIP::+SEMANTIC-CONSTRUCTOR-EXECUTOR-TARGET-ID-V1+ LSIP::+SEMANTIC-CONSTRUCTOR-SYNTHESIZER-REFERENCE-ID-V1+ LSIP::+SEMANTIC-CONSTRUCTOR-SYNTHESIZER-TARGET-ID-V1+ LSIP::+SEMANTIC-CONSTRUCTOR-VALIDATOR-REFERENCE-ID-V1+ LSIP::+SEMANTIC-CONSTRUCTOR-VALIDATOR-TARGET-ID-V1+ LSIP:+SYNTHESIS-ADMISSION-SH13-TARGET-ID-V1+ LSIP::+SYNTHESIS-AUTHORITY-CUTOVER-POLICY-TARGET-ID-V1+ LSIP:+SYNTHESIS-CAPABILITY-RANKING-SH11-TARGET-ID-V1+ LSIP:+SYNTHESIS-CAPABILITY-SELECTOR-SH5-TARGET-ID-V1+ LSIP:+SYNTHESIS-EVALUATOR-DISPATCH-SH12-TARGET-ID-V1+ LSIP::+SYNTHESIS-EXECUTION-SH16-TARGET-ID-V1+ LSIP::+SYNTHESIS-ORCHESTRATOR-SH17-TARGET-ID-V1+ LSIP::+SYNTHESIS-PLANNER-SH15-TARGET-ID-V1+ LSIP::+SYNTHESIS-PROPOSAL-PROVIDER-SH14-TARGET-ID-V1+ LSIP::+SYNTHESIS-PROVIDER-RESOLUTION-SH18-TARGET-ID-V1+ LSIP::+SYNTHESIS-SELF-HOST-COMPONENT-CONSTRUCTOR-SH35-VERSION-V1+ LSIP::+SYNTHESIS-SELF-HOST-CONSTRUCTOR-PRIMITIVE-REFERENCE-ID-V1+ LSIP::+SYNTHESIS-SELF-HOST-CONSTRUCTOR-PRIMITIVE-TARGET-ID-V1+ LSIP::+SYNTHESIS-SELF-HOST-CONSTRUCTOR-SERVICE-REFERENCE-ID-V1+ LSIP::+SYNTHESIS-SELF-HOST-CONSTRUCTOR-SERVICE-TARGET-ID-V1+ LSIP::+SYNTHESIS-SELF-HOST-PROGRAM-IDENTITY-REFERENCE-ID-V1+ LSIP::+SYNTHESIS-SELF-HOST-PROGRAM-IDENTITY-TARGET-ID-V1+ LSIP::+SYNTHESIS-SELF-HOST-SUCCESSOR-CONTROLLER-REFERENCE-ID-V1+ LSIP::+SYNTHESIS-SELF-HOST-SUCCESSOR-CONTROLLER-TARGET-ID-V1+ LSIP::ACCEPTED LSIP::OUTPUT LSIP::OUTPUT-REF LSIP::PROGRAM LSIP::PROGRAM-REF LSIP::SEMANTIC-PROGRAM-REF LSIP::SUCCESSOR-INSTANCE-REF LSIP::WITNESS
;   caught 124 WARNING conditions
generated-SH40-active
generated-SH39-active
synthesizer=adcaf0707e069b8122e62fc9945f01783944b076e0c48007a14d655975afb0bd
executor=87713f486e1fd7ff4fb8ddc52901464b708150d83d760dfb011bcbab5b6aa202
program=e98c5c5b4d99a59c859ad1fafa3b1040ff432529171488a3483172eee99d9aea
child-addresses=6
SHGGrowthSelfHostV1Green operators=3 source-preserved=1 replay=1 fresh-embedding=1 reference-disabled=1 behavioral-proof=OPEN
Context-native-start
Unhandled SIMPLE-ERROR in thread #<SB-THREAD:THREAD "main thread" RUNNING
                                    {10013700A3}>:
  Expected RecursiveSemanticBundleV1.

Backtrace for: #<SB-THREAD:THREAD "main thread" RUNNING {10013700A3}>
0: (SB-DEBUG::DEBUGGER-DISABLED-HOOK #<SIMPLE-ERROR "Expected RecursiveSemanticBundleV1." {100B7B8223}> #<unused argument> :QUIT T)
1: (SB-DEBUG::RUN-HOOK SB-EXT:*INVOKE-DEBUGGER-HOOK* #<SIMPLE-ERROR "Expected RecursiveSemanticBundleV1." {100B7B8223}>)
2: (INVOKE-DEBUGGER #<SIMPLE-ERROR "Expected RecursiveSemanticBundleV1." {100B7B8223}>)
3: (ERROR "Expected RecursiveSemanticBundleV1.")
4: (VALIDATE-RECURSIVE-SEMANTIC-BUNDLE-V1 #S(SEMANTIC-BUNDLE-GENERATED-REGISTRY-SET-V1 :CHILD-BUNDLE-REGISTRY-REF #S(SEMANTIC-REGISTRY-ROOT-V1 :REGISTRY-KIND :CHILD-BUNDLE-REGISTRY-V1 :SCHEMA-VERSION 1 :ROWS (#S(SEMANTIC-GENERATED-REGISTRY-ROW-V1 :REGISTRY-KIND :CHILD-BUNDLE-REGISTRY-V1 :PAYLOAD (:PARENT-MEMBER-REF #1="016d3840d3005a0cd6509958241a2ee528edd836d66e3dd4eaca78328e68c3ed" :CHILD-BUNDLE-REF #2="fe4dcc413bc0cca1b3fe289491e45feb96c96f7eacc481a73f9d5ae6830f5ee9" :CHILD-SNAPSHOT-REF "de33ac595281e5f22989340f61ef796afdb6ebabac1d483e3f08bd4bfd0e31eb" :CHILD-SURFACE-REF "e02feb201855f509a01fa03c8ead740ea68d2f6f869da902a8e9ab3e45f9ccef" :CHILD-REFINEMENT-REF "f70fc614bbc1c1cab17fd92392c3f6b0189f288d88b0027de8d7fccac2476b1e" :CHILD-CLOSURE-STATUS :PARTIAL) :GENERATOR-REF "465226b06024aa4a0fd2029fef5d5b81c07fba7f56b8faa6d4d654dbe5328269" :GENERATION-LAW-REF #3=(:SEMANTIC-BUNDLE-GENERATION-LAW-V1 :CHILD-BUNDLE-REGISTRY-V1) :INPUT-ROW-REFS (#1#) :ORIGIN-BUNDLE-REFS (#4="6e8c8eb87ae821c4ee0629ac20ec901afa66da0b073e9c2eeba5b207b94b8149") :ORIGIN-CHILD-BUNDLE-REFS (#2#) :GENERATION-WITNESS-REF "d154f87428dc1280a1ba359cd4aa31378bb526c1ba6a4113c974ea1d963e57df" :ROW-IDENTITY #5="faa158d26b230b4e4e028904918dabbfcd0a39c7727c9adbaef63297a1f87ae9")) :ROW-REFS (#5#) :ROW-COUNT 1 :REGISTRY-DIGEST "6294c2b0506adacc4218a4813321c657cc58cf3d00fed8f9e53bac4c01501977" :GENERATION-LAW-REF #3# :REGISTRY-ROOT-IDENTITY "a1ba69aaa18d32c91c533c8bb78cbfa68f2900245aa930f2084b4e7a901dd269") :EXPORT-REGISTRY-REF #S(SEMANTIC-REGISTRY-ROOT-V1 :REGISTRY-KIND :EXPORT-REGISTRY-V1 :SCHEMA-VERSION 1 :ROWS (#S(SEMANTIC-GENERATED-REGISTRY-ROW-V1 :REGISTRY-KIND :EXPORT-REGISTRY-V1 :PAYLOAD (:EXPORT-KEY # :OWNER-REF "51ef24b43a67332215d00fa5697f42025d086e7e23e7145dedc4eaffd8883e4a" :PORT-REF #6="aa5cc1d890303c32fa206b170446aac9b7d4bd72a86ee3a1af1b95fa5d87a531" :SURFACE-REF NIL :CONTRACT-REF :VM-INTERFACE-OPEN-V1 :FORMAL-SURFACE-REF NIL ...) :GENERATOR-REF #7="8d4b7ca89eabd5aa4582455555b2bdc73d13324a1d101ee0e9a02601e2c7b278" :GENERATION-LAW-REF #8=(:SEMANTIC-BUNDLE-GENERATION-LAW-V1 :EXPORT-REGISTRY-V1) :INPUT-ROW-REFS (#6#) :ORIGIN-BUNDLE-REFS (#4#) :ORIGIN-CHILD-BUNDLE-REFS NIL :GENERATION-WITNESS-REF "238fcd69c1895059595004f59fb072cc6810b5f9417d9364c2e12d78a5a203b6" :ROW-IDENTITY #9="1f13748259b680102da6d0a114c4fb4331f11431414f2d053063566c5d8b7f8b") #S(SEMANTIC-GENERATED-REGISTRY-ROW-V1 :REGISTRY-KIND :EXPORT-REGISTRY-V1 :PAYLOAD (:EXPORT-KEY # :OWNER-REF #10="c034446abfa1d9899a7cec31170df831f629b41b48163e45418f639bdc3e0f15" :PORT-REF #11="cfed86b16a0665ae8b24dfc414bfe6460fc6fabbc84ec39d81bbf6428c3f4497" :SURFACE-REF NIL :CONTRACT-REF :VM-INTERFACE-OPEN-V1 :FORMAL-SURFACE-REF NIL ...) :GENERATOR-REF #7# :GENERATION-LAW-REF #8# :INPUT-ROW-REFS (#11#) :ORIGIN-BUNDLE-REFS (#4#) :ORIGIN-CHILD-BUNDLE-REFS NIL :GENERATION-WITNESS-REF "21d1655c4796511d38fa2481d61ef2c03852082703080d61ac6a5629dc84dd20" :ROW-IDENTITY #12="25a67182d564a4cee2b3ffae2dceed52ce64383acd53bd3c0e44fe98172ed6bd") #S(SEMANTIC-GENERATED-REGISTRY-ROW-V1 :REGISTRY-KIND :EXPORT-REGISTRY-V1 :PAYLOAD (:EXPORT-KEY # :OWNER-REF "9048b02460f88a34eea56178c0dc3226eda0dd40f85c0c8649dc5bf0ce054700" :PORT-REF #13="25059c7fd499016cca89853583911768348aac8c5794388bcbef48ce3942e59e" :SURFACE-REF NIL :CONTRACT-REF :VM-INTERFACE-OPEN-V1 :FORMAL-SURFACE-REF NIL ...) :GENERATOR-REF #7# :GENERATION-LAW-REF #8# :INPUT-ROW-REFS (#13#) :ORIGIN-BUNDLE-REFS (#4#) :ORIGIN-CHILD-BUNDLE-REFS NIL :GENERATION-WITNESS-REF "4977337489eea606207173f95382941f8629eb8c479c06e4fcdb76b85a35ce84" :ROW-IDENTITY #14="32f895af11ddf1ffd5fdda04da45415222dbf002294d11b0ab1ad3f0fa381241") #S(SEMANTIC-GENERATED-REGISTRY-ROW-V1 :REGISTRY-KIND :EXPORT-REGISTRY-V1 :PAYLOAD (:EXPORT-KEY # :OWNER-REF "d69aa174a782b168895ef646dc84351a1727f2ee95ad7d8437ca9216a129f5e6" :PORT-REF #15="136c9cb9181ae26eeac88fb89a67fab694b9e5dcf3a9bf4648122a9a9306ad0b" :SURFACE-REF NIL :CONTRACT-REF :VM-INTERFACE-OPEN-V1 :FORMAL-SURFACE-REF NIL ...) :GENERATOR-REF #7# :GENERATION-LAW-REF #8# :INPUT-ROW-REFS (#15#) :ORIGIN-BUNDLE-REFS (#4#) :ORIGIN-CHILD-BUNDLE-REFS NIL :GENERATION-WITNESS-REF "df87d1749e1909f5f3847e41aa9e0f581607918f12382913ff3f1693c34b5eb0" :ROW-IDENTITY #16="392d91fda3a755e852c4015252bcc0eba57394c96f4f61b063349b56cca6ffec") #S(SEMANTIC-GENERATED-REGISTRY-ROW-V1 :REGISTRY-KIND :EXPORT-REGISTRY-V1 :PAYLOAD (:EXPORT-KEY # :OWNER-REF "09eb79116df6133643654d8f8a437d491c51788eda28bc12981bf31ce0ac423f" :PORT-REF #17="3c89c767ea679803c494a2a76bf3b95658e2ef2257e63de721440f65ee9a0cb8" :SURFACE-REF NIL :CONTRACT-REF :VM-INTERFACE-OPEN-V1 :FORMAL-SURFACE-REF NIL ...) :GENERATOR-REF #7# :GENERATION-LAW-REF #8# :INPUT-ROW-REFS (#17#) :ORIGIN-BUNDLE-REFS (#4#) :ORIGIN-CHILD-BUNDLE-REFS NIL :GENERATION-WITNESS-REF "936fb062541f4be40227af8e0c764d8996986254753a0679af8dfb54129abcdc" :ROW-IDENTITY #18="3df9712e4ed4a3dd3f4632e9ddef4824aa35048094ff3e7880052170edc1c844") #S(SEMANTIC-GENERATED-REGISTRY-ROW-V1 :REGISTRY-KIND :EXPORT-REGISTRY-V1 :PAYLOAD (:IMMEDIATE-CHILD-REF #2# :ORIGIN-CHILD-REF #2# :ORIGIN-REGISTRY-ROW-REF #19="eff81dd5fccf9a3f2d03e9b2e878d50df7fa75f4f5e5f89eba25fe78a9e290f8" :PROJECTION-LAW-REF :SEMANTIC-CHILD-EXPORT-PROJECTION-V1 :PROJECTION-WITNESS-REF "51a6c149ccd718d71f8ebcea38daf34131cd3a26f9827b0c81973890eec1f86f" :EXPORT-KEY # ...) :GENERATOR-REF #7# :GENERATION-LAW-REF #8# :INPUT-ROW-REFS (#1# #19#) :ORIGIN-BUNDLE-REFS (#4#) :ORIGIN-CHILD-BUNDLE-REFS (#2#) :GENERATION-WITNESS-REF "9942531325581be9d94f8fed00f1c432eb3c434efd49ef28c09fa9c33cbc8163" :ROW-IDENTITY #20="4173ec8246198f7563c244d93d283ccad3fb5ec049afeb14ec1ca2532905531a") #S(SEMANTIC-GENERATED-REGISTRY-ROW-V1 :REGISTRY-KIND :EXPORT-REGISTRY-V1 :PAYLOAD (:EXPORT-KEY # :OWNER-REF "3f1134180612c452272668c522be4c4f491c38c0c2a7c85e93a344cb74df084a" :PORT-REF #21="b3ff2c58410e581e17984a4aabdac476f46dca85d240967137bef35f4fac4c4f" :SURFACE-REF NIL :CONTRACT-REF :VM-INTERFACE-OPEN-V1 :FORMAL-SURFACE-REF NIL ...) :GENERATOR-REF #7# :GENERATION-LAW-REF #8# :INPUT-ROW-REFS (#21#) :ORIGIN-BUNDLE-REFS (#4#) :ORIGIN-CHILD-BUNDLE-REFS NIL :GENERATION-WITNESS-REF "20d5dd0ac2957e27a493355146b4482d31caa7d982889ec382c78d667365ec7d" :ROW-IDENTITY #22="54d3e30cc06942ad56539e3daefff4b0d379a898c76e9edfae985a7499be3110") #S(SEMANTIC-GENERATED-REGISTRY-ROW-V1 :REGISTRY-KIND :EXPORT-REGISTRY-V1 :PAYLOAD (:EXPORT-KEY # :OWNER-REF #23="ae1fd25e5508e66b6ea33652778f5f982f45cd3def6ccd0255dba532898c4dd3" :PORT-REF #24="cabf7e87b51895dcc96332d97acbf913d182df4173995bb8bf5dbc0474b18525" :SURFACE-REF NIL :CONTRACT-REF :VM-INTERFACE-OPEN-V1 :FORMAL-SURFACE-REF NIL ...) :GENERATOR-REF #7# :GENERATION-LAW-REF #8# :INPUT-ROW-REFS (#24#) :ORIGIN-BUNDLE-REFS (#4#) :ORIGIN-CHILD-BUNDLE-REFS NIL :GENERATION-WITNESS-REF "a4e1ed6fb15ae1058e6f4fa36108cf41909e6ea9bad776688f4ac09bf978d6a1" :ROW-IDENTITY #25="56d3504f2951975405bf0a136c428b4b37370280aaf5fb860ef1e70bcb7ce12a") #S(SEMANTIC-GENERATED-REGISTRY-ROW-V1 :REGISTRY-KIND :EXPORT-REGISTRY-V1 :PAYLOAD (:EXPORT-KEY # :OWNER-REF #23# :PORT-REF #26="c7818bbd3217ee33cf1c7e3f9551143f0e9a8f632b25faa0316deffdbe6273e6" :SURFACE-REF NIL :CONTRACT-REF :VM-INTERFACE-OPEN-V1 :FORMAL-SURFACE-REF NIL ...) :GENERATOR-REF #7# :GENERATION-LAW-REF #8# :INPUT-ROW-REFS (#26#) :ORIGIN-BUNDLE-REFS (#4#) :ORIGIN-CHILD-BUNDLE-REFS NIL :GENERATION-WITNESS-REF "e0e4db3c61290129e9c7eefb966513d5beff1d7801ada79ed6f34ae9a3945b95" :ROW-IDENTITY #27="662eb9d7007df1c83fa26f1c53c3c8d9992d03d43d82ef2f758a7e8f94a87c50") #S(SEMANTIC-GENERATED-REGISTRY-ROW-V1 :REGISTRY-KIND :EXPORT-REGISTRY-V1 :PAYLOAD (:EXPORT-KEY # :OWNER-REF "9c0c48f506c3863dad3a2eac4c29415ae1f1269c177c8622a302f06ae9fd1f67" :PORT-REF #28="16811f0e46c454873c6f09c32adc51821191e8a92589c51cd1339830b33814e1" :SURFACE-REF NIL :CONTRACT-REF :VM-INTERFACE-OPEN-V1 :FORMAL-SURFACE-REF NIL ...) :GENERATOR-REF #7# :GENERATION-LAW-REF #8# :INPUT-ROW-REFS (#28#) :ORIGIN-BUNDLE-REFS (#4#) :ORIGIN-CHILD-BUNDLE-REFS NIL :GENERATION-WITNESS-REF "308a01649a5d1b261c7afb58e3e89d6b4cad761d2a23df80d48b1673babcbce4" :ROW-IDENTITY #29="6a057e8e5cbb1e7e38448d904a917c64e62a5738d2d9c76d70d08fb26e28dfea") #S(SEMANTIC-GENERATED-REGISTRY-ROW-V1 :REGISTRY-KIND :EXPORT-REGISTRY-V1 :PAYLOAD (:EXPORT-KEY # :OWNER-REF "b9aa15c2c7f022beaccc29e89366cb0895445f8ec30f498b5be0bc35437b5bce" :PORT-REF #30="dd24b44f36941e5fad499b02aa83f0e0a0c6c60b95ba90602fc4c1f92c433465" :SURFACE-REF NIL :CONTRACT-REF :VM-INTERFACE-OPEN-V1 :FORMAL-SURFACE-REF NIL ...) :GENERATOR-REF #7# :GENERATION-LAW-REF #8# :INPUT-ROW-REFS (#30#) :ORIGIN-BUNDLE-REFS (#4#) :ORIGIN-CHILD-BUNDLE-REFS NIL :GENERATION-WITNESS-REF "5338c8af47078383ade04c7df5ddf724e03a9a8b82ef35766f3d10a8fd7bd3d6" :ROW-IDENTITY #31="7ea711363ef85a0837fed70c8a8bf2d650867438d1943e16cf1a0945bcf401b5") #S(SEMANTIC-GENERATED-REGISTRY-ROW-V1 :REGISTRY-KIND :EXPORT-REGISTRY-V1 :PAYLOAD (:EXPORT-KEY # :OWNER-REF #10# :PORT-REF #32="284240ad9f7270be311195a92517559347da00b99d46faaddea5eaf0e7e333f1" :SURFACE-REF NIL :CONTRACT-REF :VM-INTERFACE-OPEN-V1 :FORMAL-SURFACE-REF NIL ...) :GENERATOR-REF #7# :GENERATION-LAW-REF #8# :INPUT-ROW-REFS (#32#) :ORIGIN-BUNDLE-REFS (#4#) :ORIGIN-CHILD-BUNDLE-REFS NIL :GENERATION-WITNESS-REF "dad5460ad33fe81104982b490952f39c697a3489bdce06f43ee70cbe85e66a2a" :ROW-IDENTITY #33="828aabe14b331af16856252d3b61d6d95d208d69240a14d700ddf6b27db3d34f") ...) :ROW-REFS (#9# #12# #14# #16# #18# #20# #22# #25# #27# #29# #31# #33# ...) :ROW-COUNT 28 :REGISTRY-DIGEST "5bbfe882383438384459da9a41e6b0cd805efacfa7f191419e0a083e1f0f3747" :GENERATION-LAW-REF #8# :REGISTRY-ROOT-IDENTITY "67ffa42324e20d10f09288dd404ef1b89a982db4acac1b767c6ff13fb137c5df") :IMPORT-REGISTRY-REF #S(SEMANTIC-REGISTRY-ROOT-V1 :REGISTRY-KIND :IMPORT-REGISTRY-V1 :SCHEMA-VERSION 1 :ROWS (#S(SEMANTIC-GENERATED-REGISTRY-ROW-V1 :REGISTRY-KIND :IMPORT-REGISTRY-V1 :PAYLOAD (:IMMEDIATE-CHILD-REF #2# :ORIGIN-CHILD-REF #2# :ORIGIN-REGISTRY-ROW-REF #34="dbe174b49fda66c505a5db6d0b9712692f212627de09c2b9c8afea0e2fda55d7" :PROJECTION-LAW-REF :SEMANTIC-CHILD-IMPORT-PROMOTION-V1 :PROJECTION-WITNESS-REF "7b751b4f72592a8425ea7e9ee4027cfc97d1c54072a5ce18337015dfb92b7fb1" :IMPORT-KEY # ...) :GENERATOR-REF #35="7cbb2a172973fb531333d5f7bf0a733761e4ee5d9f3fbc2d76b80188c6549519" :GENERATION-LAW-REF #36=(:SEMANTIC-BUNDLE-GENERATION-LAW-V1 :IMPORT-REGISTRY-V1) :INPUT-ROW-REFS (#1# #34#) :ORIGIN-BUNDLE-REFS (#4#) :ORIGIN-CHILD-BUNDLE-REFS (#2#) :GENERATION-WITNESS-REF "c7b339cc616348ff874ac709820bfe0ab952fde24411834845c11c5a430e7807" :ROW-IDENTITY #37="597cb065dfe622276f93b8322a5efef724339372cbb1266e76d7b48004bf77bd") #S(SEMANTIC-GENERATED-REGISTRY-ROW-V1 :REGISTRY-KIND :IMPORT-REGISTRY-V1 :PAYLOAD (:IMMEDIATE-CHILD-REF #2# :ORIGIN-CHILD-REF #2# :ORIGIN-REGISTRY-ROW-REF #38="30ca50b613673714da539d0f799a880ee1044b24da77fd95f27aa657adbb0d2e" :PROJECTION-LAW-REF :SEMANTIC-CHILD-IMPORT-PROMOTION-V1 :PROJECTION-WITNESS-REF "236559d44f0ecabc8add93ee9d6605b14788d03f74a64e3e4a5ffd4f76a47c73" :IMPORT-KEY # ...) :GENERATOR-REF #35# :GENERATION-LAW-REF #36# :INPUT-ROW-REFS (#1# #38#) :ORIGIN-BUNDLE-REFS (#4#) :ORIGIN-CHILD-BUNDLE-REFS (#2#) :GENERATION-WITNESS-REF "e178f087ae0d6c6f49c2a8cdac41be0f93498f943b819a2bf88640252282e6b2" :ROW-IDENTITY #39="7d8dd49d94e8fe9737e281821bafbf083e4d4c58d7c74d44ad4f3a6968244b9a") #S(SEMANTIC-GENERATED-REGISTRY-ROW-V1 :REGISTRY-KIND :IMPORT-REGISTRY-V1 :PAYLOAD (:IMMEDIATE-CHILD-REF #2# :ORIGIN-CHILD-REF #2# :ORIGIN-REGISTRY-ROW-REF #40="e3960c5ee9b9af0829cbf609efd618b90566ceef9c63051e0968f2be29092c59" :PROJECTION-LAW-REF :SEMANTIC-CHILD-IMPORT-PROMOTION-V1 :PROJECTION-WITNESS-REF "b909513deddce1a47bcfa23a5044c0643c4906167f843ab7a97fb513d365a906" :IMPORT-KEY # ...) :GENERATOR-REF #35# :GENERATION-LAW-REF #36# :INPUT-ROW-REFS (#1# #40#) :ORIGIN-BUNDLE-REFS (#4#) :ORIGIN-CHILD-BUNDLE-REFS (#2#) :GENERATION-WITNESS-REF "f5674edd99cebd6c662663a380c1e42b57fe6c6ee7caa2f9b12be6da6b41bd6c" :ROW-IDENTITY #41="97baa3831becde5b2fba8bbb2bea26f6a7b6a8c3aed76c4454dde840e63a5a59") #S(SEMANTIC-GENERATED-REGISTRY-ROW-V1 :REGISTRY-KIND :IMPORT-REGISTRY-V1 :PAYLOAD (:IMMEDIATE-CHILD-REF #2# :ORIGIN-CHILD-REF #2# :ORIGIN-REGISTRY-ROW-REF #42="ffe1aec3397d86007568f1f725f99a7333d4e54b2c7f2ad7c243979fc029ffff" :PROJECTION-LAW-REF :SEMANTIC-CHILD-IMPORT-PROMOTION-V1 :PROJECTION-WITNESS-REF "063f123ad423dd088d4083e3c23ac27d9fa81e4a367a04b4b971a6f4eba514d0" :IMPORT-KEY # ...) :GENERATOR-REF #35# :GENERATION-LAW-REF #36# :INPUT-ROW-REFS (#1# #42#) :ORIGIN-BUNDLE-REFS (#4#) :ORIGIN-CHILD-BUNDLE-REFS (#2#) :GENERATION-WITNESS-REF "c8f325efb4f8f0d48fafd89a17b8a509bb6128b007446fe894515a25ab8835f2" :ROW-IDENTITY #43="fcb6496dd4530ca687f112f6809a50b00b7650a67f56f6af73e4a54f7e2753e7")) :ROW-REFS (#37# #39# #41# #43#) :ROW-COUNT 4 :REGISTRY-DIGEST "03a4a0572babc9c2d0dcbfb2ec9d7fa594966bb745243f0b4dfdca0143adb598" :GENERATION-LAW-REF #36# :REGISTRY-ROOT-IDENTITY "a84dc32eec48176be64ddb8fac588e002888ae354bbe2280e1d60498df724a2e") :DEPENDENCY-REGISTRY-REF #S(SEMANTIC-REGISTRY-ROOT-V1 :REGISTRY-KIND :DEPENDENCY-REGISTRY-V1 :SCHEMA-VERSION 1 :ROWS (#S(SEMANTIC-GENERATED-REGISTRY-ROW-V1 :REGISTRY-KIND :DEPENDENCY-REGISTRY-V1 :PAYLOAD (:RELATION-REF #44="9bcbf5f1bda50a284f30dc9e4de9edc1cba339cf3e7e6f5b7bf6fe1430a77e78" :RELATION-KIND :CALL :PARTICIPANT-REFS #) :GENERATOR-REF #45="2122318019af0fb6cc905de3dd6ee1f3f784bdb1612635bbc501e168e522b1a2" :GENERATION-LAW-REF #46=(:SEMANTIC-BUNDLE-GENERATION-LAW-V1 :DEPENDENCY-REGISTRY-V1) :INPUT-ROW-REFS (#47="533934fc11a124b218ae4cae0f97ede972d8713309fac17c6c06ed4b00262d55" #44# #48="9da126e551b78237085405d57519ff08563febda6c70b3eb02fc51c3a947b64b") :ORIGIN-BUNDLE-REFS (#4#) :ORIGIN-CHILD-BUNDLE-REFS NIL :GENERATION-WITNESS-REF "f48527a4856e6ca41d060906524a0201ab7f49ca5e15860fc2cdf795ed05ea4b" :ROW-IDENTITY #49="0736d6cb84fc6951f31271be0b8edf9a41fb91cd943b05c742c473520a031e1f") #S(SEMANTIC-GENERATED-REGISTRY-ROW-V1 :REGISTRY-KIND :DEPENDENCY-REGISTRY-V1 :PAYLOAD (:RELATION-REF #50="1f08523e755d87ff151f7d50cac1d77089a807ffa81a673763a8439c863c9cb8" :RELATION-KIND :CALL :PARTICIPANT-REFS #) :GENERATOR-REF #45# :GENERATION-LAW-REF #46# :INPUT-ROW-REFS (#50# #51="60365310cc3ce37871a7969fb55f15f54409b01d08ff830b2708e51673430d48" #52="f3e51cb5015771b469498b76a4c9337c85d8e917799d57aa4728291a3698a0c1") :ORIGIN-BUNDLE-REFS (#4#) :ORIGIN-CHILD-BUNDLE-REFS NIL :GENERATION-WITNESS-REF "f9a3c1302697359315c8eaa968b97184c06a2ec283e4da432dac047501708bbf" :ROW-IDENTITY #53="0f9ba49bc5c71965f818ad527c4db5f4e25357dc56db62a429e3b07443df160b") #S(SEMANTIC-GENERATED-REGISTRY-ROW-V1 :REGISTRY-KIND :DEPENDENCY-REGISTRY-V1 :PAYLOAD (:RELATION-REF #54="025b4006864766d522a27e6f026f6d9577c8970388d42ee472c3bd541d40f3f9" :RELATION-KIND :REFINEMENT :PARTICIPANT-REFS #) :GENERATOR-REF #45# :GENERATION-LAW-REF #46# :INPUT-ROW-REFS (#54# "1f78d53edf4fac1f4bf3e4c00616eea99fff71be025ab982f9bda8c8fc410f03" "289579f3a68caecf0f22e611befd434f0cf2566828fe38263f709254e0f1a5e8") :ORIGIN-BUNDLE-REFS (#4#) :ORIGIN-CHILD-BUNDLE-REFS NIL :GENERATION-WITNESS-REF "ff5357850826cf0a84670bcad9a2b2b327ec6065dc95e7e5ac18865d27814661" :ROW-IDENTITY #55="188ce5929e4193ec78b7a372f404e13d6f8fe841b27326a8aeb398776805997f") #S(SEMANTIC-GENERATED-REGISTRY-ROW-V1 :REGISTRY-KIND :DEPENDENCY-REGISTRY-V1 :PAYLOAD (:RELATION-REF #56="60f716b6dc15cfe5586942742d58ca7484314d1baf981b68e20fe05a8eca76ab" :RELATION-KIND :CALL :PARTICIPANT-REFS #) :GENERATOR-REF #45# :GENERATION-LAW-REF #46# :INPUT-ROW-REFS ("2d5c9ec8f637497ac96451b606a1179c1ec07df1b1ea19c80cbe03955b3cba6a" #56# "74779777ed948a628dc58c459150b2bd958d9d6a6dab2b249414e45d55e6cb87") :ORIGIN-BUNDLE-REFS (#4#) :ORIGIN-CHILD-BUNDLE-REFS NIL :GENERATION-WITNESS-REF "217b783d67df268a6e86ceadfbeeef107938ba59c7de2722bef12371ff0fa54d" :ROW-IDENTITY #57="1faddf346e78833b5b5dde20279d249169ad2689b98b2272f47d935bffe57963") #S(SEMANTIC-GENERATED-REGISTRY-ROW-V1 :REGISTRY-KIND :DEPENDENCY-REGISTRY-V1 :PAYLOAD (:RELATION-REF #58="1cbe7eb059022dae6580c24b5bd49cac6e750078263d0bc45b8b85dcc26c5126" :RELATION-KIND :CALL :PARTICIPANT-REFS #) :GENERATOR-REF #45# :GENERATION-LAW-REF #46# :INPUT-ROW-REFS (#58# "75db1cf1d52ce07737982824ad525f3ad94c2d33bd6f188248e0ebc7fed22102" "c00b327f6513c621d33b92a925306ab871651960619b2f42eb2b070d8ab62207") :ORIGIN-BUNDLE-REFS (#4#) :ORIGIN-CHILD-BUNDLE-REFS NIL :GENERATION-WITNESS-REF "bff19fde2cab9f2d362a6742bd5b6a98fe44f2a11041bd676cc673926485a463" :ROW-IDENTITY #59="27a344145fbb00f86ab0e1ebf50c1b949f465ae4f2bc80f091848cafb982b3bc") #S(SEMANTIC-GENERATED-REGISTRY-ROW-V1 :REGISTRY-KIND :DEPENDENCY-REGISTRY-V1 :PAYLOAD (:RELATION-REF #60="5c4421e5d96b65814743542fab0f70125a2fe84674bddf29229a2f5b803f1f29" :RELATION-KIND :CALL :PARTICIPANT-REFS #) :GENERATOR-REF #45# :GENERATION-LAW-REF #46# :INPUT-ROW-REFS (#60# #61="b6668992f4393cd8845ada6860b07d55b5b53aeb89a03370c59d1187205c6ac1" #62="c0d8840dc33e722edb4f3d452e2d597f4e22dd770d9830e6add18d99a5f055a0") :ORIGIN-BUNDLE-REFS (#4#) :ORIGIN-CHILD-BUNDLE-REFS NIL :GENERATION-WITNESS-REF "cd4180437286e80c6ea9a52e8fa9c909c7169cd1d9e6f73a151b8acc40a549bf" :ROW-IDENTITY #63="31e00fcb46c8391a55e2384f236a48c303f8fd77b8603d17b46a663097db139d") #S(SEMANTIC-GENERATED-REGISTRY-ROW-V1 :REGISTRY-KIND :DEPENDENCY-REGISTRY-V1 :PAYLOAD (:RELATION-REF #64="38c3104062a96384fce16fe342c162c950cd44e31e2e74b8f686acd9510215e0" :RELATION-KIND :CALL :PARTICIPANT-REFS #) :GENERATOR-REF #45# :GENERATION-LAW-REF #46# :INPUT-ROW-REFS ("2dc1bc410adc5025ef27cfc6b859f447595eed2407ed87481d1d2cb61aa88c50" #64# "f28787f4559ca85798036ef6b2af8bab02ec8d5c4934a114abc42f1ce7a1f410") :ORIGIN-BUNDLE-REFS (#4#) :ORIGIN-CHILD-BUNDLE-REFS NIL :GENERATION-WITNESS-REF "48a3a77f9221b5f605972e46233f18b27e1ae20d8ef376aaafa62ffd2562671a" :ROW-IDENTITY #65="3b134751bb6e93f1b1e480bd32c5f31adf66e7482206aa850fd7d22c31c0ef8a") #S(SEMANTIC-GENERATED-REGISTRY-ROW-V1 :REGISTRY-KIND :DEPENDENCY-REGISTRY-V1 :PAYLOAD (:RELATION-REF #66="18800c547a5fd3d97bf78dd07a8fc9938b7783dbdedb3262d54f0de31bb62d01" :RELATION-KIND :CALL :PARTICIPANT-REFS #) :GENERATOR-REF #45# :GENERATION-LAW-REF #46# :INPUT-ROW-REFS (#66# "229113310844127d4abdf5e0f0ff92793f844e90fbcb10637760918838460a9e" "f1f5da48ee48941e70a5471f721eaea155cf39d4f645cee0458af52302307afa") :ORIGIN-BUNDLE-REFS (#4#) :ORIGIN-CHILD-BUNDLE-REFS NIL :GENERATION-WITNESS-REF "0a2e4603f22bbb2f2495996dc84d5af6cd0e3f81d59c36c77e5aec4cc458e37a" :ROW-IDENTITY #67="407a51e301444719e3c498cd135d1868cc590e337306f467cdf9adbfe0f635de") #S(SEMANTIC-GENERATED-REGISTRY-ROW-V1 :REGISTRY-KIND :DEPENDENCY-REGISTRY-V1 :PAYLOAD (:RELATION-REF #68="a313270bfad41f519e428e942498bd8680be587c713472ebf5adaaf4a27114b6" :RELATION-KIND :CALL :PARTICIPANT-REFS #) :GENERATOR-REF #45# :GENERATION-LAW-REF #46# :INPUT-ROW-REFS (#68# #69="caf366162517c2420edacb212978481dccaf056d57030420b3b47b6014ef8943" #70="e3748e416be9c0af371800a76e63207dcba9d22d08eb73f98390180506577054") :ORIGIN-BUNDLE-REFS (#4#) :ORIGIN-CHILD-BUNDLE-REFS NIL :GENERATION-WITNESS-REF "dc17186aa307bc40f77aa2dab7f8879009569444d99ccb866367ece6c95e724d" :ROW-IDENTITY #71="458c23c5e8a1176f14ec9c9ea7743d614fb8c80cfe1581f063ba89d025738211") #S(SEMANTIC-GENERATED-REGISTRY-ROW-V1 :REGISTRY-KIND :DEPENDENCY-REGISTRY-V1 :PAYLOAD (:RELATION-REF #72="c1918da98b2fd5dec06516b9db78c0d319eb821c564d537a5c1d36aff51ecf04" :RELATION-KIND :CALL :PARTICIPANT-REFS #) :GENERATOR-REF #45# :GENERATION-LAW-REF #46# :INPUT-ROW-REFS (#73="8ab04ea2a40a9eab7d60cb8bce23961f2f90a351f9587a164bf50815ad32bdc6" #72# #74="d1193c460104733955a9663c3b43ab9f0e7b7088633d899e787559001a4cd466") :ORIGIN-BUNDLE-REFS (#4#) :ORIGIN-CHILD-BUNDLE-REFS NIL :GENERATION-WITNESS-REF "eeb710d300e75751eb572ef8247808884c8cfe3ee8bba4caf06fa7e110dcec60" :ROW-IDENTITY #75="4e910ee978ac738e284264e5024fa0288aafa8733364d125bf4eb720c356543b") #S(SEMANTIC-GENERATED-REGISTRY-ROW-V1 :REGISTRY-KIND :DEPENDENCY-REGISTRY-V1 :PAYLOAD (:RELATION-REF #76="b2d5b074a1fdd37ac371551e26f108ac9b09c60bba06b324b61e30817f8b7448" :RELATION-KIND :CALL :PARTICIPANT-REFS #) :GENERATOR-REF #45# :GENERATION-LAW-REF #46# :INPUT-ROW-REFS (#77="a5c4e3ebefe37ce0af0e65d8feb348b60c8a9485cbfe5bc9e16a8da42b10a1a4" #76# #78="f0d3cac795c7bbef7d67e35950214fa06413d5e0a346de43ad6118d6feca50ee") :ORIGIN-BUNDLE-REFS (#4#) :ORIGIN-CHILD-BUNDLE-REFS NIL :GENERATION-WITNESS-REF "b867540ffcfa9a69d76d9e5f1db459ca0bf9b893897fd024ac55ec4be0133f26" :ROW-IDENTITY #79="5d2139505b9eb29b3d4226ae8a45140ae7415e2b34b406206a5248989bc5ba31") #S(SEMANTIC-GENERATED-REGISTRY-ROW-V1 :REGISTRY-KIND :DEPENDENCY-REGISTRY-V1 :PAYLOAD (:RELATION-REF #80="a502c04dcfa4b1b2e67eb9291e54aecf5545a00bcd3380efa428636da16a483b" :RELATION-KIND :REFINEMENT :PARTICIPANT-REFS #) :GENERATOR-REF #45# :GENERATION-LAW-REF #46# :INPUT-ROW-REFS ("5d39af24c4339ba43e3d42283b9d08c714997e4e26767677255410820f517f44" #80# "f316fc7b76478576bdfff992afa531609ae0f818da4a44e0ebe4b5268a9a8b45") :ORIGIN-BUNDLE-REFS (#4#) :ORIGIN-CHILD-BUNDLE-REFS NIL :GENERATION-WITNESS-REF "7f4cf6217490f50e7446d7437626aa4b3c37362aedf6f97870d13124510f5c73" :ROW-IDENTITY #81="5e1c53626dfe56de9039c3fb548c19e1090711922ae6dc82637c8f69f0ed551d") ...) :ROW-REFS (#49# #53# #55# #57# #59# #63# #65# #67# #71# #75# #79# #81# ...) :ROW-COUNT 25 :REGISTRY-DIGEST "7ccf1909c7526b88a10b7112f7e657f7e022153af6785214928d44469222af65" :GENERATION-LAW-REF #46# :REGISTRY-ROOT-IDENTITY "db33c830286f085a55411dd9939f7a8e6a781e43d434144f71e8c20e40855a3d") :FORMAL-BINDING-REGISTRY-REF #S(SEMANTIC-REGISTRY-ROOT-V1 :REGISTRY-KIND :FORMAL-BINDING-REGISTRY-V1 :SCHEMA-VERSION 1 :ROWS NIL :ROW-REFS NIL :ROW-COUNT 0 :REGISTRY-DIGEST "86235b62754819e9b7c4081e7342d1571b946033ff6bd504388de7dedd834af9" :GENERATION-LAW-REF (:SEMANTIC-BUNDLE-EMPTY-GENERATED-REGISTRY-V1 :FORMAL-BINDING-REGISTRY-V1) :REGISTRY-ROOT-IDENTITY "67ea6420c44015b1e8261f7bb565b65787eeb0483a363f08de7adf256e964b38") :EVIDENCE-REGISTRY-REF #S(SEMANTIC-REGISTRY-ROOT-V1 :REGISTRY-KIND :EVIDENCE-REGISTRY-V1 :SCHEMA-VERSION 1 :ROWS NIL :ROW-REFS NIL :ROW-COUNT 0 :REGISTRY-DIGEST "ba594eda3d6d8c181981c9249fd1791098e36d237b7d4617a6038f4ded15ba41" :GENERATION-LAW-REF (:SEMANTIC-BUNDLE-EMPTY-GENERATED-REGISTRY-V1 :EVIDENCE-REGISTRY-V1) :REGISTRY-ROOT-IDENTITY "3f235488aa8bba18ae99eb63c26608a75ed33533506a53788ba79118bd6c48b8") :REALIZATION-REGISTRY-REF #S(SEMANTIC-REGISTRY-ROOT-V1 :REGISTRY-KIND :REALIZATION-REGISTRY-V1 :SCHEMA-VERSION 1 :ROWS NIL :ROW-REFS NIL :ROW-COUNT 0 :REGISTRY-DIGEST "c2b11502238f0d5dd84858b924de9cd5b8a785da84987a92f7ea5e486d8228d1" :GENERATION-LAW-REF (:SEMANTIC-BUNDLE-EMPTY-GENERATED-REGISTRY-V1 :REALIZATION-REGISTRY-V1) :REGISTRY-ROOT-IDENTITY "c128b335fe5cc875a66221b4a7e22ddeda32d96b0c393d5398b85969b59cf08e") :ARTIFACT-LINKAGE-REGISTRY-REF #S(SEMANTIC-REGISTRY-ROOT-V1 :REGISTRY-KIND :ARTIFACT-LINKAGE-REGISTRY-V1 :SCHEMA-VERSION 1 :ROWS NIL :ROW-REFS NIL :ROW-COUNT 0 :REGISTRY-DIGEST "9d52523ec009dfa07158e269763d4f4bc58bce02f524cc990013a7e97cf6ac15" :GENERATION-LAW-REF (:SEMANTIC-BUNDLE-EMPTY-GENERATED-REGISTRY-V1 :ARTIFACT-LINKAGE-REGISTRY-V1) :REGISTRY-ROOT-IDENTITY "ac95d9db36ee25a81d3509bd0a15ad3f3f2cd94cd181849a70d5ed99ed8b2e74") :ROUTE-REGISTRY-REF #S(SEMANTIC-REGISTRY-ROOT-V1 :REGISTRY-KIND :ROUTE-REGISTRY-V1 :SCHEMA-VERSION 1 :ROWS (#S(SEMANTIC-GENERATED-REGISTRY-ROW-V1 :REGISTRY-KIND :ROUTE-REGISTRY-V1 :PAYLOAD (:PROFILE :RELATION-INCIDENCES-V1 :RELATION-REF #82="8a284fe64aea81e3f582c336f5aad7f0c0c94c1a1cdab3bdd4b809de5d1d4cc6" :CONSTITUTION #83="ebf3498d84178fbaf1af14261cdf5742259e66bb9f7dc2863446c267d4309f70" :ENDPOINTS # :EXECUTION :UNBOUND :AUTHORITY :SYMBOLIC-ONLY) :GENERATOR-REF #84="b65bb258d4bfca0551072194605fe01879a578550f75fa8a955a959f3f346e63" :GENERATION-LAW-REF #85=(:SEMANTIC-BUNDLE-GENERATION-LAW-V1 :ROUTE-REGISTRY-V1) :INPUT-ROW-REFS ("0314cdf09bf0aa99775bad3a55ea4d438f9a1350ff5d92e8a02836911c85bbc1" "0f711a463da8baa81e7e80ae0b3fef9a13c08ce1370c94dc6197a8a1c9bfdc79" #82#) :ORIGIN-BUNDLE-REFS (#4#) :ORIGIN-CHILD-BUNDLE-REFS NIL :GENERATION-WITNESS-REF "c72a3cc89d0fa4ab9abde9574de52c6b81c96f83b8f13f7918c8e20518ca7084" :ROW-IDENTITY #86="265930f7fb066cf5ac59629b9df003886b8849e51e957aa9a844639ad40cea0c") #S(SEMANTIC-GENERATED-REGISTRY-ROW-V1 :REGISTRY-KIND :ROUTE-REGISTRY-V1 :PAYLOAD (:PROFILE :RELATION-INCIDENCES-V1 :RELATION-REF #87="3ef0382cced73c9529e77eda8992bb555531e5c9f9a4a05ba33d7a909890b0b8" :CONSTITUTION #83# :ENDPOINTS # :EXECUTION :UNBOUND :AUTHORITY :SYMBOLIC-ONLY) :GENERATOR-REF #84# :GENERATION-LAW-REF #85# :INPUT-ROW-REFS (#87# "c78eec82e5d6ee84f4682961a282e0b623d17804c756c1cadd739ef5d72d540d" "e5d3b9b6dfdb81dfd1a6effd20e1a1e32d2479cf9e2f70b8fc156fa3775efdc4") :ORIGIN-BUNDLE-REFS (#4#) :ORIGIN-CHILD-BUNDLE-REFS NIL :GENERATION-WITNESS-REF "f4d08b220ddb65927e9f98b167e972f6f8a4db97a999c466cb522e8e3543a869" :ROW-IDENTITY #88="27e29f0245c728f2ab66162d970392c2cfbba935c827dc0f11f2273f50c6810c") #S(SEMANTIC-GENERATED-REGISTRY-ROW-V1 :REGISTRY-KIND :ROUTE-REGISTRY-V1 :PAYLOAD (:PROFILE :RELATION-INCIDENCES-V1 :RELATION-REF #72# :CONSTITUTION #83# :ENDPOINTS # :EXECUTION :UNBOUND :AUTHORITY :SYMBOLIC-ONLY) :GENERATOR-REF #84# :GENERATION-LAW-REF #85# :INPUT-ROW-REFS (#73# #72# #74#) :ORIGIN-BUNDLE-REFS (#4#) :ORIGIN-CHILD-BUNDLE-REFS NIL :GENERATION-WITNESS-REF "4450c7cd1118c1dfcfa6b64c7e5412e32a30fe330d2287ec1b033dc227e89c68" :ROW-IDENTITY #89="3bceff45be26dd14b33e7da2592cdf7c0b72a299fac64d5b142616a98065485d") #S(SEMANTIC-GENERATED-REGISTRY-ROW-V1 :REGISTRY-KIND :ROUTE-REGISTRY-V1 :PAYLOAD (:PROFILE :RELATION-INCIDENCES-V1 :RELATION-REF #50# :CONSTITUTION #83# :ENDPOINTS # :EXECUTION :UNBOUND :AUTHORITY :SYMBOLIC-ONLY) :GENERATOR-REF #84# :GENERATION-LAW-REF #85# :INPUT-ROW-REFS (#50# #51# #52#) :ORIGIN-BUNDLE-REFS (#4#) :ORIGIN-CHILD-BUNDLE-REFS NIL :GENERATION-WITNESS-REF "0feb7d7ae85383af9be6d58e58dc92eec9096ab52daf2c215a3c69db058b9474" :ROW-IDENTITY #90="3fcc147faacd90047551b2a6004bba1aedf98e1ce73bc2105d4fb4cdbe23bdc7") #S(SEMANTIC-GENERATED-REGISTRY-ROW-V1 :REGISTRY-KIND :ROUTE-REGISTRY-V1 :PAYLOAD (:PROFILE :RELATION-INCIDENCES-V1 :RELATION-REF #44# :CONSTITUTION #83# :ENDPOINTS # :EXECUTION :UNBOUND :AUTHORITY :SYMBOLIC-ONLY) :GENERATOR-REF #84# :GENERATION-LAW-REF #85# :INPUT-ROW-REFS (#47# #44# #48#) :ORIGIN-BUNDLE-REFS (#4#) :ORIGIN-CHILD-BUNDLE-REFS NIL :GENERATION-WITNESS-REF "5af6c6c6097abf89f3b1f8623dd0e01fe60402ce494534a146c6e8ece33050e7" :ROW-IDENTITY #91="4c500e3c5c98e3dc75ab731ad2ee42a826dacbd3c744940d5da00f257840636e") #S(SEMANTIC-GENERATED-REGISTRY-ROW-V1 :REGISTRY-KIND :ROUTE-REGISTRY-V1 :PAYLOAD (:PROFILE :RELATION-INCIDENCES-V1 :RELATION-REF #60# :CONSTITUTION #83# :ENDPOINTS # :EXECUTION :UNBOUND :AUTHORITY :SYMBOLIC-ONLY) :GENERATOR-REF #84# :GENERATION-LAW-REF #85# :INPUT-ROW-REFS (#60# #61# #62#) :ORIGIN-BUNDLE-REFS (#4#) :ORIGIN-CHILD-BUNDLE-REFS NIL :GENERATION-WITNESS-REF "b59686b72462c40a9feceeebd920e70feeb9526f4bd648b97ed5d3dca7da8e2a" :ROW-IDENTITY #92="615b7bc509c8d825a3daa632e67953cedc6556f4ee5b2862b60852b0ae4e3091") #S(SEMANTIC-GENERATED-REGISTRY-ROW-V1 :REGISTRY-KIND :ROUTE-REGISTRY-V1 :PAYLOAD (:PROFILE :RELATION-INCIDENCES-V1 :RELATION-REF #93="9ddeffd7c8c3951161d5ed92c05f7bbe1029fefc3381ed0cd45aec1c79e96140" :CONSTITUTION #83# :ENDPOINTS # :EXECUTION :UNBOUND :AUTHORITY :SYMBOLIC-ONLY) :GENERATOR-REF #84# :GENERATION-LAW-REF #85# :INPUT-ROW-REFS ("96cabc21d8e8e141f2a8e030abf855a4df5198aac8c86a914c12c3c27bf03d15" #93# "d25f52904aaaef4b32214f789c18b21b989aad1e9eeaecdb52a1abd3d95153ed") :ORIGIN-BUNDLE-REFS (#4#) :ORIGIN-CHILD-BUNDLE-REFS NIL :GENERATION-WITNESS-REF "02a3cc4c8d67b13fee538ac0aa6319d7d5bee5199d2f3dd5cf598e261e881785" :ROW-IDENTITY #94="6452bbffb099b760db309fe3ce55136f7f7d1cbea8ba0740be70e795c547098f") #S(SEMANTIC-GENERATED-REGISTRY-ROW-V1 :REGISTRY-KIND :ROUTE-REGISTRY-V1 :PAYLOAD (:PROFILE :RELATION-INCIDENCES-V1 :RELATION-REF #95="9f33b2283cdd13ac06f14d9e012faa04a5e1f3355b2329898cc87443353b45e3" :CONSTITUTION #83# :ENDPOINTS # :EXECUTION :UNBOUND :AUTHORITY :SYMBOLIC-ONLY) :GENERATOR-REF #84# :GENERATION-LAW-REF #85# :INPUT-ROW-REFS ("47ae870d388396a3d2a69fc7765f58b4e21d3099fdac390800366716e138d798" #95# "eeefc8dfb05c6fd6cf875ab1e475d79da8d45b887e093babe84aabb9f328d302") :ORIGIN-BUNDLE-REFS (#4#) :ORIGIN-CHILD-BUNDLE-REFS NIL :GENERATION-WITNESS-REF "d7dc0f803b1a7f95f2742cfd78dd0d4bb949abafaeeb814754713e52d41fb2ca" :ROW-IDENTITY #96="760b6e4a41c129eda18ae711461556df5a152ef32b766974336cf8eaffe0da42") #S(SEMANTIC-GENERATED-REGISTRY-ROW-V1 :REGISTRY-KIND :ROUTE-REGISTRY-V1 :PAYLOAD (:PROFILE :RELATION-INCIDENCES-V1 :RELATION-REF #76# :CONSTITUTION #83# :ENDPOINTS # :EXECUTION :UNBOUND :AUTHORITY :SYMBOLIC-ONLY) :GENERATOR-REF #84# :GENERATION-LAW-REF #85# :INPUT-ROW-REFS (#77# #76# #78#) :ORIGIN-BUNDLE-REFS (#4#) :ORIGIN-CHILD-BUNDLE-REFS NIL :GENERATION-WITNESS-REF "765d6b2211ef21b2584f893d07708fba7e51e1062841c3403fc86f0dc5235910" :ROW-IDENTITY #97="7dad879cf208ae5de7d66c25244ae35df0a7b6cfd652fc7a56c9bc0b814835b5") #S(SEMANTIC-GENERATED-REGISTRY-ROW-V1 :REGISTRY-KIND :ROUTE-REGISTRY-V1 :PAYLOAD (:PROFILE :RELATION-INCIDENCES-V1 :RELATION-REF #98="adb94a15d8a5a0aa68ec7a61d489c5c75e727635e8ef1c05873970f1406cb407" :CONSTITUTION #83# :ENDPOINTS # :EXECUTION :UNBOUND :AUTHORITY :SYMBOLIC-ONLY) :GENERATOR-REF #84# :GENERATION-LAW-REF #85# :INPUT-ROW-REFS ("000eee07256b90f4d00e24bd1ead978933438a07eff1688bc89d3004a93f52a2" "37dceaf3c409acb106924f7fdb8344a235d6920a0b5dad20b0b7cf6c2a976498" #98#) :ORIGIN-BUNDLE-REFS (#4#) :ORIGIN-CHILD-BUNDLE-REFS NIL :GENERATION-WITNESS-REF "6bb1061b9df6ff612f1d84d02d4f58570132509a9db0abc4761f654794e36612" :ROW-IDENTITY #99="84dfd7ae1d46333a34e4c21775ad6c0009a0fbe95bdf386411cabb01b4bb136c") #S(SEMANTIC-GENERATED-REGISTRY-ROW-V1 :REGISTRY-KIND :ROUTE-REGISTRY-V1 :PAYLOAD (:PROFILE :RELATION-INCIDENCES-V1 :RELATION-REF #100="87e5f25232c4cc2874b6e923015bc6c8e742d0ecc0eff0e358f6fc60ee91052e" :CONSTITUTION #83# :ENDPOINTS # :EXECUTION :UNBOUND :AUTHORITY :SYMBOLIC-ONLY) :GENERATOR-REF #84# :GENERATION-LAW-REF #85# :INPUT-ROW-REFS ("7c839c0683ec5cf2680424f68bf55234721b4e486a71903325c926c19a2957cb" #100# "c891cd46fddb3b53c55b4d7f51345c1bd24edf34e150799b922fcbec438164b0") :ORIGIN-BUNDLE-REFS (#4#) :ORIGIN-CHILD-BUNDLE-REFS NIL :GENERATION-WITNESS-REF "9fa051112014d6392758aeb302561cbc9c9dd23a27dbdb105170c3ad9cd0bc1f" :ROW-IDENTITY #101="8ab9c6a9a835ae687ffb706d95bfa511653835644c46f127f362d5c0c9d960b4") #S(SEMANTIC-GENERATED-REGISTRY-ROW-V1 :REGISTRY-KIND :ROUTE-REGISTRY-V1 :PAYLOAD (:PROFILE :RELATION-INCIDENCES-V1 :RELATION-REF #68# :CONSTITUTION #83# :ENDPOINTS # :EXECUTION :UNBOUND :AUTHORITY :SYMBOLIC-ONLY) :GENERATOR-REF #84# :GENERATION-LAW-REF #85# :INPUT-ROW-REFS (#68# #69# #70#) :ORIGIN-BUNDLE-REFS (#4#) :ORIGIN-CHILD-BUNDLE-REFS NIL :GENERATION-WITNESS-REF "8ee27712eed8d25bfff407e811c6fa1b7bdbedbc7b2008595a9df57bf2cabb9e" :ROW-IDENTITY #102="9570ab18667148a29820ac385d22287f1689729140e7a390a69dfe8923bea532") ...) :ROW-REFS (#86# #88# #89# #90# #91# #92# #94# #96# #97# #99# #101# #102# ...) :ROW-COUNT 25 :REGISTRY-DIGEST "268ab9f2b6f39f3dd8c8185f19b3947a4400d5c5a44149e8fab33d3d7984a071" :GENERATION-LAW-REF (:SEMANTIC-BUNDLE-ROUTE-REGISTRY-VERIFICATION-V1) :REGISTRY-ROOT-IDENTITY "0e7adcd9884b80a9c8cfa10a92c8f43965222dd559a614d40474f4502cc43503") :SATURATED-CODATA-REGISTRY-REF #S(SEMANTIC-REGISTRY-ROOT-V1 :REGISTRY-KIND :SATURATED-CODATA-REGISTRY-V1 :SCHEMA-VERSION 1 :ROWS NIL :ROW-REFS NIL :ROW-COUNT 0 :REGISTRY-DIGEST "6f3ddce981276ed17751491377efea06653647711101cde77b9300565492491e" :GENERATION-LAW-REF (:SEMANTIC-BUNDLE-EMPTY-GENERATED-REGISTRY-V1 :SATURATED-CODATA-REGISTRY-V1) :REGISTRY-ROOT-IDENTITY "dca73d99a3c78f8cb87d90d5f900d7ce53fcdf985b21d5244405c40894dcb098") :SEMANTIC-CONSEQUENCE-TRANSPORT-REGISTRY-REF #S(SEMANTIC-REGISTRY-ROOT-V1 :REGISTRY-KIND :SEMANTIC-CONSEQUENCE-TRANSPORT-REGISTRY-V1 :SCHEMA-VERSION 1 :ROWS NIL :ROW-REFS NIL :ROW-COUNT 0 :REGISTRY-DIGEST "88550f49781c879a657daea01b223c04f854fb59a2eca140fef80077d05c69fd" :GENERATION-LAW-REF (:SEMANTIC-BUNDLE-EMPTY-GENERATED-REGISTRY-V1 :SEMANTIC-CONSEQUENCE-TRANSPORT-REGISTRY-V1) :REGISTRY-ROOT-IDENTITY "943bf24cbe9680fadfa99fa7dc38009fdde31661e341a489aa696e680ba483ce") :GENERATED-REGISTRY-SET-IDENTITY "8db59bfac5cf5914cbc959432ab3c41b14f2daab3dc26328444f86e55ee983f2"))
5: (VALIDATE-SEMANTIC-BUNDLE-PERSISTENCE-COMPONENTS-V1 #S(SEMANTIC-BUNDLE-GENERATED-REGISTRY-SET-V1 :CHILD-BUNDLE-REGISTRY-REF #S(SEMANTIC-REGISTRY-ROOT-V1 :REGISTRY-KIND :CHILD-BUNDLE-REGISTRY-V1 :SCHEMA-VERSION 1 :ROWS (#S(SEMANTIC-GENERATED-REGISTRY-ROW-V1 :REGISTRY-KIND :CHILD-BUNDLE-REGISTRY-V1 :PAYLOAD (:PARENT-MEMBER-REF #1="016d3840d3005a0cd6509958241a2ee528edd836d66e3dd4eaca78328e68c3ed" :CHILD-BUNDLE-REF #2="fe4dcc413bc0cca1b3fe289491e45feb96c96f7eacc481a73f9d5ae6830f5ee9" :CHILD-SNAPSHOT-REF "de33ac595281e5f22989340f61ef796afdb6ebabac1d483e3f08bd4bfd0e31eb" :CHILD-SURFACE-REF "e02feb201855f509a01fa03c8ead740ea68d2f6f869da902a8e9ab3e45f9ccef" :CHILD-REFINEMENT-REF "f70fc614bbc1c1cab17fd92392c3f6b0189f288d88b0027de8d7fccac2476b1e" :CHILD-CLOSURE-STATUS :PARTIAL) :GENERATOR-REF "465226b06024aa4a0fd2029fef5d5b81c07fba7f56b8faa6d4d654dbe5328269" :GENERATION-LAW-REF #3=(:SEMANTIC-BUNDLE-GENERATION-LAW-V1 :CHILD-BUNDLE-REGISTRY-V1) :INPUT-ROW-REFS (#1#) :ORIGIN-BUNDLE-REFS (#4="6e8c8eb87ae821c4ee0629ac20ec901afa66da0b073e9c2eeba5b207b94b8149") :ORIGIN-CHILD-BUNDLE-REFS (#2#) :GENERATION-WITNESS-REF "d154f87428dc1280a1ba359cd4aa31378bb526c1ba6a4113c974ea1d963e57df" :ROW-IDENTITY #5="faa158d26b230b4e4e028904918dabbfcd0a39c7727c9adbaef63297a1f87ae9")) :ROW-REFS (#5#) :ROW-COUNT 1 :REGISTRY-DIGEST "6294c2b0506adacc4218a4813321c657cc58cf3d00fed8f9e53bac4c01501977" :GENERATION-LAW-REF #3# :REGISTRY-ROOT-IDENTITY "a1ba69aaa18d32c91c533c8bb78cbfa68f2900245aa930f2084b4e7a901dd269") :EXPORT-REGISTRY-REF #S(SEMANTIC-REGISTRY-ROOT-V1 :REGISTRY-KIND :EXPORT-REGISTRY-V1 :SCHEMA-VERSION 1 :ROWS (#S(SEMANTIC-GENERATED-REGISTRY-ROW-V1 :REGISTRY-KIND :EXPORT-REGISTRY-V1 :PAYLOAD (:EXPORT-KEY # :OWNER-REF "51ef24b43a67332215d00fa5697f42025d086e7e23e7145dedc4eaffd8883e4a" :PORT-REF #6="aa5cc1d890303c32fa206b170446aac9b7d4bd72a86ee3a1af1b95fa5d87a531" :SURFACE-REF NIL :CONTRACT-REF :VM-INTERFACE-OPEN-V1 :FORMAL-SURFACE-REF NIL ...) :GENERATOR-REF #7="8d4b7ca89eabd5aa4582455555b2bdc73d13324a1d101ee0e9a02601e2c7b278" :GENERATION-LAW-REF #8=(:SEMANTIC-BUNDLE-GENERATION-LAW-V1 :EXPORT-REGISTRY-V1) :INPUT-ROW-REFS (#6#) :ORIGIN-BUNDLE-REFS (#4#) :ORIGIN-CHILD-BUNDLE-REFS NIL :GENERATION-WITNESS-REF "238fcd69c1895059595004f59fb072cc6810b5f9417d9364c2e12d78a5a203b6" :ROW-IDENTITY #9="1f13748259b680102da6d0a114c4fb4331f11431414f2d053063566c5d8b7f8b") #S(SEMANTIC-GENERATED-REGISTRY-ROW-V1 :REGISTRY-KIND :EXPORT-REGISTRY-V1 :PAYLOAD (:EXPORT-KEY # :OWNER-REF #10="c034446abfa1d9899a7cec31170df831f629b41b48163e45418f639bdc3e0f15" :PORT-REF #11="cfed86b16a0665ae8b24dfc414bfe6460fc6fabbc84ec39d81bbf6428c3f4497" :SURFACE-REF NIL :CONTRACT-REF :VM-INTERFACE-OPEN-V1 :FORMAL-SURFACE-REF NIL ...) :GENERATOR-REF #7# :GENERATION-LAW-REF #8# :INPUT-ROW-REFS (#11#) :ORIGIN-BUNDLE-REFS (#4#) :ORIGIN-CHILD-BUNDLE-REFS NIL :GENERATION-WITNESS-REF "21d1655c4796511d38fa2481d61ef2c03852082703080d61ac6a5629dc84dd20" :ROW-IDENTITY #12="25a67182d564a4cee2b3ffae2dceed52ce64383acd53bd3c0e44fe98172ed6bd") #S(SEMANTIC-GENERATED-REGISTRY-ROW-V1 :REGISTRY-KIND :EXPORT-REGISTRY-V1 :PAYLOAD (:EXPORT-KEY # :OWNER-REF "9048b02460f88a34eea56178c0dc3226eda0dd40f85c0c8649dc5bf0ce054700" :PORT-REF #13="25059c7fd499016cca89853583911768348aac8c5794388bcbef48ce3942e59e" :SURFACE-REF NIL :CONTRACT-REF :VM-INTERFACE-OPEN-V1 :FORMAL-SURFACE-REF NIL ...) :GENERATOR-REF #7# :GENERATION-LAW-REF #8# :INPUT-ROW-REFS (#13#) :ORIGIN-BUNDLE-REFS (#4#) :ORIGIN-CHILD-BUNDLE-REFS NIL :GENERATION-WITNESS-REF "4977337489eea606207173f95382941f8629eb8c479c06e4fcdb76b85a35ce84" :ROW-IDENTITY #14="32f895af11ddf1ffd5fdda04da45415222dbf002294d11b0ab1ad3f0fa381241") #S(SEMANTIC-GENERATED-REGISTRY-ROW-V1 :REGISTRY-KIND :EXPORT-REGISTRY-V1 :PAYLOAD (:EXPORT-KEY # :OWNER-REF "d69aa174a782b168895ef646dc84351a1727f2ee95ad7d8437ca9216a129f5e6" :PORT-REF #15="136c9cb9181ae26eeac88fb89a67fab694b9e5dcf3a9bf4648122a9a9306ad0b" :SURFACE-REF NIL :CONTRACT-REF :VM-INTERFACE-OPEN-V1 :FORMAL-SURFACE-REF NIL ...) :GENERATOR-REF #7# :GENERATION-LAW-REF #8# :INPUT-ROW-REFS (#15#) :ORIGIN-BUNDLE-REFS (#4#) :ORIGIN-CHILD-BUNDLE-REFS NIL :GENERATION-WITNESS-REF "df87d1749e1909f5f3847e41aa9e0f581607918f12382913ff3f1693c34b5eb0" :ROW-IDENTITY #16="392d91fda3a755e852c4015252bcc0eba57394c96f4f61b063349b56cca6ffec") #S(SEMANTIC-GENERATED-REGISTRY-ROW-V1 :REGISTRY-KIND :EXPORT-REGISTRY-V1 :PAYLOAD (:EXPORT-KEY # :OWNER-REF "09eb79116df6133643654d8f8a437d491c51788eda28bc12981bf31ce0ac423f" :PORT-REF #17="3c89c767ea679803c494a2a76bf3b95658e2ef2257e63de721440f65ee9a0cb8" :SURFACE-REF NIL :CONTRACT-REF :VM-INTERFACE-OPEN-V1 :FORMAL-SURFACE-REF NIL ...) :GENERATOR-REF #7# :GENERATION-LAW-REF #8# :INPUT-ROW-REFS (#17#) :ORIGIN-BUNDLE-REFS (#4#) :ORIGIN-CHILD-BUNDLE-REFS NIL :GENERATION-WITNESS-REF "936fb062541f4be40227af8e0c764d8996986254753a0679af8dfb54129abcdc" :ROW-IDENTITY #18="3df9712e4ed4a3dd3f4632e9ddef4824aa35048094ff3e7880052170edc1c844") #S(SEMANTIC-GENERATED-REGISTRY-ROW-V1 :REGISTRY-KIND :EXPORT-REGISTRY-V1 :PAYLOAD (:IMMEDIATE-CHILD-REF #2# :ORIGIN-CHILD-REF #2# :ORIGIN-REGISTRY-ROW-REF #19="eff81dd5fccf9a3f2d03e9b2e878d50df7fa75f4f5e5f89eba25fe78a9e290f8" :PROJECTION-LAW-REF :SEMANTIC-CHILD-EXPORT-PROJECTION-V1 :PROJECTION-WITNESS-REF "51a6c149ccd718d71f8ebcea38daf34131cd3a26f9827b0c81973890eec1f86f" :EXPORT-KEY # ...) :GENERATOR-REF #7# :GENERATION-LAW-REF #8# :INPUT-ROW-REFS (#1# #19#) :ORIGIN-BUNDLE-REFS (#4#) :ORIGIN-CHILD-BUNDLE-REFS (#2#) :GENERATION-WITNESS-REF "9942531325581be9d94f8fed00f1c432eb3c434efd49ef28c09fa9c33cbc8163" :ROW-IDENTITY #20="4173ec8246198f7563c244d93d283ccad3fb5ec049afeb14ec1ca2532905531a") #S(SEMANTIC-GENERATED-REGISTRY-ROW-V1 :REGISTRY-KIND :EXPORT-REGISTRY-V1 :PAYLOAD (:EXPORT-KEY # :OWNER-REF "3f1134180612c452272668c522be4c4f491c38c0c2a7c85e93a344cb74df084a" :PORT-REF #21="b3ff2c58410e581e17984a4aabdac476f46dca85d240967137bef35f4fac4c4f" :SURFACE-REF NIL :CONTRACT-REF :VM-INTERFACE-OPEN-V1 :FORMAL-SURFACE-REF NIL ...) :GENERATOR-REF #7# :GENERATION-LAW-REF #8# :INPUT-ROW-REFS (#21#) :ORIGIN-BUNDLE-REFS (#4#) :ORIGIN-CHILD-BUNDLE-REFS NIL :GENERATION-WITNESS-REF "20d5dd0ac2957e27a493355146b4482d31caa7d982889ec382c78d667365ec7d" :ROW-IDENTITY #22="54d3e30cc06942ad56539e3daefff4b0d379a898c76e9edfae985a7499be3110") #S(SEMANTIC-GENERATED-REGISTRY-ROW-V1 :REGISTRY-KIND :EXPORT-REGISTRY-V1 :PAYLOAD (:EXPORT-KEY # :OWNER-REF #23="ae1fd25e5508e66b6ea33652778f5f982f45cd3def6ccd0255dba532898c4dd3" :PORT-REF #24="cabf7e87b51895dcc96332d97acbf913d182df4173995bb8bf5dbc0474b18525" :SURFACE-REF NIL :CONTRACT-REF :VM-INTERFACE-OPEN-V1 :FORMAL-SURFACE-REF NIL ...) :GENERATOR-REF #7# :GENERATION-LAW-REF #8# :INPUT-ROW-REFS (#24#) :ORIGIN-BUNDLE-REFS (#4#) :ORIGIN-CHILD-BUNDLE-REFS NIL :GENERATION-WITNESS-REF "a4e1ed6fb15ae1058e6f4fa36108cf41909e6ea9bad776688f4ac09bf978d6a1" :ROW-IDENTITY #25="56d3504f2951975405bf0a136c428b4b37370280aaf5fb860ef1e70bcb7ce12a") #S(SEMANTIC-GENERATED-REGISTRY-ROW-V1 :REGISTRY-KIND :EXPORT-REGISTRY-V1 :PAYLOAD (:EXPORT-KEY # :OWNER-REF #23# :PORT-REF #26="c7818bbd3217ee33cf1c7e3f9551143f0e9a8f632b25faa0316deffdbe6273e6" :SURFACE-REF NIL :CONTRACT-REF :VM-INTERFACE-OPEN-V1 :FORMAL-SURFACE-REF NIL ...) :GENERATOR-REF #7# :GENERATION-LAW-REF #8# :INPUT-ROW-REFS (#26#) :ORIGIN-BUNDLE-REFS (#4#) :ORIGIN-CHILD-BUNDLE-REFS NIL :GENERATION-WITNESS-REF "e0e4db3c61290129e9c7eefb966513d5beff1d7801ada79ed6f34ae9a3945b95" :ROW-IDENTITY #27="662eb9d7007df1c83fa26f1c53c3c8d9992d03d43d82ef2f758a7e8f94a87c50") #S(SEMANTIC-GENERATED-REGISTRY-ROW-V1 :REGISTRY-KIND :EXPORT-REGISTRY-V1 :PAYLOAD (:EXPORT-KEY # :OWNER-REF "9c0c48f506c3863dad3a2eac4c29415ae1f1269c177c8622a302f06ae9fd1f67" :PORT-REF #28="16811f0e46c454873c6f09c32adc51821191e8a92589c51cd1339830b33814e1" :SURFACE-REF NIL :CONTRACT-REF :VM-INTERFACE-OPEN-V1 :FORMAL-SURFACE-REF NIL ...) :GENERATOR-REF #7# :GENERATION-LAW-REF #8# :INPUT-ROW-REFS (#28#) :ORIGIN-BUNDLE-REFS (#4#) :ORIGIN-CHILD-BUNDLE-REFS NIL :GENERATION-WITNESS-REF "308a01649a5d1b261c7afb58e3e89d6b4cad761d2a23df80d48b1673babcbce4" :ROW-IDENTITY #29="6a057e8e5cbb1e7e38448d904a917c64e62a5738d2d9c76d70d08fb26e28dfea") #S(SEMANTIC-GENERATED-REGISTRY-ROW-V1 :REGISTRY-KIND :EXPORT-REGISTRY-V1 :PAYLOAD (:EXPORT-KEY # :OWNER-REF "b9aa15c2c7f022beaccc29e89366cb0895445f8ec30f498b5be0bc35437b5bce" :PORT-REF #30="dd24b44f36941e5fad499b02aa83f0e0a0c6c60b95ba90602fc4c1f92c433465" :SURFACE-REF NIL :CONTRACT-REF :VM-INTERFACE-OPEN-V1 :FORMAL-SURFACE-REF NIL ...) :GENERATOR-REF #7# :GENERATION-LAW-REF #8# :INPUT-ROW-REFS (#30#) :ORIGIN-BUNDLE-REFS (#4#) :ORIGIN-CHILD-BUNDLE-REFS NIL :GENERATION-WITNESS-REF "5338c8af47078383ade04c7df5ddf724e03a9a8b82ef35766f3d10a8fd7bd3d6" :ROW-IDENTITY #31="7ea711363ef85a0837fed70c8a8bf2d650867438d1943e16cf1a0945bcf401b5") #S(SEMANTIC-GENERATED-REGISTRY-ROW-V1 :REGISTRY-KIND :EXPORT-REGISTRY-V1 :PAYLOAD (:EXPORT-KEY # :OWNER-REF #10# :PORT-REF #32="284240ad9f7270be311195a92517559347da00b99d46faaddea5eaf0e7e333f1" :SURFACE-REF NIL :CONTRACT-REF :VM-INTERFACE-OPEN-V1 :FORMAL-SURFACE-REF NIL ...) :GENERATOR-REF #7# :GENERATION-LAW-REF #8# :INPUT-ROW-REFS (#32#) :ORIGIN-BUNDLE-REFS (#4#) :ORIGIN-CHILD-BUNDLE-REFS NIL :GENERATION-WITNESS-REF "dad5460ad33fe81104982b490952f39c697a3489bdce06f43ee70cbe85e66a2a" :ROW-IDENTITY #33="828aabe14b331af16856252d3b61d6d95d208d69240a14d700ddf6b27db3d34f") ...) :ROW-REFS (#9# #12# #14# #16# #18# #20# #22# #25# #27# #29# #31# #33# ...) :ROW-COUNT 28 :REGISTRY-DIGEST "5bbfe882383438384459da9a41e6b0cd805efacfa7f191419e0a083e1f0f3747" :GENERATION-LAW-REF #8# :REGISTRY-ROOT-IDENTITY "67ffa42324e20d10f09288dd404ef1b89a982db4acac1b767c6ff13fb137c5df") :IMPORT-REGISTRY-REF #S(SEMANTIC-REGISTRY-ROOT-V1 :REGISTRY-KIND :IMPORT-REGISTRY-V1 :SCHEMA-VERSION 1 :ROWS (#S(SEMANTIC-GENERATED-REGISTRY-ROW-V1 :REGISTRY-KIND :IMPORT-REGISTRY-V1 :PAYLOAD (:IMMEDIATE-CHILD-REF #2# :ORIGIN-CHILD-REF #2# :ORIGIN-REGISTRY-ROW-REF #34="dbe174b49fda66c505a5db6d0b9712692f212627de09c2b9c8afea0e2fda55d7" :PROJECTION-LAW-REF :SEMANTIC-CHILD-IMPORT-PROMOTION-V1 :PROJECTION-WITNESS-REF "7b751b4f72592a8425ea7e9ee4027cfc97d1c54072a5ce18337015dfb92b7fb1" :IMPORT-KEY # ...) :GENERATOR-REF #35="7cbb2a172973fb531333d5f7bf0a733761e4ee5d9f3fbc2d76b80188c6549519" :GENERATION-LAW-REF #36=(:SEMANTIC-BUNDLE-GENERATION-LAW-V1 :IMPORT-REGISTRY-V1) :INPUT-ROW-REFS (#1# #34#) :ORIGIN-BUNDLE-REFS (#4#) :ORIGIN-CHILD-BUNDLE-REFS (#2#) :GENERATION-WITNESS-REF "c7b339cc616348ff874ac709820bfe0ab952fde24411834845c11c5a430e7807" :ROW-IDENTITY #37="597cb065dfe622276f93b8322a5efef724339372cbb1266e76d7b48004bf77bd") #S(SEMANTIC-GENERATED-REGISTRY-ROW-V1 :REGISTRY-KIND :IMPORT-REGISTRY-V1 :PAYLOAD (:IMMEDIATE-CHILD-REF #2# :ORIGIN-CHILD-REF #2# :ORIGIN-REGISTRY-ROW-REF #38="30ca50b613673714da539d0f799a880ee1044b24da77fd95f27aa657adbb0d2e" :PROJECTION-LAW-REF :SEMANTIC-CHILD-IMPORT-PROMOTION-V1 :PROJECTION-WITNESS-REF "236559d44f0ecabc8add93ee9d6605b14788d03f74a64e3e4a5ffd4f76a47c73" :IMPORT-KEY # ...) :GENERATOR-REF #35# :GENERATION-LAW-REF #36# :INPUT-ROW-REFS (#1# #38#) :ORIGIN-BUNDLE-REFS (#4#) :ORIGIN-CHILD-BUNDLE-REFS (#2#) :GENERATION-WITNESS-REF "e178f087ae0d6c6f49c2a8cdac41be0f93498f943b819a2bf88640252282e6b2" :ROW-IDENTITY #39="7d8dd49d94e8fe9737e281821bafbf083e4d4c58d7c74d44ad4f3a6968244b9a") #S(SEMANTIC-GENERATED-REGISTRY-ROW-V1 :REGISTRY-KIND :IMPORT-REGISTRY-V1 :PAYLOAD (:IMMEDIATE-CHILD-REF #2# :ORIGIN-CHILD-REF #2# :ORIGIN-REGISTRY-ROW-REF #40="e3960c5ee9b9af0829cbf609efd618b90566ceef9c63051e0968f2be29092c59" :PROJECTION-LAW-REF :SEMANTIC-CHILD-IMPORT-PROMOTION-V1 :PROJECTION-WITNESS-REF "b909513deddce1a47bcfa23a5044c0643c4906167f843ab7a97fb513d365a906" :IMPORT-KEY # ...) :GENERATOR-REF #35# :GENERATION-LAW-REF #36# :INPUT-ROW-REFS (#1# #40#) :ORIGIN-BUNDLE-REFS (#4#) :ORIGIN-CHILD-BUNDLE-REFS (#2#) :GENERATION-WITNESS-REF "f5674edd99cebd6c662663a380c1e42b57fe6c6ee7caa2f9b12be6da6b41bd6c" :ROW-IDENTITY #41="97baa3831becde5b2fba8bbb2bea26f6a7b6a8c3aed76c4454dde840e63a5a59") #S(SEMANTIC-GENERATED-REGISTRY-ROW-V1 :REGISTRY-KIND :IMPORT-REGISTRY-V1 :PAYLOAD (:IMMEDIATE-CHILD-REF #2# :ORIGIN-CHILD-REF #2# :ORIGIN-REGISTRY-ROW-REF #42="ffe1aec3397d86007568f1f725f99a7333d4e54b2c7f2ad7c243979fc029ffff" :PROJECTION-LAW-REF :SEMANTIC-CHILD-IMPORT-PROMOTION-V1 :PROJECTION-WITNESS-REF "063f123ad423dd088d4083e3c23ac27d9fa81e4a367a04b4b971a6f4eba514d0" :IMPORT-KEY # ...) :GENERATOR-REF #35# :GENERATION-LAW-REF #36# :INPUT-ROW-REFS (#1# #42#) :ORIGIN-BUNDLE-REFS (#4#) :ORIGIN-CHILD-BUNDLE-REFS (#2#) :GENERATION-WITNESS-REF "c8f325efb4f8f0d48fafd89a17b8a509bb6128b007446fe894515a25ab8835f2" :ROW-IDENTITY #43="fcb6496dd4530ca687f112f6809a50b00b7650a67f56f6af73e4a54f7e2753e7")) :ROW-REFS (#37# #39# #41# #43#) :ROW-COUNT 4 :REGISTRY-DIGEST "03a4a0572babc9c2d0dcbfb2ec9d7fa594966bb745243f0b4dfdca0143adb598" :GENERATION-LAW-REF #36# :REGISTRY-ROOT-IDENTITY "a84dc32eec48176be64ddb8fac588e002888ae354bbe2280e1d60498df724a2e") :DEPENDENCY-REGISTRY-REF #S(SEMANTIC-REGISTRY-ROOT-V1 :REGISTRY-KIND :DEPENDENCY-REGISTRY-V1 :SCHEMA-VERSION 1 :ROWS (#S(SEMANTIC-GENERATED-REGISTRY-ROW-V1 :REGISTRY-KIND :DEPENDENCY-REGISTRY-V1 :PAYLOAD (:RELATION-REF #44="9bcbf5f1bda50a284f30dc9e4de9edc1cba339cf3e7e6f5b7bf6fe1430a77e78" :RELATION-KIND :CALL :PARTICIPANT-REFS #) :GENERATOR-REF #45="2122318019af0fb6cc905de3dd6ee1f3f784bdb1612635bbc501e168e522b1a2" :GENERATION-LAW-REF #46=(:SEMANTIC-BUNDLE-GENERATION-LAW-V1 :DEPENDENCY-REGISTRY-V1) :INPUT-ROW-REFS (#47="533934fc11a124b218ae4cae0f97ede972d8713309fac17c6c06ed4b00262d55" #44# #48="9da126e551b78237085405d57519ff08563febda6c70b3eb02fc51c3a947b64b") :ORIGIN-BUNDLE-REFS (#4#) :ORIGIN-CHILD-BUNDLE-REFS NIL :GENERATION-WITNESS-REF "f48527a4856e6ca41d060906524a0201ab7f49ca5e15860fc2cdf795ed05ea4b" :ROW-IDENTITY #49="0736d6cb84fc6951f31271be0b8edf9a41fb91cd943b05c742c473520a031e1f") #S(SEMANTIC-GENERATED-REGISTRY-ROW-V1 :REGISTRY-KIND :DEPENDENCY-REGISTRY-V1 :PAYLOAD (:RELATION-REF #50="1f08523e755d87ff151f7d50cac1d77089a807ffa81a673763a8439c863c9cb8" :RELATION-KIND :CALL :PARTICIPANT-REFS #) :GENERATOR-REF #45# :GENERATION-LAW-REF #46# :INPUT-ROW-REFS (#50# #51="60365310cc3ce37871a7969fb55f15f54409b01d08ff830b2708e51673430d48" #52="f3e51cb5015771b469498b76a4c9337c85d8e917799d57aa4728291a3698a0c1") :ORIGIN-BUNDLE-REFS (#4#) :ORIGIN-CHILD-BUNDLE-REFS NIL :GENERATION-WITNESS-REF "f9a3c1302697359315c8eaa968b97184c06a2ec283e4da432dac047501708bbf" :ROW-IDENTITY #53="0f9ba49bc5c71965f818ad527c4db5f4e25357dc56db62a429e3b07443df160b") #S(SEMANTIC-GENERATED-REGISTRY-ROW-V1 :REGISTRY-KIND :DEPENDENCY-REGISTRY-V1 :PAYLOAD (:RELATION-REF #54="025b4006864766d522a27e6f026f6d9577c8970388d42ee472c3bd541d40f3f9" :RELATION-KIND :REFINEMENT :PARTICIPANT-REFS #) :GENERATOR-REF #45# :GENERATION-LAW-REF #46# :INPUT-ROW-REFS (#54# "1f78d53edf4fac1f4bf3e4c00616eea99fff71be025ab982f9bda8c8fc410f03" "289579f3a68caecf0f22e611befd434f0cf2566828fe38263f709254e0f1a5e8") :ORIGIN-BUNDLE-REFS (#4#) :ORIGIN-CHILD-BUNDLE-REFS NIL :GENERATION-WITNESS-REF "ff5357850826cf0a84670bcad9a2b2b327ec6065dc95e7e5ac18865d27814661" :ROW-IDENTITY #55="188ce5929e4193ec78b7a372f404e13d6f8fe841b27326a8aeb398776805997f") #S(SEMANTIC-GENERATED-REGISTRY-ROW-V1 :REGISTRY-KIND :DEPENDENCY-REGISTRY-V1 :PAYLOAD (:RELATION-REF #56="60f716b6dc15cfe5586942742d58ca7484314d1baf981b68e20fe05a8eca76ab" :RELATION-KIND :CALL :PARTICIPANT-REFS #) :GENERATOR-REF #45# :GENERATION-LAW-REF #46# :INPUT-ROW-REFS ("2d5c9ec8f637497ac96451b606a1179c1ec07df1b1ea19c80cbe03955b3cba6a" #56# "74779777ed948a628dc58c459150b2bd958d9d6a6dab2b249414e45d55e6cb87") :ORIGIN-BUNDLE-REFS (#4#) :ORIGIN-CHILD-BUNDLE-REFS NIL :GENERATION-WITNESS-REF "217b783d67df268a6e86ceadfbeeef107938ba59c7de2722bef12371ff0fa54d" :ROW-IDENTITY #57="1faddf346e78833b5b5dde20279d249169ad2689b98b2272f47d935bffe57963") #S(SEMANTIC-GENERATED-REGISTRY-ROW-V1 :REGISTRY-KIND :DEPENDENCY-REGISTRY-V1 :PAYLOAD (:RELATION-REF #58="1cbe7eb059022dae6580c24b5bd49cac6e750078263d0bc45b8b85dcc26c5126" :RELATION-KIND :CALL :PARTICIPANT-REFS #) :GENERATOR-REF #45# :GENERATION-LAW-REF #46# :INPUT-ROW-REFS (#58# "75db1cf1d52ce07737982824ad525f3ad94c2d33bd6f188248e0ebc7fed22102" "c00b327f6513c621d33b92a925306ab871651960619b2f42eb2b070d8ab62207") :ORIGIN-BUNDLE-REFS (#4#) :ORIGIN-CHILD-BUNDLE-REFS NIL :GENERATION-WITNESS-REF "bff19fde2cab9f2d362a6742bd5b6a98fe44f2a11041bd676cc673926485a463" :ROW-IDENTITY #59="27a344145fbb00f86ab0e1ebf50c1b949f465ae4f2bc80f091848cafb982b3bc") #S(SEMANTIC-GENERATED-REGISTRY-ROW-V1 :REGISTRY-KIND :DEPENDENCY-REGISTRY-V1 :PAYLOAD (:RELATION-REF #60="5c4421e5d96b65814743542fab0f70125a2fe84674bddf29229a2f5b803f1f29" :RELATION-KIND :CALL :PARTICIPANT-REFS #) :GENERATOR-REF #45# :GENERATION-LAW-REF #46# :INPUT-ROW-REFS (#60# #61="b6668992f4393cd8845ada6860b07d55b5b53aeb89a03370c59d1187205c6ac1" #62="c0d8840dc33e722edb4f3d452e2d597f4e22dd770d9830e6add18d99a5f055a0") :ORIGIN-BUNDLE-REFS (#4#) :ORIGIN-CHILD-BUNDLE-REFS NIL :GENERATION-WITNESS-REF "cd4180437286e80c6ea9a52e8fa9c909c7169cd1d9e6f73a151b8acc40a549bf" :ROW-IDENTITY #63="31e00fcb46c8391a55e2384f236a48c303f8fd77b8603d17b46a663097db139d") #S(SEMANTIC-GENERATED-REGISTRY-ROW-V1 :REGISTRY-KIND :DEPENDENCY-REGISTRY-V1 :PAYLOAD (:RELATION-REF #64="38c3104062a96384fce16fe342c162c950cd44e31e2e74b8f686acd9510215e0" :RELATION-KIND :CALL :PARTICIPANT-REFS #) :GENERATOR-REF #45# :GENERATION-LAW-REF #46# :INPUT-ROW-REFS ("2dc1bc410adc5025ef27cfc6b859f447595eed2407ed87481d1d2cb61aa88c50" #64# "f28787f4559ca85798036ef6b2af8bab02ec8d5c4934a114abc42f1ce7a1f410") :ORIGIN-BUNDLE-REFS (#4#) :ORIGIN-CHILD-BUNDLE-REFS NIL :GENERATION-WITNESS-REF "48a3a77f9221b5f605972e46233f18b27e1ae20d8ef376aaafa62ffd2562671a" :ROW-IDENTITY #65="3b134751bb6e93f1b1e480bd32c5f31adf66e7482206aa850fd7d22c31c0ef8a") #S(SEMANTIC-GENERATED-REGISTRY-ROW-V1 :REGISTRY-KIND :DEPENDENCY-REGISTRY-V1 :PAYLOAD (:RELATION-REF #66="18800c547a5fd3d97bf78dd07a8fc9938b7783dbdedb3262d54f0de31bb62d01" :RELATION-KIND :CALL :PARTICIPANT-REFS #) :GENERATOR-REF #45# :GENERATION-LAW-REF #46# :INPUT-ROW-REFS (#66# "229113310844127d4abdf5e0f0ff92793f844e90fbcb10637760918838460a9e" "f1f5da48ee48941e70a5471f721eaea155cf39d4f645cee0458af52302307afa") :ORIGIN-BUNDLE-REFS (#4#) :ORIGIN-CHILD-BUNDLE-REFS NIL :GENERATION-WITNESS-REF "0a2e4603f22bbb2f2495996dc84d5af6cd0e3f81d59c36c77e5aec4cc458e37a" :ROW-IDENTITY #67="407a51e301444719e3c498cd135d1868cc590e337306f467cdf9adbfe0f635de") #S(SEMANTIC-GENERATED-REGISTRY-ROW-V1 :REGISTRY-KIND :DEPENDENCY-REGISTRY-V1 :PAYLOAD (:RELATION-REF #68="a313270bfad41f519e428e942498bd8680be587c713472ebf5adaaf4a27114b6" :RELATION-KIND :CALL :PARTICIPANT-REFS #) :GENERATOR-REF #45# :GENERATION-LAW-REF #46# :INPUT-ROW-REFS (#68# #69="caf366162517c2420edacb212978481dccaf056d57030420b3b47b6014ef8943" #70="e3748e416be9c0af371800a76e63207dcba9d22d08eb73f98390180506577054") :ORIGIN-BUNDLE-REFS (#4#) :ORIGIN-CHILD-BUNDLE-REFS NIL :GENERATION-WITNESS-REF "dc17186aa307bc40f77aa2dab7f8879009569444d99ccb866367ece6c95e724d" :ROW-IDENTITY #71="458c23c5e8a1176f14ec9c9ea7743d614fb8c80cfe1581f063ba89d025738211") #S(SEMANTIC-GENERATED-REGISTRY-ROW-V1 :REGISTRY-KIND :DEPENDENCY-REGISTRY-V1 :PAYLOAD (:RELATION-REF #72="c1918da98b2fd5dec06516b9db78c0d319eb821c564d537a5c1d36aff51ecf04" :RELATION-KIND :CALL :PARTICIPANT-REFS #) :GENERATOR-REF #45# :GENERATION-LAW-REF #46# :INPUT-ROW-REFS (#73="8ab04ea2a40a9eab7d60cb8bce23961f2f90a351f9587a164bf50815ad32bdc6" #72# #74="d1193c460104733955a9663c3b43ab9f0e7b7088633d899e787559001a4cd466") :ORIGIN-BUNDLE-REFS (#4#) :ORIGIN-CHILD-BUNDLE-REFS NIL :GENERATION-WITNESS-REF "eeb710d300e75751eb572ef8247808884c8cfe3ee8bba4caf06fa7e110dcec60" :ROW-IDENTITY #75="4e910ee978ac738e284264e5024fa0288aafa8733364d125bf4eb720c356543b") #S(SEMANTIC-GENERATED-REGISTRY-ROW-V1 :REGISTRY-KIND :DEPENDENCY-REGISTRY-V1 :PAYLOAD (:RELATION-REF #76="b2d5b074a1fdd37ac371551e26f108ac9b09c60bba06b324b61e30817f8b7448" :RELATION-KIND :CALL :PARTICIPANT-REFS #) :GENERATOR-REF #45# :GENERATION-LAW-REF #46# :INPUT-ROW-REFS (#77="a5c4e3ebefe37ce0af0e65d8feb348b60c8a9485cbfe5bc9e16a8da42b10a1a4" #76# #78="f0d3cac795c7bbef7d67e35950214fa06413d5e0a346de43ad6118d6feca50ee") :ORIGIN-BUNDLE-REFS (#4#) :ORIGIN-CHILD-BUNDLE-REFS NIL :GENERATION-WITNESS-REF "b867540ffcfa9a69d76d9e5f1db459ca0bf9b893897fd024ac55ec4be0133f26" :ROW-IDENTITY #79="5d2139505b9eb29b3d4226ae8a45140ae7415e2b34b406206a5248989bc5ba31") #S(SEMANTIC-GENERATED-REGISTRY-ROW-V1 :REGISTRY-KIND :DEPENDENCY-REGISTRY-V1 :PAYLOAD (:RELATION-REF #80="a502c04dcfa4b1b2e67eb9291e54aecf5545a00bcd3380efa428636da16a483b" :RELATION-KIND :REFINEMENT :PARTICIPANT-REFS #) :GENERATOR-REF #45# :GENERATION-LAW-REF #46# :INPUT-ROW-REFS ("5d39af24c4339ba43e3d42283b9d08c714997e4e26767677255410820f517f44" #80# "f316fc7b76478576bdfff992afa531609ae0f818da4a44e0ebe4b5268a9a8b45") :ORIGIN-BUNDLE-REFS (#4#) :ORIGIN-CHILD-BUNDLE-REFS NIL :GENERATION-WITNESS-REF "7f4cf6217490f50e7446d7437626aa4b3c37362aedf6f97870d13124510f5c73" :ROW-IDENTITY #81="5e1c53626dfe56de9039c3fb548c19e1090711922ae6dc82637c8f69f0ed551d") ...) :ROW-REFS (#49# #53# #55# #57# #59# #63# #65# #67# #71# #75# #79# #81# ...) :ROW-COUNT 25 :REGISTRY-DIGEST "7ccf1909c7526b88a10b7112f7e657f7e022153af6785214928d44469222af65" :GENERATION-LAW-REF #46# :REGISTRY-ROOT-IDENTITY "db33c830286f085a55411dd9939f7a8e6a781e43d434144f71e8c20e40855a3d") :FORMAL-BINDING-REGISTRY-REF #S(SEMANTIC-REGISTRY-ROOT-V1 :REGISTRY-KIND :FORMAL-BINDING-REGISTRY-V1 :SCHEMA-VERSION 1 :ROWS NIL :ROW-REFS NIL :ROW-COUNT 0 :REGISTRY-DIGEST "86235b62754819e9b7c4081e7342d1571b946033ff6bd504388de7dedd834af9" :GENERATION-LAW-REF (:SEMANTIC-BUNDLE-EMPTY-GENERATED-REGISTRY-V1 :FORMAL-BINDING-REGISTRY-V1) :REGISTRY-ROOT-IDENTITY "67ea6420c44015b1e8261f7bb565b65787eeb0483a363f08de7adf256e964b38") :EVIDENCE-REGISTRY-REF #S(SEMANTIC-REGISTRY-ROOT-V1 :REGISTRY-KIND :EVIDENCE-REGISTRY-V1 :SCHEMA-VERSION 1 :ROWS NIL :ROW-REFS NIL :ROW-COUNT 0 :REGISTRY-DIGEST "ba594eda3d6d8c181981c9249fd1791098e36d237b7d4617a6038f4ded15ba41" :GENERATION-LAW-REF (:SEMANTIC-BUNDLE-EMPTY-GENERATED-REGISTRY-V1 :EVIDENCE-REGISTRY-V1) :REGISTRY-ROOT-IDENTITY "3f235488aa8bba18ae99eb63c26608a75ed33533506a53788ba79118bd6c48b8") :REALIZATION-REGISTRY-REF #S(SEMANTIC-REGISTRY-ROOT-V1 :REGISTRY-KIND :REALIZATION-REGISTRY-V1 :SCHEMA-VERSION 1 :ROWS NIL :ROW-REFS NIL :ROW-COUNT 0 :REGISTRY-DIGEST "c2b11502238f0d5dd84858b924de9cd5b8a785da84987a92f7ea5e486d8228d1" :GENERATION-LAW-REF (:SEMANTIC-BUNDLE-EMPTY-GENERATED-REGISTRY-V1 :REALIZATION-REGISTRY-V1) :REGISTRY-ROOT-IDENTITY "c128b335fe5cc875a66221b4a7e22ddeda32d96b0c393d5398b85969b59cf08e") :ARTIFACT-LINKAGE-REGISTRY-REF #S(SEMANTIC-REGISTRY-ROOT-V1 :REGISTRY-KIND :ARTIFACT-LINKAGE-REGISTRY-V1 :SCHEMA-VERSION 1 :ROWS NIL :ROW-REFS NIL :ROW-COUNT 0 :REGISTRY-DIGEST "9d52523ec009dfa07158e269763d4f4bc58bce02f524cc990013a7e97cf6ac15" :GENERATION-LAW-REF (:SEMANTIC-BUNDLE-EMPTY-GENERATED-REGISTRY-V1 :ARTIFACT-LINKAGE-REGISTRY-V1) :REGISTRY-ROOT-IDENTITY "ac95d9db36ee25a81d3509bd0a15ad3f3f2cd94cd181849a70d5ed99ed8b2e74") :ROUTE-REGISTRY-REF #S(SEMANTIC-REGISTRY-ROOT-V1 :REGISTRY-KIND :ROUTE-REGISTRY-V1 :SCHEMA-VERSION 1 :ROWS (#S(SEMANTIC-GENERATED-REGISTRY-ROW-V1 :REGISTRY-KIND :ROUTE-REGISTRY-V1 :PAYLOAD (:PROFILE :RELATION-INCIDENCES-V1 :RELATION-REF #82="8a284fe64aea81e3f582c336f5aad7f0c0c94c1a1cdab3bdd4b809de5d1d4cc6" :CONSTITUTION #83="ebf3498d84178fbaf1af14261cdf5742259e66bb9f7dc2863446c267d4309f70" :ENDPOINTS # :EXECUTION :UNBOUND :AUTHORITY :SYMBOLIC-ONLY) :GENERATOR-REF #84="b65bb258d4bfca0551072194605fe01879a578550f75fa8a955a959f3f346e63" :GENERATION-LAW-REF #85=(:SEMANTIC-BUNDLE-GENERATION-LAW-V1 :ROUTE-REGISTRY-V1) :INPUT-ROW-REFS ("0314cdf09bf0aa99775bad3a55ea4d438f9a1350ff5d92e8a02836911c85bbc1" "0f711a463da8baa81e7e80ae0b3fef9a13c08ce1370c94dc6197a8a1c9bfdc79" #82#) :ORIGIN-BUNDLE-REFS (#4#) :ORIGIN-CHILD-BUNDLE-REFS NIL :GENERATION-WITNESS-REF "c72a3cc89d0fa4ab9abde9574de52c6b81c96f83b8f13f7918c8e20518ca7084" :ROW-IDENTITY #86="265930f7fb066cf5ac59629b9df003886b8849e51e957aa9a844639ad40cea0c") #S(SEMANTIC-GENERATED-REGISTRY-ROW-V1 :REGISTRY-KIND :ROUTE-REGISTRY-V1 :PAYLOAD (:PROFILE :RELATION-INCIDENCES-V1 :RELATION-REF #87="3ef0382cced73c9529e77eda8992bb555531e5c9f9a4a05ba33d7a909890b0b8" :CONSTITUTION #83# :ENDPOINTS # :EXECUTION :UNBOUND :AUTHORITY :SYMBOLIC-ONLY) :GENERATOR-REF #84# :GENERATION-LAW-REF #85# :INPUT-ROW-REFS (#87# "c78eec82e5d6ee84f4682961a282e0b623d17804c756c1cadd739ef5d72d540d" "e5d3b9b6dfdb81dfd1a6effd20e1a1e32d2479cf9e2f70b8fc156fa3775efdc4") :ORIGIN-BUNDLE-REFS (#4#) :ORIGIN-CHILD-BUNDLE-REFS NIL :GENERATION-WITNESS-REF "f4d08b220ddb65927e9f98b167e972f6f8a4db97a999c466cb522e8e3543a869" :ROW-IDENTITY #88="27e29f0245c728f2ab66162d970392c2cfbba935c827dc0f11f2273f50c6810c") #S(SEMANTIC-GENERATED-REGISTRY-ROW-V1 :REGISTRY-KIND :ROUTE-REGISTRY-V1 :PAYLOAD (:PROFILE :RELATION-INCIDENCES-V1 :RELATION-REF #72# :CONSTITUTION #83# :ENDPOINTS # :EXECUTION :UNBOUND :AUTHORITY :SYMBOLIC-ONLY) :GENERATOR-REF #84# :GENERATION-LAW-REF #85# :INPUT-ROW-REFS (#73# #72# #74#) :ORIGIN-BUNDLE-REFS (#4#) :ORIGIN-CHILD-BUNDLE-REFS NIL :GENERATION-WITNESS-REF "4450c7cd1118c1dfcfa6b64c7e5412e32a30fe330d2287ec1b033dc227e89c68" :ROW-IDENTITY #89="3bceff45be26dd14b33e7da2592cdf7c0b72a299fac64d5b142616a98065485d") #S(SEMANTIC-GENERATED-REGISTRY-ROW-V1 :REGISTRY-KIND :ROUTE-REGISTRY-V1 :PAYLOAD (:PROFILE :RELATION-INCIDENCES-V1 :RELATION-REF #50# :CONSTITUTION #83# :ENDPOINTS # :EXECUTION :UNBOUND :AUTHORITY :SYMBOLIC-ONLY) :GENERATOR-REF #84# :GENERATION-LAW-REF #85# :INPUT-ROW-REFS (#50# #51# #52#) :ORIGIN-BUNDLE-REFS (#4#) :ORIGIN-CHILD-BUNDLE-REFS NIL :GENERATION-WITNESS-REF "0feb7d7ae85383af9be6d58e58dc92eec9096ab52daf2c215a3c69db058b9474" :ROW-IDENTITY #90="3fcc147faacd90047551b2a6004bba1aedf98e1ce73bc2105d4fb4cdbe23bdc7") #S(SEMANTIC-GENERATED-REGISTRY-ROW-V1 :REGISTRY-KIND :ROUTE-REGISTRY-V1 :PAYLOAD (:PROFILE :RELATION-INCIDENCES-V1 :RELATION-REF #44# :CONSTITUTION #83# :ENDPOINTS # :EXECUTION :UNBOUND :AUTHORITY :SYMBOLIC-ONLY) :GENERATOR-REF #84# :GENERATION-LAW-REF #85# :INPUT-ROW-REFS (#47# #44# #48#) :ORIGIN-BUNDLE-REFS (#4#) :ORIGIN-CHILD-BUNDLE-REFS NIL :GENERATION-WITNESS-REF "5af6c6c6097abf89f3b1f8623dd0e01fe60402ce494534a146c6e8ece33050e7" :ROW-IDENTITY #91="4c500e3c5c98e3dc75ab731ad2ee42a826dacbd3c744940d5da00f257840636e") #S(SEMANTIC-GENERATED-REGISTRY-ROW-V1 :REGISTRY-KIND :ROUTE-REGISTRY-V1 :PAYLOAD (:PROFILE :RELATION-INCIDENCES-V1 :RELATION-REF #60# :CONSTITUTION #83# :ENDPOINTS # :EXECUTION :UNBOUND :AUTHORITY :SYMBOLIC-ONLY) :GENERATOR-REF #84# :GENERATION-LAW-REF #85# :INPUT-ROW-REFS (#60# #61# #62#) :ORIGIN-BUNDLE-REFS (#4#) :ORIGIN-CHILD-BUNDLE-REFS NIL :GENERATION-WITNESS-REF "b59686b72462c40a9feceeebd920e70feeb9526f4bd648b97ed5d3dca7da8e2a" :ROW-IDENTITY #92="615b7bc509c8d825a3daa632e67953cedc6556f4ee5b2862b60852b0ae4e3091") #S(SEMANTIC-GENERATED-REGISTRY-ROW-V1 :REGISTRY-KIND :ROUTE-REGISTRY-V1 :PAYLOAD (:PROFILE :RELATION-INCIDENCES-V1 :RELATION-REF #93="9ddeffd7c8c3951161d5ed92c05f7bbe1029fefc3381ed0cd45aec1c79e96140" :CONSTITUTION #83# :ENDPOINTS # :EXECUTION :UNBOUND :AUTHORITY :SYMBOLIC-ONLY) :GENERATOR-REF #84# :GENERATION-LAW-REF #85# :INPUT-ROW-REFS ("96cabc21d8e8e141f2a8e030abf855a4df5198aac8c86a914c12c3c27bf03d15" #93# "d25f52904aaaef4b32214f789c18b21b989aad1e9eeaecdb52a1abd3d95153ed") :ORIGIN-BUNDLE-REFS (#4#) :ORIGIN-CHILD-BUNDLE-REFS NIL :GENERATION-WITNESS-REF "02a3cc4c8d67b13fee538ac0aa6319d7d5bee5199d2f3dd5cf598e261e881785" :ROW-IDENTITY #94="6452bbffb099b760db309fe3ce55136f7f7d1cbea8ba0740be70e795c547098f") #S(SEMANTIC-GENERATED-REGISTRY-ROW-V1 :REGISTRY-KIND :ROUTE-REGISTRY-V1 :PAYLOAD (:PROFILE :RELATION-INCIDENCES-V1 :RELATION-REF #95="9f33b2283cdd13ac06f14d9e012faa04a5e1f3355b2329898cc87443353b45e3" :CONSTITUTION #83# :ENDPOINTS # :EXECUTION :UNBOUND :AUTHORITY :SYMBOLIC-ONLY) :GENERATOR-REF #84# :GENERATION-LAW-REF #85# :INPUT-ROW-REFS ("47ae870d388396a3d2a69fc7765f58b4e21d3099fdac390800366716e138d798" #95# "eeefc8dfb05c6fd6cf875ab1e475d79da8d45b887e093babe84aabb9f328d302") :ORIGIN-BUNDLE-REFS (#4#) :ORIGIN-CHILD-BUNDLE-REFS NIL :GENERATION-WITNESS-REF "d7dc0f803b1a7f95f2742cfd78dd0d4bb949abafaeeb814754713e52d41fb2ca" :ROW-IDENTITY #96="760b6e4a41c129eda18ae711461556df5a152ef32b766974336cf8eaffe0da42") #S(SEMANTIC-GENERATED-REGISTRY-ROW-V1 :REGISTRY-KIND :ROUTE-REGISTRY-V1 :PAYLOAD (:PROFILE :RELATION-INCIDENCES-V1 :RELATION-REF #76# :CONSTITUTION #83# :ENDPOINTS # :EXECUTION :UNBOUND :AUTHORITY :SYMBOLIC-ONLY) :GENERATOR-REF #84# :GENERATION-LAW-REF #85# :INPUT-ROW-REFS (#77# #76# #78#) :ORIGIN-BUNDLE-REFS (#4#) :ORIGIN-CHILD-BUNDLE-REFS NIL :GENERATION-WITNESS-REF "765d6b2211ef21b2584f893d07708fba7e51e1062841c3403fc86f0dc5235910" :ROW-IDENTITY #97="7dad879cf208ae5de7d66c25244ae35df0a7b6cfd652fc7a56c9bc0b814835b5") #S(SEMANTIC-GENERATED-REGISTRY-ROW-V1 :REGISTRY-KIND :ROUTE-REGISTRY-V1 :PAYLOAD (:PROFILE :RELATION-INCIDENCES-V1 :RELATION-REF #98="adb94a15d8a5a0aa68ec7a61d489c5c75e727635e8ef1c05873970f1406cb407" :CONSTITUTION #83# :ENDPOINTS # :EXECUTION :UNBOUND :AUTHORITY :SYMBOLIC-ONLY) :GENERATOR-REF #84# :GENERATION-LAW-REF #85# :INPUT-ROW-REFS ("000eee07256b90f4d00e24bd1ead978933438a07eff1688bc89d3004a93f52a2" "37dceaf3c409acb106924f7fdb8344a235d6920a0b5dad20b0b7cf6c2a976498" #98#) :ORIGIN-BUNDLE-REFS (#4#) :ORIGIN-CHILD-BUNDLE-REFS NIL :GENERATION-WITNESS-REF "6bb1061b9df6ff612f1d84d02d4f58570132509a9db0abc4761f654794e36612" :ROW-IDENTITY #99="84dfd7ae1d46333a34e4c21775ad6c0009a0fbe95bdf386411cabb01b4bb136c") #S(SEMANTIC-GENERATED-REGISTRY-ROW-V1 :REGISTRY-KIND :ROUTE-REGISTRY-V1 :PAYLOAD (:PROFILE :RELATION-INCIDENCES-V1 :RELATION-REF #100="87e5f25232c4cc2874b6e923015bc6c8e742d0ecc0eff0e358f6fc60ee91052e" :CONSTITUTION #83# :ENDPOINTS # :EXECUTION :UNBOUND :AUTHORITY :SYMBOLIC-ONLY) :GENERATOR-REF #84# :GENERATION-LAW-REF #85# :INPUT-ROW-REFS ("7c839c0683ec5cf2680424f68bf55234721b4e486a71903325c926c19a2957cb" #100# "c891cd46fddb3b53c55b4d7f51345c1bd24edf34e150799b922fcbec438164b0") :ORIGIN-BUNDLE-REFS (#4#) :ORIGIN-CHILD-BUNDLE-REFS NIL :GENERATION-WITNESS-REF "9fa051112014d6392758aeb302561cbc9c9dd23a27dbdb105170c3ad9cd0bc1f" :ROW-IDENTITY #101="8ab9c6a9a835ae687ffb706d95bfa511653835644c46f127f362d5c0c9d960b4") #S(SEMANTIC-GENERATED-REGISTRY-ROW-V1 :REGISTRY-KIND :ROUTE-REGISTRY-V1 :PAYLOAD (:PROFILE :RELATION-INCIDENCES-V1 :RELATION-REF #68# :CONSTITUTION #83# :ENDPOINTS # :EXECUTION :UNBOUND :AUTHORITY :SYMBOLIC-ONLY) :GENERATOR-REF #84# :GENERATION-LAW-REF #85# :INPUT-ROW-REFS (#68# #69# #70#) :ORIGIN-BUNDLE-REFS (#4#) :ORIGIN-CHILD-BUNDLE-REFS NIL :GENERATION-WITNESS-REF "8ee27712eed8d25bfff407e811c6fa1b7bdbedbc7b2008595a9df57bf2cabb9e" :ROW-IDENTITY #102="9570ab18667148a29820ac385d22287f1689729140e7a390a69dfe8923bea532") ...) :ROW-REFS (#86# #88# #89# #90# #91# #92# #94# #96# #97# #99# #101# #102# ...) :ROW-COUNT 25 :REGISTRY-DIGEST "268ab9f2b6f39f3dd8c8185f19b3947a4400d5c5a44149e8fab33d3d7984a071" :GENERATION-LAW-REF (:SEMANTIC-BUNDLE-ROUTE-REGISTRY-VERIFICATION-V1) :REGISTRY-ROOT-IDENTITY "0e7adcd9884b80a9c8cfa10a92c8f43965222dd559a614d40474f4502cc43503") :SATURATED-CODATA-REGISTRY-REF #S(SEMANTIC-REGISTRY-ROOT-V1 :REGISTRY-KIND :SATURATED-CODATA-REGISTRY-V1 :SCHEMA-VERSION 1 :ROWS NIL :ROW-REFS NIL :ROW-COUNT 0 :REGISTRY-DIGEST "6f3ddce981276ed17751491377efea06653647711101cde77b9300565492491e" :GENERATION-LAW-REF (:SEMANTIC-BUNDLE-EMPTY-GENERATED-REGISTRY-V1 :SATURATED-CODATA-REGISTRY-V1) :REGISTRY-ROOT-IDENTITY "dca73d99a3c78f8cb87d90d5f900d7ce53fcdf985b21d5244405c40894dcb098") :SEMANTIC-CONSEQUENCE-TRANSPORT-REGISTRY-REF #S(SEMANTIC-REGISTRY-ROOT-V1 :REGISTRY-KIND :SEMANTIC-CONSEQUENCE-TRANSPORT-REGISTRY-V1 :SCHEMA-VERSION 1 :ROWS NIL :ROW-REFS NIL :ROW-COUNT 0 :REGISTRY-DIGEST "88550f49781c879a657daea01b223c04f854fb59a2eca140fef80077d05c69fd" :GENERATION-LAW-REF (:SEMANTIC-BUNDLE-EMPTY-GENERATED-REGISTRY-V1 :SEMANTIC-CONSEQUENCE-TRANSPORT-REGISTRY-V1) :REGISTRY-ROOT-IDENTITY "943bf24cbe9680fadfa99fa7dc38009fdde31661e341a489aa696e680ba483ce") :GENERATED-REGISTRY-SET-IDENTITY "8db59bfac5cf5914cbc959432ab3c41b14f2daab3dc26328444f86e55ee983f2") #S(SEMANTIC-BUNDLE-ROW-ADDRESS-V1 :DOMAIN :SEMANTIC :BUNDLE-OCCURRENCE-PATH #S(SEMANTIC-SCOPE-PATH-V1 :SEGMENT-TOKENS (#1="vm" #2="generation-0") :SCOPE-IDENTITY "9634a9281dec1e6dfefb29f09d26b67d7020966267df6f4033aa222866d75a9a") :BUNDLE-SNAPSHOT-REF "a69db5f1c1476deb9417fb600bcf0944868f43dfe38123469d89e9fd4c291688" :REGISTRY-KIND :MEMBER-REGISTRY-V1 :ROW-REF #3="9048b02460f88a34eea56178c0dc3226eda0dd40f85c0c8649dc5bf0ce054700" :FACET-REF NIL :LINEAGE-REF #S(CONSTRUCTION-LINEAGE-REF-V1 :LINEAGE-KEY (:BUNDLE-PATH (#1# #2#) :REGISTRY-KIND :MEMBER-REGISTRY-V1 :ROW-REF #3#) :PREDECESSOR-REF NIL :LINEAGE-IDENTITY "0c41fb4e6510fbe906914ee66ad65905ac0aa235646f4d3d059c7c612ad433dc") :ADDRESS-IDENTITY "b2f52fee24cbfc712cc8dfd709336342ed4d80302fce0d85c25f53a95348dcde") #S(SEMANTIC-BUNDLE-CLOSURE-V1 :BUNDLE-PRECLOSURE-REF #1="6e8c8eb87ae821c4ee0629ac20ec901afa66da0b073e9c2eeba5b207b94b8149" :BASE-REGISTRY-SET-REF #2="bf2475babe48d948a3ae1198d370ee2b253477f3e29f18bbd0ab923eadfdfa1c" :GENERATED-REGISTRY-SET-REF #3="8db59bfac5cf5914cbc959432ab3c41b14f2daab3dc26328444f86e55ee983f2" :CHILD-CLOSURE-REFS ("fe4dcc413bc0cca1b3fe289491e45feb96c96f7eacc481a73f9d5ae6830f5ee9") :CLOSURE-LAW-SET-REF :SHG-VM-OPEN-STRUCTURAL-V1 :STRUCTURAL-VALIDATION-REF "138a52f249988f7c94fdc1f8bfd9fb7f2392e9621ecbc4594685adfbc2d946bd" :REGISTRY-GENERATION-WITNESS-REFS ("a1ba69aaa18d32c91c533c8bb78cbfa68f2900245aa930f2084b4e7a901dd269" "67ffa42324e20d10f09288dd404ef1b89a982db4acac1b767c6ff13fb137c5df" "a84dc32eec48176be64ddb8fac588e002888ae354bbe2280e1d60498df724a2e" "db33c830286f085a55411dd9939f7a8e6a781e43d434144f71e8c20e40855a3d") :UNRESOLVED-IMPORT-REFS ("597cb065dfe622276f93b8322a5efef724339372cbb1266e76d7b48004bf77bd" "7d8dd49d94e8fe9737e281821bafbf083e4d4c58d7c74d44ad4f3a6968244b9a" "97baa3831becde5b2fba8bbb2bea26f6a7b6a8c3aed76c4454dde840e63a5a59" "fcb6496dd4530ca687f112f6809a50b00b7650a67f56f6af73e4a54f7e2753e7") :MANDATORY-HOLE-REFS ("0ba0d6234d30444424f92d0a8ba311258d95fdb4461dccf068ccdccf2f4a97c2" "1603b9a22122fa33b86a8922e8e8cc0912550bc5b61eac9b814ff639f3153a22" "1ef831c91ac3a82a2a9152543f6479b0cb7dbaf884d6ea4e106d917d25521d4f" "21648166c70e9429d19860ac42d93a96e93dceaeb4348f76646a07e00c7e6adb" "290abb3af195932937682b55d26386842d9d508cb1a6d87c6a60631ed69c04f8" "2b312c080ba1e1d27e3027f49e20fb4812b921658924a0581c5d48227b9b562a" "44172be346133473c31b8cf564948ddb0bb634a68dca785747a9494c6e576faa" "4b03c1f5013a4f2b768f938a07b96da87d5c372cb52a928b8731dcc910a1950b" "6361f563f43a1b30aaa29e6b0e11de543619b91b35fb469d730f05168f956811" "9dd9986fe2e225cb8660e429ea1804e1a6620bc08f4eea9b6639a67a45d184d2" "a334a004e8a8cdfc23749133f82cceafb817a364a3b8b09c1e8fc8f86b723172" "c201dc254744e8368bfc129269642cd34dd686ddc056be3b01a5dfad719bff6e" ...) :CLOSURE-STATUS :PARTIAL :BUNDLE-SNAPSHOT-REF #S(SEMANTIC-BUNDLE-SNAPSHOT-REF-V1 :BUNDLE-REF #1# :BASE-REGISTRY-SET-REF #2# :GENERATED-REGISTRY-SET-REF #3# :CLOSURE-LAW-SET-REF :SHG-VM-OPEN-STRUCTURAL-V1 :SNAPSHOT-IDENTITY "a69db5f1c1476deb9417fb600bcf0944868f43dfe38123469d89e9fd4c291688") :CLOSURE-IDENTITY "92bd00dcc82e61add9cee25de250da3209392422e7be01654b294907cd369f9e"))
6: (RESOLVE-SEMANTIC-BUNDLE-ROW-ADDRESS-V1 #S(RECURSIVE-SEMANTIC-BUNDLE-V1 :BUNDLE-SCHEMA-VERSION 1 :BUNDLE-KIND :FUNCTION :SUBJECT-SEMANTIC-REF :VM-DECLARED-CALL-NETWORK-V1 :SURFACE-REF #1="febccdc59880aabca62c869be35516bdfe9000d5bd76d0c00243ef8de1de46ae" :PARENT-INDEPENDENT-REFINEMENT-REF NIL :BASE-REGISTRY-SET-REF #S(SEMANTIC-BUNDLE-BASE-REGISTRY-SET-V1 :MEMBER-REGISTRY-REF #S(SEMANTIC-REGISTRY-ROOT-V1 :REGISTRY-KIND :MEMBER-REGISTRY-V1 :SCHEMA-VERSION 1 :ROWS (#S(SEMANTIC-MEMBER-ROW-V1 :LOCAL-MEMBER-KEY # :MEMBER-KIND :CHILD-BUNDLE :SEMANTIC-REF # :SURFACE-REF "e02feb201855f509a01fa03c8ead740ea68d2f6f869da902a8e9ab3e45f9ccef" :REFINEMENT-REF "f70fc614bbc1c1cab17fd92392c3f6b0189f288d88b0027de8d7fccac2476b1e" :CHILD-BUNDLE-REF "fe4dcc413bc0cca1b3fe289491e45feb96c96f7eacc481a73f9d5ae6830f5ee9" :STATE-PROFILE-REF NIL :EFFECT-PROFILE-REF NIL :RESOURCE-PROFILE-REF NIL :AUTHORITY-PROFILE-REF NIL :FORMAL-STATE-REF "0edf134812f1622a4007c5d7fe74a8fb458e6ba36274cd5a776b50afc5f5aadd" :PROVENANCE-REF # ...) #S(SEMANTIC-MEMBER-ROW-V1 :LOCAL-MEMBER-KEY :CONTROL :MEMBER-KIND :OPERATION :SEMANTIC-REF # :SURFACE-REF #1# :REFINEMENT-REF NIL :CHILD-BUNDLE-REF NIL :STATE-PROFILE-REF NIL :EFFECT-PROFILE-REF #2="8d625050e0efa8d692e82de6f8fba72c30fd1e3c8208b417f1454ef60e879e3d" :RESOURCE-PROFILE-REF NIL :AUTHORITY-PROFILE-REF NIL :FORMAL-STATE-REF NIL :PROVENANCE-REF NIL ...) #S(SEMANTIC-MEMBER-ROW-V1 :LOCAL-MEMBER-KEY :STEP :MEMBER-KIND :OPERATION :SEMANTIC-REF # :SURFACE-REF #1# :REFINEMENT-REF NIL :CHILD-BUNDLE-REF NIL :STATE-PROFILE-REF NIL :EFFECT-PROFILE-REF #2# :RESOURCE-PROFILE-REF NIL :AUTHORITY-PROFILE-REF NIL :FORMAL-STATE-REF NIL :PROVENANCE-REF NIL ...) #S(SEMANTIC-MEMBER-ROW-V1 :LOCAL-MEMBER-KEY :EXECUTE :MEMBER-KIND :OPERATION :SEMANTIC-REF # :SURFACE-REF #1# :REFINEMENT-REF NIL :CHILD-BUNDLE-REF NIL :STATE-PROFILE-REF NIL :EFFECT-PROFILE-REF #2# :RESOURCE-PROFILE-REF NIL :AUTHORITY-PROFILE-REF NIL :FORMAL-STATE-REF NIL :PROVENANCE-REF NIL ...) #S(SEMANTIC-MEMBER-ROW-V1 :LOCAL-MEMBER-KEY :REGISTER-READ :MEMBER-KIND :OPERATION :SEMANTIC-REF # :SURFACE-REF #1# :REFINEMENT-REF NIL :CHILD-BUNDLE-REF NIL :STATE-PROFILE-REF NIL :EFFECT-PROFILE-REF #2# :RESOURCE-PROFILE-REF NIL :AUTHORITY-PROFILE-REF NIL :FORMAL-STATE-REF NIL :PROVENANCE-REF NIL ...) #S(SEMANTIC-MEMBER-ROW-V1 :LOCAL-MEMBER-KEY :FETCH :MEMBER-KIND :OPERATION :SEMANTIC-REF # :SURFACE-REF #1# :REFINEMENT-REF NIL :CHILD-BUNDLE-REF NIL :STATE-PROFILE-REF NIL :EFFECT-PROFILE-REF #2# :RESOURCE-PROFILE-REF NIL :AUTHORITY-PROFILE-REF NIL :FORMAL-STATE-REF NIL :PROVENANCE-REF NIL ...) #S(SEMANTIC-MEMBER-ROW-V1 :LOCAL-MEMBER-KEY :MEMORY-WRITE :MEMBER-KIND :OPERATION :SEMANTIC-REF # :SURFACE-REF #1# :REFINEMENT-REF NIL :CHILD-BUNDLE-REF NIL :STATE-PROFILE-REF NIL :EFFECT-PROFILE-REF #2# :RESOURCE-PROFILE-REF NIL :AUTHORITY-PROFILE-REF NIL :FORMAL-STATE-REF NIL :PROVENANCE-REF NIL ...) #S(SEMANTIC-MEMBER-ROW-V1 :LOCAL-MEMBER-KEY :DECODE :MEMBER-KIND :OPERATION :SEMANTIC-REF # :SURFACE-REF #1# :REFINEMENT-REF NIL :CHILD-BUNDLE-REF NIL :STATE-PROFILE-REF NIL :EFFECT-PROFILE-REF #2# :RESOURCE-PROFILE-REF NIL :AUTHORITY-PROFILE-REF NIL :FORMAL-STATE-REF NIL :PROVENANCE-REF NIL ...) #S(SEMANTIC-MEMBER-ROW-V1 :LOCAL-MEMBER-KEY :MEMORY-EXEC :MEMBER-KIND :OPERATION :SEMANTIC-REF # :SURFACE-REF #1# :REFINEMENT-REF NIL :CHILD-BUNDLE-REF NIL :STATE-PROFILE-REF NIL :EFFECT-PROFILE-REF #2# :RESOURCE-PROFILE-REF NIL :AUTHORITY-PROFILE-REF NIL :FORMAL-STATE-REF NIL :PROVENANCE-REF NIL ...) #S(SEMANTIC-MEMBER-ROW-V1 :LOCAL-MEMBER-KEY :FLAGS :MEMBER-KIND :OPERATION :SEMANTIC-REF # :SURFACE-REF #1# :REFINEMENT-REF NIL :CHILD-BUNDLE-REF NIL :STATE-PROFILE-REF NIL :EFFECT-PROFILE-REF #2# :RESOURCE-PROFILE-REF NIL :AUTHORITY-PROFILE-REF NIL :FORMAL-STATE-REF NIL :PROVENANCE-REF NIL ...) #S(SEMANTIC-MEMBER-ROW-V1 :LOCAL-MEMBER-KEY :RUN :MEMBER-KIND :OPERATION :SEMANTIC-REF # :SURFACE-REF #1# :REFINEMENT-REF NIL :CHILD-BUNDLE-REF NIL :STATE-PROFILE-REF NIL :EFFECT-PROFILE-REF #2# :RESOURCE-PROFILE-REF NIL :AUTHORITY-PROFILE-REF NIL :FORMAL-STATE-REF NIL :PROVENANCE-REF NIL ...) #S(SEMANTIC-MEMBER-ROW-V1 :LOCAL-MEMBER-KEY :REGISTER-WRITE :MEMBER-KIND :OPERATION :SEMANTIC-REF # :SURFACE-REF #1# :REFINEMENT-REF NIL :CHILD-BUNDLE-REF NIL :STATE-PROFILE-REF NIL :EFFECT-PROFILE-REF #2# :RESOURCE-PROFILE-REF NIL :AUTHORITY-PROFILE-REF NIL :FORMAL-STATE-REF NIL :PROVENANCE-REF NIL ...) ...) :ROW-REFS (#3="016d3840d3005a0cd6509958241a2ee528edd836d66e3dd4eaca78328e68c3ed" #4="09eb79116df6133643654d8f8a437d491c51788eda28bc12981bf31ce0ac423f" #5="3f1134180612c452272668c522be4c4f491c38c0c2a7c85e93a344cb74df084a" #6="4c74b0335861ef12c0341c94d9b933973a15000f05cc572170ee202bafc1bcd6" #7="51ef24b43a67332215d00fa5697f42025d086e7e23e7145dedc4eaffd8883e4a" #8="9048b02460f88a34eea56178c0dc3226eda0dd40f85c0c8649dc5bf0ce054700" #9="9c0c48f506c3863dad3a2eac4c29415ae1f1269c177c8622a302f06ae9fd1f67" #10="ae1fd25e5508e66b6ea33652778f5f982f45cd3def6ccd0255dba532898c4dd3" #11="b8b510353b6eaa624815cb5a28b4da946f3576ae521c6624c20f403ff7047ffe" #12="b9aa15c2c7f022beaccc29e89366cb0895445f8ec30f498b5be0bc35437b5bce" #13="c034446abfa1d9899a7cec31170df831f629b41b48163e45418f639bdc3e0f15" #14="d69aa174a782b168895ef646dc84351a1727f2ee95ad7d8437ca9216a129f5e6" ...) :ROW-COUNT 14 :REGISTRY-DIGEST "94746483437cf23b2c7de7ae1837eec468f31d384b45e2aa9a4217083547d9fd" :GENERATION-LAW-REF (:SEMANTIC-BUNDLE-BASE-NORMALIZATION-V1 :MEMBER-REGISTRY-V1) :REGISTRY-ROOT-IDENTITY "135445b50b8495295b48336f8965c989513054b452db2c1c2d17741ce22eee60") :PORT-REGISTRY-REF #S(SEMANTIC-REGISTRY-ROOT-V1 :REGISTRY-KIND :PORT-REGISTRY-V1 :SCHEMA-VERSION 1 :ROWS (#S(SEMANTIC-PORT-ROW-V1 :LOCAL-PORT-KEY # :OWNER-KIND :MEMBER :OWNER-REF #12# :PORT-KIND :OUTPUT :DIRECTION :OUT :CONTRACT-REF :VM-INTERFACE-OPEN-V1 :SURFACE-REF NIL :FORMAL-SURFACE-REF NIL :STATE-PROFILE-REF NIL :EFFECT-PROFILE-REF #2# :RESOURCE-PROFILE-REF NIL :AUTHORITY-PROFILE-REF NIL ...) #S(SEMANTIC-PORT-ROW-V1 :LOCAL-PORT-KEY # :OWNER-KIND :MEMBER :OWNER-REF #14# :PORT-KIND :INPUT :DIRECTION :IN :CONTRACT-REF :VM-INTERFACE-OPEN-V1 :SURFACE-REF NIL :FORMAL-SURFACE-REF NIL :STATE-PROFILE-REF NIL :EFFECT-PROFILE-REF #2# :RESOURCE-PROFILE-REF NIL :AUTHORITY-PROFILE-REF NIL ...) #S(SEMANTIC-PORT-ROW-V1 :LOCAL-PORT-KEY # :OWNER-KIND :MEMBER :OWNER-REF #9# :PORT-KIND :OUTPUT :DIRECTION :OUT :CONTRACT-REF :VM-INTERFACE-OPEN-V1 :SURFACE-REF NIL :FORMAL-SURFACE-REF NIL :STATE-PROFILE-REF NIL :EFFECT-PROFILE-REF #2# :RESOURCE-PROFILE-REF NIL :AUTHORITY-PROFILE-REF NIL ...) #S(SEMANTIC-PORT-ROW-V1 :LOCAL-PORT-KEY # :OWNER-KIND :MEMBER :OWNER-REF #6# :PORT-KIND :INPUT :DIRECTION :IN :CONTRACT-REF :VM-INTERFACE-OPEN-V1 :SURFACE-REF NIL :FORMAL-SURFACE-REF NIL :STATE-PROFILE-REF NIL :EFFECT-PROFILE-REF #2# :RESOURCE-PROFILE-REF NIL :AUTHORITY-PROFILE-REF NIL ...) #S(SEMANTIC-PORT-ROW-V1 :LOCAL-PORT-KEY # :OWNER-KIND :MEMBER :OWNER-REF #8# :PORT-KIND :OUTPUT :DIRECTION :OUT :CONTRACT-REF :VM-INTERFACE-OPEN-V1 :SURFACE-REF NIL :FORMAL-SURFACE-REF NIL :STATE-PROFILE-REF NIL :EFFECT-PROFILE-REF #2# :RESOURCE-PROFILE-REF NIL :AUTHORITY-PROFILE-REF NIL ...) #S(SEMANTIC-PORT-ROW-V1 :LOCAL-PORT-KEY # :OWNER-KIND :CHILD-BUNDLE :OWNER-REF #3# :PORT-KIND :DATA :DIRECTION :IN :CONTRACT-REF NIL :SURFACE-REF # :FORMAL-SURFACE-REF NIL :STATE-PROFILE-REF NIL :EFFECT-PROFILE-REF NIL :RESOURCE-PROFILE-REF NIL :AUTHORITY-PROFILE-REF NIL ...) #S(SEMANTIC-PORT-ROW-V1 :LOCAL-PORT-KEY # :OWNER-KIND :MEMBER :OWNER-REF #13# :PORT-KIND :INPUT :DIRECTION :IN :CONTRACT-REF :VM-INTERFACE-OPEN-V1 :SURFACE-REF NIL :FORMAL-SURFACE-REF NIL :STATE-PROFILE-REF NIL :EFFECT-PROFILE-REF #2# :RESOURCE-PROFILE-REF NIL :AUTHORITY-PROFILE-REF NIL ...) #S(SEMANTIC-PORT-ROW-V1 :LOCAL-PORT-KEY # :OWNER-KIND :MEMBER :OWNER-REF #7# :PORT-KIND :OUTPUT :DIRECTION :OUT :CONTRACT-REF :VM-INTERFACE-OPEN-V1 :SURFACE-REF NIL :FORMAL-SURFACE-REF NIL :STATE-PROFILE-REF NIL :EFFECT-PROFILE-REF #2# :RESOURCE-PROFILE-REF NIL :AUTHORITY-PROFILE-REF NIL ...) #S(SEMANTIC-PORT-ROW-V1 :LOCAL-PORT-KEY # :OWNER-KIND :MEMBER :OWNER-REF #4# :PORT-KIND :OUTPUT :DIRECTION :OUT :CONTRACT-REF :VM-INTERFACE-OPEN-V1 :SURFACE-REF NIL :FORMAL-SURFACE-REF NIL :STATE-PROFILE-REF NIL :EFFECT-PROFILE-REF #2# :RESOURCE-PROFILE-REF NIL :AUTHORITY-PROFILE-REF NIL ...) #S(SEMANTIC-PORT-ROW-V1 :LOCAL-PORT-KEY # :OWNER-KIND :CHILD-BUNDLE :OWNER-REF #3# :PORT-KIND :DATA :DIRECTION :IN :CONTRACT-REF NIL :SURFACE-REF # :FORMAL-SURFACE-REF NIL :STATE-PROFILE-REF NIL :EFFECT-PROFILE-REF NIL :RESOURCE-PROFILE-REF NIL :AUTHORITY-PROFILE-REF NIL ...) #S(SEMANTIC-PORT-ROW-V1 :LOCAL-PORT-KEY # :OWNER-KIND :MEMBER :OWNER-REF #11# :PORT-KIND :INPUT :DIRECTION :IN :CONTRACT-REF :VM-INTERFACE-OPEN-V1 :SURFACE-REF NIL :FORMAL-SURFACE-REF NIL :STATE-PROFILE-REF NIL :EFFECT-PROFILE-REF #2# :RESOURCE-PROFILE-REF NIL :AUTHORITY-PROFILE-REF NIL ...) #S(SEMANTIC-PORT-ROW-V1 :LOCAL-PORT-KEY # :OWNER-KIND :MEMBER :OWNER-REF #6# :PORT-KIND :OUTPUT :DIRECTION :OUT :CONTRACT-REF :VM-INTERFACE-OPEN-V1 :SURFACE-REF NIL :FORMAL-SURFACE-REF NIL :STATE-PROFILE-REF NIL :EFFECT-PROFILE-REF #2# :RESOURCE-PROFILE-REF NIL :AUTHORITY-PROFILE-REF NIL ...) ...) :ROW-REFS ("048603b124fde470e25462daf36d96af72fe7fa71acd02d73b60073cb04e52bd" "136c9cb9181ae26eeac88fb89a67fab694b9e5dcf3a9bf4648122a9a9306ad0b" "16811f0e46c454873c6f09c32adc51821191e8a92589c51cd1339830b33814e1" "22164870de283daae89d652fb67271a40a438cc52be3ade798e8acc47c604e43" "25059c7fd499016cca89853583911768348aac8c5794388bcbef48ce3942e59e" #15="274ae364b2b5dad97c04e7abf0e20a595fb845decf793568406d0e599044ec54" "284240ad9f7270be311195a92517559347da00b99d46faaddea5eaf0e7e333f1" "356fe52858e30e14abf736281301139cf9b3d5d264a07b3781fd43b29cfb5a6a" "3c89c767ea679803c494a2a76bf3b95658e2ef2257e63de721440f65ee9a0cb8" "43a01f8acf4e575828d572cd648f5c61464996acdcdc3709daa5a57e872ad654" "47554321b9d9fc7bfd0ce23ed4c48c6770b32e04cedfd3a585f89cf2431af7e0" "4a63c42b7c795627dde6c538613c2acb1dc2eed948b90b25d4298b8aee0e39b5" ...) :ROW-COUNT 32 :REGISTRY-DIGEST "d48c76dc53c0c07447c30e41a0760bd6df9cf30fdd1a118ce5571d1557b5db4d" :GENERATION-LAW-REF (:SEMANTIC-BUNDLE-BASE-NORMALIZATION-V1 :PORT-REGISTRY-V1) :REGISTRY-ROOT-IDENTITY "b27ed991edc11df6e72c8652590deaa1ef63d04f1513158d760dfef41fcb2dd1") :RELATION-REGISTRY-REF #S(SEMANTIC-REGISTRY-ROOT-V1 :REGISTRY-KIND :RELATION-REGISTRY-V1 :SCHEMA-VERSION 1 :ROWS (#S(SEMANTIC-RELATION-ROW-V1 :LOCAL-RELATION-KEY # :RELATION-KIND :REFINEMENT :CONSTITUTION-REF "d3ac7bed3dda204708dcaa3c090b8473a49d94a5fa04663073b4d9b61509c282" :ALGEBRA-AUTHORITY-REF # :PARAMETER-BINDINGS # :FORMAL-STATE-REF NIL :PROVENANCE-REF # :RELATION-ROW-IDENTITY #16="025b4006864766d522a27e6f026f6d9577c8970388d42ee472c3bd541d40f3f9") #S(SEMANTIC-RELATION-ROW-V1 :LOCAL-RELATION-KEY # :RELATION-KIND :CALL :CONSTITUTION-REF #17="ebf3498d84178fbaf1af14261cdf5742259e66bb9f7dc2863446c267d4309f70" :ALGEBRA-AUTHORITY-REF # :PARAMETER-BINDINGS # :FORMAL-STATE-REF NIL :PROVENANCE-REF # :RELATION-ROW-IDENTITY #18="18800c547a5fd3d97bf78dd07a8fc9938b7783dbdedb3262d54f0de31bb62d01") #S(SEMANTIC-RELATION-ROW-V1 :LOCAL-RELATION-KEY # :RELATION-KIND :CALL :CONSTITUTION-REF #17# :ALGEBRA-AUTHORITY-REF # :PARAMETER-BINDINGS # :FORMAL-STATE-REF NIL :PROVENANCE-REF # :RELATION-ROW-IDENTITY #19="1cbe7eb059022dae6580c24b5bd49cac6e750078263d0bc45b8b85dcc26c5126") #S(SEMANTIC-RELATION-ROW-V1 :LOCAL-RELATION-KEY # :RELATION-KIND :CALL :CONSTITUTION-REF #17# :ALGEBRA-AUTHORITY-REF # :PARAMETER-BINDINGS # :FORMAL-STATE-REF NIL :PROVENANCE-REF # :RELATION-ROW-IDENTITY #20="1f08523e755d87ff151f7d50cac1d77089a807ffa81a673763a8439c863c9cb8") #S(SEMANTIC-RELATION-ROW-V1 :LOCAL-RELATION-KEY # :RELATION-KIND :CALL :CONSTITUTION-REF #17# :ALGEBRA-AUTHORITY-REF # :PARAMETER-BINDINGS # :FORMAL-STATE-REF NIL :PROVENANCE-REF # :RELATION-ROW-IDENTITY #21="22b9005196611d123f9ce5feaec3dc32ba22ffbc8a26db42325e7c05439d4afd") #S(SEMANTIC-RELATION-ROW-V1 :LOCAL-RELATION-KEY # :RELATION-KIND :CALL :CONSTITUTION-REF #17# :ALGEBRA-AUTHORITY-REF # :PARAMETER-BINDINGS # :FORMAL-STATE-REF NIL :PROVENANCE-REF # :RELATION-ROW-IDENTITY #22="23f39043ef786d4405462156bbaa28683539a03804da09bac3940153db15a3b6") #S(SEMANTIC-RELATION-ROW-V1 :LOCAL-RELATION-KEY # :RELATION-KIND :CALL :CONSTITUTION-REF #17# :ALGEBRA-AUTHORITY-REF # :PARAMETER-BINDINGS # :FORMAL-STATE-REF NIL :PROVENANCE-REF # :RELATION-ROW-IDENTITY #23="344d77ec73f362f5f6739f7b4528c647d055741c9d09c83fb713a308c4b9385b") #S(SEMANTIC-RELATION-ROW-V1 :LOCAL-RELATION-KEY # :RELATION-KIND :CALL :CONSTITUTION-REF #17# :ALGEBRA-AUTHORITY-REF # :PARAMETER-BINDINGS # :FORMAL-STATE-REF NIL :PROVENANCE-REF # :RELATION-ROW-IDENTITY #24="38c3104062a96384fce16fe342c162c950cd44e31e2e74b8f686acd9510215e0") #S(SEMANTIC-RELATION-ROW-V1 :LOCAL-RELATION-KEY # :RELATION-KIND :CALL :CONSTITUTION-REF #17# :ALGEBRA-AUTHORITY-REF # :PARAMETER-BINDINGS # :FORMAL-STATE-REF NIL :PROVENANCE-REF # :RELATION-ROW-IDENTITY #25="3952cad51b20747af7525c591b373973912fe0ff289bc6a64563335ec281d2f3") #S(SEMANTIC-RELATION-ROW-V1 :LOCAL-RELATION-KEY # :RELATION-KIND :CALL :CONSTITUTION-REF #17# :ALGEBRA-AUTHORITY-REF # :PARAMETER-BINDINGS # :FORMAL-STATE-REF NIL :PROVENANCE-REF # :RELATION-ROW-IDENTITY #26="3ef0382cced73c9529e77eda8992bb555531e5c9f9a4a05ba33d7a909890b0b8") #S(SEMANTIC-RELATION-ROW-V1 :LOCAL-RELATION-KEY # :RELATION-KIND :CALL :CONSTITUTION-REF #17# :ALGEBRA-AUTHORITY-REF # :PARAMETER-BINDINGS # :FORMAL-STATE-REF NIL :PROVENANCE-REF # :RELATION-ROW-IDENTITY #27="41316c9c54b129266215193386a754eb361012e36de9417da0065a73a765ebde") #S(SEMANTIC-RELATION-ROW-V1 :LOCAL-RELATION-KEY # :RELATION-KIND :CALL :CONSTITUTION-REF #17# :ALGEBRA-AUTHORITY-REF # :PARAMETER-BINDINGS # :FORMAL-STATE-REF NIL :PROVENANCE-REF # :RELATION-ROW-IDENTITY #28="5c4421e5d96b65814743542fab0f70125a2fe84674bddf29229a2f5b803f1f29") ...) :ROW-REFS (#16# #18# #19# #20# #21# #22# #23# #24# #25# #26# #27# #28# ...) :ROW-COUNT 25 :REGISTRY-DIGEST "75ad04da1645d6c48fd54f910b366bf803ed3a06d1aedf14520fd44fa890dac2" :GENERATION-LAW-REF (:SEMANTIC-BUNDLE-BASE-NORMALIZATION-V1 :RELATION-REGISTRY-V1) :REGISTRY-ROOT-IDENTITY "6078a2d27c0a753035406e595347633ad0edd261a7c92c01c3e96a2d07b88600") :INCIDENCE-REGISTRY-REF #S(SEMANTIC-REGISTRY-ROOT-V1 :REGISTRY-KIND :INCIDENCE-REGISTRY-V1 :SCHEMA-VERSION 1 :ROWS (#S(SEMANTIC-INCIDENCE-ROW-V1 :RELATION-REF #29="adb94a15d8a5a0aa68ec7a61d489c5c75e727635e8ef1c05873970f1406cb407" :ROLE :CALLER :PARTICIPANT-KIND :MEMBER :PARTICIPANT-REF #30="f0cb5b9c7316dab107f9c243a8b7e7f4e689449d8914b12b9724b2c497893c4b" :ORDINAL NIL :CONTRACT-REF NIL :FORMAL-STATE-REF NIL :PROVENANCE-REF NIL :INCIDENCE-ROW-IDENTITY #31="000eee07256b90f4d00e24bd1ead978933438a07eff1688bc89d3004a93f52a2") #S(SEMANTIC-INCIDENCE-ROW-V1 :RELATION-REF #32="8a284fe64aea81e3f582c336f5aad7f0c0c94c1a1cdab3bdd4b809de5d1d4cc6" :ROLE :CALLEE :PARTICIPANT-KIND :MEMBER :PARTICIPANT-REF #14# :ORDINAL NIL :CONTRACT-REF NIL :FORMAL-STATE-REF NIL :PROVENANCE-REF NIL :INCIDENCE-ROW-IDENTITY #33="0314cdf09bf0aa99775bad3a55ea4d438f9a1350ff5d92e8a02836911c85bbc1") #S(SEMANTIC-INCIDENCE-ROW-V1 :RELATION-REF #32# :ROLE :CALLER :PARTICIPANT-KIND :MEMBER :PARTICIPANT-REF #4# :ORDINAL NIL :CONTRACT-REF NIL :FORMAL-STATE-REF NIL :PROVENANCE-REF NIL :INCIDENCE-ROW-IDENTITY #34="0f711a463da8baa81e7e80ae0b3fef9a13c08ce1370c94dc6197a8a1c9bfdc79") #S(SEMANTIC-INCIDENCE-ROW-V1 :RELATION-REF #16# :ROLE :REFINEMENT :PARTICIPANT-KIND :PORT :PARTICIPANT-REF "4f625b22461643599249f4d5d174c684cb8b222a50f6b0fdc101d24e671c4d85" :ORDINAL NIL :CONTRACT-REF NIL :FORMAL-STATE-REF NIL :PROVENANCE-REF # :INCIDENCE-ROW-IDENTITY #35="1f78d53edf4fac1f4bf3e4c00616eea99fff71be025ab982f9bda8c8fc410f03") #S(SEMANTIC-INCIDENCE-ROW-V1 :RELATION-REF #18# :ROLE :CALLER :PARTICIPANT-KIND :MEMBER :PARTICIPANT-REF #30# :ORDINAL NIL :CONTRACT-REF NIL :FORMAL-STATE-REF NIL :PROVENANCE-REF NIL :INCIDENCE-ROW-IDENTITY #36="229113310844127d4abdf5e0f0ff92793f844e90fbcb10637760918838460a9e") #S(SEMANTIC-INCIDENCE-ROW-V1 :RELATION-REF #22# :ROLE :CALLEE :PARTICIPANT-KIND :MEMBER :PARTICIPANT-REF #9# :ORDINAL NIL :CONTRACT-REF NIL :FORMAL-STATE-REF NIL :PROVENANCE-REF NIL :INCIDENCE-ROW-IDENTITY #37="22f136b49d9cc05644138ec1fddf8a28932c96fc42dd5e7fb1f06a8405c6c432") #S(SEMANTIC-INCIDENCE-ROW-V1 :RELATION-REF #21# :ROLE :CALLER :PARTICIPANT-KIND :MEMBER :PARTICIPANT-REF #6# :ORDINAL NIL :CONTRACT-REF NIL :FORMAL-STATE-REF NIL :PROVENANCE-REF NIL :INCIDENCE-ROW-IDENTITY #38="26d803d5aef3a587eae7c0cb2129b289769646189b5f9c6807d74cd59ac42a28") #S(SEMANTIC-INCIDENCE-ROW-V1 :RELATION-REF #16# :ROLE :ABSTRACT :PARTICIPANT-KIND :MEMBER :PARTICIPANT-REF #13# :ORDINAL NIL :CONTRACT-REF NIL :FORMAL-STATE-REF NIL :PROVENANCE-REF NIL :INCIDENCE-ROW-IDENTITY #39="289579f3a68caecf0f22e611befd434f0cf2566828fe38263f709254e0f1a5e8") #S(SEMANTIC-INCIDENCE-ROW-V1 :RELATION-REF "60f716b6dc15cfe5586942742d58ca7484314d1baf981b68e20fe05a8eca76ab" :ROLE :CALLER :PARTICIPANT-KIND :MEMBER :PARTICIPANT-REF #11# :ORDINAL NIL :CONTRACT-REF NIL :FORMAL-STATE-REF NIL :PROVENANCE-REF NIL :INCIDENCE-ROW-IDENTITY #40="2d5c9ec8f637497ac96451b606a1179c1ec07df1b1ea19c80cbe03955b3cba6a") #S(SEMANTIC-INCIDENCE-ROW-V1 :RELATION-REF #24# :ROLE :CALLER :PARTICIPANT-KIND :PORT :PARTICIPANT-REF #15# :ORDINAL NIL :CONTRACT-REF NIL :FORMAL-STATE-REF NIL :PROVENANCE-REF # :INCIDENCE-ROW-IDENTITY #41="2dc1bc410adc5025ef27cfc6b859f447595eed2407ed87481d1d2cb61aa88c50") #S(SEMANTIC-INCIDENCE-ROW-V1 :RELATION-REF #29# :ROLE :CALLEE :PARTICIPANT-KIND :MEMBER :PARTICIPANT-REF #7# :ORDINAL NIL :CONTRACT-REF NIL :FORMAL-STATE-REF NIL :PROVENANCE-REF NIL :INCIDENCE-ROW-IDENTITY #42="37dceaf3c409acb106924f7fdb8344a235d6920a0b5dad20b0b7cf6c2a976498") #S(SEMANTIC-INCIDENCE-ROW-V1 :RELATION-REF #25# :ROLE :CALLEE :PARTICIPANT-KIND :MEMBER :PARTICIPANT-REF #30# :ORDINAL NIL :CONTRACT-REF NIL :FORMAL-STATE-REF NIL :PROVENANCE-REF NIL :INCIDENCE-ROW-IDENTITY #43="39f0fca969d85fc17a1dfd82e48dea5474ee3da2bfd7c8cd3ef0d666434fbd08") ...) :ROW-REFS (#31# #33# #34# #35# #36# #37# #38# #39# #40# #41# #42# #43# ...) :ROW-COUNT 50 :REGISTRY-DIGEST "e9cd98cdf60c8231dac5bb5cbb5e124ee325998a44d1f1643238492a081bcbec" :GENERATION-LAW-REF (:SEMANTIC-BUNDLE-BASE-NORMALIZATION-V1 :INCIDENCE-REGISTRY-V1) :REGISTRY-ROOT-IDENTITY "4afa00d874798fe61b41a72dc2697996cf861c8f94b5c3104fcfe05e0c3084cb") :HOLE-REGISTRY-REF #S(SEMANTIC-REGISTRY-ROOT-V1 :REGISTRY-KIND :HOLE-REGISTRY-V1 :SCHEMA-VERSION 1 :ROWS (#S(SEMANTIC-HOLE-ROW-V1 :LOCAL-HOLE-KEY # :HOLE-KIND :REFINEMENT :OWNER-REF #14# :REQUIRED-RELATION-KINDS NIL :REQUIRED-PARTICIPANT-KINDS NIL :REQUIRED-SURFACE-REF NIL :REQUIRED-CONTRACT-REFS # :REQUIRED-FORMAL-REFS # :CANDIDATE-DOMAIN-REF NIL :PROVENANCE-REF NIL :HOLE-ROW-IDENTITY #44="0ba0d6234d30444424f92d0a8ba311258d95fdb4461dccf068ccdccf2f4a97c2") #S(SEMANTIC-HOLE-ROW-V1 :LOCAL-HOLE-KEY # :HOLE-KIND :REFINEMENT :OWNER-REF #12# :REQUIRED-RELATION-KINDS NIL :REQUIRED-PARTICIPANT-KINDS NIL :REQUIRED-SURFACE-REF NIL :REQUIRED-CONTRACT-REFS # :REQUIRED-FORMAL-REFS # :CANDIDATE-DOMAIN-REF NIL :PROVENANCE-REF NIL :HOLE-ROW-IDENTITY #45="1603b9a22122fa33b86a8922e8e8cc0912550bc5b61eac9b814ff639f3153a22") #S(SEMANTIC-HOLE-ROW-V1 :LOCAL-HOLE-KEY # :HOLE-KIND :REFINEMENT :OWNER-REF #7# :REQUIRED-RELATION-KINDS NIL :REQUIRED-PARTICIPANT-KINDS NIL :REQUIRED-SURFACE-REF NIL :REQUIRED-CONTRACT-REFS # :REQUIRED-FORMAL-REFS # :CANDIDATE-DOMAIN-REF NIL :PROVENANCE-REF NIL :HOLE-ROW-IDENTITY #46="1ef831c91ac3a82a2a9152543f6479b0cb7dbaf884d6ea4e106d917d25521d4f") #S(SEMANTIC-HOLE-ROW-V1 :LOCAL-HOLE-KEY # :HOLE-KIND :REFINEMENT :OWNER-REF #11# :REQUIRED-RELATION-KINDS NIL :REQUIRED-PARTICIPANT-KINDS NIL :REQUIRED-SURFACE-REF NIL :REQUIRED-CONTRACT-REFS # :REQUIRED-FORMAL-REFS # :CANDIDATE-DOMAIN-REF NIL :PROVENANCE-REF NIL :HOLE-ROW-IDENTITY #47="21648166c70e9429d19860ac42d93a96e93dceaeb4348f76646a07e00c7e6adb") #S(SEMANTIC-HOLE-ROW-V1 :LOCAL-HOLE-KEY # :HOLE-KIND :REFINEMENT :OWNER-REF #9# :REQUIRED-RELATION-KINDS NIL :REQUIRED-PARTICIPANT-KINDS NIL :REQUIRED-SURFACE-REF NIL :REQUIRED-CONTRACT-REFS # :REQUIRED-FORMAL-REFS # :CANDIDATE-DOMAIN-REF NIL :PROVENANCE-REF NIL :HOLE-ROW-IDENTITY #48="290abb3af195932937682b55d26386842d9d508cb1a6d87c6a60631ed69c04f8") #S(SEMANTIC-HOLE-ROW-V1 :LOCAL-HOLE-KEY # :HOLE-KIND :REFINEMENT :OWNER-REF #6# :REQUIRED-RELATION-KINDS NIL :REQUIRED-PARTICIPANT-KINDS NIL :REQUIRED-SURFACE-REF NIL :REQUIRED-CONTRACT-REFS # :REQUIRED-FORMAL-REFS # :CANDIDATE-DOMAIN-REF NIL :PROVENANCE-REF NIL :HOLE-ROW-IDENTITY #49="2b312c080ba1e1d27e3027f49e20fb4812b921658924a0581c5d48227b9b562a") #S(SEMANTIC-HOLE-ROW-V1 :LOCAL-HOLE-KEY # :HOLE-KIND :REFINEMENT :OWNER-REF #30# :REQUIRED-RELATION-KINDS NIL :REQUIRED-PARTICIPANT-KINDS NIL :REQUIRED-SURFACE-REF NIL :REQUIRED-CONTRACT-REFS # :REQUIRED-FORMAL-REFS # :CANDIDATE-DOMAIN-REF NIL :PROVENANCE-REF NIL :HOLE-ROW-IDENTITY #50="44172be346133473c31b8cf564948ddb0bb634a68dca785747a9494c6e576faa") #S(SEMANTIC-HOLE-ROW-V1 :LOCAL-HOLE-KEY # :HOLE-KIND :REFINEMENT :OWNER-REF #5# :REQUIRED-RELATION-KINDS NIL :REQUIRED-PARTICIPANT-KINDS NIL :REQUIRED-SURFACE-REF NIL :REQUIRED-CONTRACT-REFS # :REQUIRED-FORMAL-REFS # :CANDIDATE-DOMAIN-REF NIL :PROVENANCE-REF NIL :HOLE-ROW-IDENTITY #51="4b03c1f5013a4f2b768f938a07b96da87d5c372cb52a928b8731dcc910a1950b") #S(SEMANTIC-HOLE-ROW-V1 :LOCAL-HOLE-KEY # :HOLE-KIND :REFINEMENT :OWNER-REF #8# :REQUIRED-RELATION-KINDS NIL :REQUIRED-PARTICIPANT-KINDS NIL :REQUIRED-SURFACE-REF NIL :REQUIRED-CONTRACT-REFS # :REQUIRED-FORMAL-REFS # :CANDIDATE-DOMAIN-REF NIL :PROVENANCE-REF NIL :HOLE-ROW-IDENTITY #52="6361f563f43a1b30aaa29e6b0e11de543619b91b35fb469d730f05168f956811") #S(SEMANTIC-HOLE-ROW-V1 :LOCAL-HOLE-KEY # :HOLE-KIND :REFINEMENT :OWNER-REF "dc860abe13269721b4dc8619582225b8b9b9b3fccf82d75dc0b4567a075195bc" :REQUIRED-RELATION-KINDS NIL :REQUIRED-PARTICIPANT-KINDS NIL :REQUIRED-SURFACE-REF NIL :REQUIRED-CONTRACT-REFS # :REQUIRED-FORMAL-REFS # :CANDIDATE-DOMAIN-REF NIL :PROVENANCE-REF NIL :HOLE-ROW-IDENTITY #53="9dd9986fe2e225cb8660e429ea1804e1a6620bc08f4eea9b6639a67a45d184d2") #S(SEMANTIC-HOLE-ROW-V1 :LOCAL-HOLE-KEY # :HOLE-KIND :REFINEMENT :OWNER-REF #4# :REQUIRED-RELATION-KINDS NIL :REQUIRED-PARTICIPANT-KINDS NIL :REQUIRED-SURFACE-REF NIL :REQUIRED-CONTRACT-REFS # :REQUIRED-FORMAL-REFS # :CANDIDATE-DOMAIN-REF NIL :PROVENANCE-REF NIL :HOLE-ROW-IDENTITY #54="a334a004e8a8cdfc23749133f82cceafb817a364a3b8b09c1e8fc8f86b723172") #S(SEMANTIC-HOLE-ROW-V1 :LOCAL-HOLE-KEY # :HOLE-KIND :REFINEMENT :OWNER-REF #10# :REQUIRED-RELATION-KINDS NIL :REQUIRED-PARTICIPANT-KINDS NIL :REQUIRED-SURFACE-REF NIL :REQUIRED-CONTRACT-REFS # :REQUIRED-FORMAL-REFS # :CANDIDATE-DOMAIN-REF NIL :PROVENANCE-REF NIL :HOLE-ROW-IDENTITY #55="c201dc254744e8368bfc129269642cd34dd686ddc056be3b01a5dfad719bff6e") ...) :ROW-REFS (#44# #45# #46# #47# #48# #49# #50# #51# #52# #53# #54# #55# ...) :ROW-COUNT 13 :REGISTRY-DIGEST "4ebc42f41f3cd4d9babbf309dd7696e6098ded4a039f20c24ed047c9914881f4" :GENERATION-LAW-REF (:SEMANTIC-BUNDLE-BASE-NORMALIZATION-V1 :HOLE-REGISTRY-V1) :REGISTRY-ROOT-IDENTITY "7aa6b11d7c5790ca4b9549a1f1f730eb1836aa75ac818a7d09188881564804b9") :BASE-REGISTRY-SET-IDENTITY "bf2475babe48d948a3ae1198d370ee2b253477f3e29f18bbd0ab923eadfdfa1c") :GENERATED-REGISTRY-SET-REF NIL :CLOSURE-LAW-SET-REF :SHG-VM-OPEN-STRUCTURAL-V1 :CLOSURE-STATUS :PARTIAL :PREDECESSOR-BUNDLE-REF "907a3cbf82af21d9976c0beba0cb9fdcbf36bc7bf5bdf0b4687995a728845b76" :BUNDLE-IDENTITY "6e8c8eb87ae821c4ee0629ac20ec901afa66da0b073e9c2eeba5b207b94b8149") #S(SEMANTIC-BUNDLE-GENERATED-REGISTRY-SET-V1 :CHILD-BUNDLE-REGISTRY-REF #S(SEMANTIC-REGISTRY-ROOT-V1 :REGISTRY-KIND :CHILD-BUNDLE-REGISTRY-V1 :SCHEMA-VERSION 1 :ROWS (#S(SEMANTIC-GENERATED-REGISTRY-ROW-V1 :REGISTRY-KIND :CHILD-BUNDLE-REGISTRY-V1 :PAYLOAD (:PARENT-MEMBER-REF #1="016d3840d3005a0cd6509958241a2ee528edd836d66e3dd4eaca78328e68c3ed" :CHILD-BUNDLE-REF #2="fe4dcc413bc0cca1b3fe289491e45feb96c96f7eacc481a73f9d5ae6830f5ee9" :CHILD-SNAPSHOT-REF "de33ac595281e5f22989340f61ef796afdb6ebabac1d483e3f08bd4bfd0e31eb" :CHILD-SURFACE-REF "e02feb201855f509a01fa03c8ead740ea68d2f6f869da902a8e9ab3e45f9ccef" :CHILD-REFINEMENT-REF "f70fc614bbc1c1cab17fd92392c3f6b0189f288d88b0027de8d7fccac2476b1e" :CHILD-CLOSURE-STATUS :PARTIAL) :GENERATOR-REF "465226b06024aa4a0fd2029fef5d5b81c07fba7f56b8faa6d4d654dbe5328269" :GENERATION-LAW-REF #3=(:SEMANTIC-BUNDLE-GENERATION-LAW-V1 :CHILD-BUNDLE-REGISTRY-V1) :INPUT-ROW-REFS (#1#) :ORIGIN-BUNDLE-REFS (#4="6e8c8eb87ae821c4ee0629ac20ec901afa66da0b073e9c2eeba5b207b94b8149") :ORIGIN-CHILD-BUNDLE-REFS (#2#) :GENERATION-WITNESS-REF "d154f87428dc1280a1ba359cd4aa31378bb526c1ba6a4113c974ea1d963e57df" :ROW-IDENTITY #5="faa158d26b230b4e4e028904918dabbfcd0a39c7727c9adbaef63297a1f87ae9")) :ROW-REFS (#5#) :ROW-COUNT 1 :REGISTRY-DIGEST "6294c2b0506adacc4218a4813321c657cc58cf3d00fed8f9e53bac4c01501977" :GENERATION-LAW-REF #3# :REGISTRY-ROOT-IDENTITY "a1ba69aaa18d32c91c533c8bb78cbfa68f2900245aa930f2084b4e7a901dd269") :EXPORT-REGISTRY-REF #S(SEMANTIC-REGISTRY-ROOT-V1 :REGISTRY-KIND :EXPORT-REGISTRY-V1 :SCHEMA-VERSION 1 :ROWS (#S(SEMANTIC-GENERATED-REGISTRY-ROW-V1 :REGISTRY-KIND :EXPORT-REGISTRY-V1 :PAYLOAD (:EXPORT-KEY # :OWNER-REF "51ef24b43a67332215d00fa5697f42025d086e7e23e7145dedc4eaffd8883e4a" :PORT-REF #6="aa5cc1d890303c32fa206b170446aac9b7d4bd72a86ee3a1af1b95fa5d87a531" :SURFACE-REF NIL :CONTRACT-REF :VM-INTERFACE-OPEN-V1 :FORMAL-SURFACE-REF NIL ...) :GENERATOR-REF #7="8d4b7ca89eabd5aa4582455555b2bdc73d13324a1d101ee0e9a02601e2c7b278" :GENERATION-LAW-REF #8=(:SEMANTIC-BUNDLE-GENERATION-LAW-V1 :EXPORT-REGISTRY-V1) :INPUT-ROW-REFS (#6#) :ORIGIN-BUNDLE-REFS (#4#) :ORIGIN-CHILD-BUNDLE-REFS NIL :GENERATION-WITNESS-REF "238fcd69c1895059595004f59fb072cc6810b5f9417d9364c2e12d78a5a203b6" :ROW-IDENTITY #9="1f13748259b680102da6d0a114c4fb4331f11431414f2d053063566c5d8b7f8b") #S(SEMANTIC-GENERATED-REGISTRY-ROW-V1 :REGISTRY-KIND :EXPORT-REGISTRY-V1 :PAYLOAD (:EXPORT-KEY # :OWNER-REF #10="c034446abfa1d9899a7cec31170df831f629b41b48163e45418f639bdc3e0f15" :PORT-REF #11="cfed86b16a0665ae8b24dfc414bfe6460fc6fabbc84ec39d81bbf6428c3f4497" :SURFACE-REF NIL :CONTRACT-REF :VM-INTERFACE-OPEN-V1 :FORMAL-SURFACE-REF NIL ...) :GENERATOR-REF #7# :GENERATION-LAW-REF #8# :INPUT-ROW-REFS (#11#) :ORIGIN-BUNDLE-REFS (#4#) :ORIGIN-CHILD-BUNDLE-REFS NIL :GENERATION-WITNESS-REF "21d1655c4796511d38fa2481d61ef2c03852082703080d61ac6a5629dc84dd20" :ROW-IDENTITY #12="25a67182d564a4cee2b3ffae2dceed52ce64383acd53bd3c0e44fe98172ed6bd") #S(SEMANTIC-GENERATED-REGISTRY-ROW-V1 :REGISTRY-KIND :EXPORT-REGISTRY-V1 :PAYLOAD (:EXPORT-KEY # :OWNER-REF "9048b02460f88a34eea56178c0dc3226eda0dd40f85c0c8649dc5bf0ce054700" :PORT-REF #13="25059c7fd499016cca89853583911768348aac8c5794388bcbef48ce3942e59e" :SURFACE-REF NIL :CONTRACT-REF :VM-INTERFACE-OPEN-V1 :FORMAL-SURFACE-REF NIL ...) :GENERATOR-REF #7# :GENERATION-LAW-REF #8# :INPUT-ROW-REFS (#13#) :ORIGIN-BUNDLE-REFS (#4#) :ORIGIN-CHILD-BUNDLE-REFS NIL :GENERATION-WITNESS-REF "4977337489eea606207173f95382941f8629eb8c479c06e4fcdb76b85a35ce84" :ROW-IDENTITY #14="32f895af11ddf1ffd5fdda04da45415222dbf002294d11b0ab1ad3f0fa381241") #S(SEMANTIC-GENERATED-REGISTRY-ROW-V1 :REGISTRY-KIND :EXPORT-REGISTRY-V1 :PAYLOAD (:EXPORT-KEY # :OWNER-REF "d69aa174a782b168895ef646dc84351a1727f2ee95ad7d8437ca9216a129f5e6" :PORT-REF #15="136c9cb9181ae26eeac88fb89a67fab694b9e5dcf3a9bf4648122a9a9306ad0b" :SURFACE-REF NIL :CONTRACT-REF :VM-INTERFACE-OPEN-V1 :FORMAL-SURFACE-REF NIL ...) :GENERATOR-REF #7# :GENERATION-LAW-REF #8# :INPUT-ROW-REFS (#15#) :ORIGIN-BUNDLE-REFS (#4#) :ORIGIN-CHILD-BUNDLE-REFS NIL :GENERATION-WITNESS-REF "df87d1749e1909f5f3847e41aa9e0f581607918f12382913ff3f1693c34b5eb0" :ROW-IDENTITY #16="392d91fda3a755e852c4015252bcc0eba57394c96f4f61b063349b56cca6ffec") #S(SEMANTIC-GENERATED-REGISTRY-ROW-V1 :REGISTRY-KIND :EXPORT-REGISTRY-V1 :PAYLOAD (:EXPORT-KEY # :OWNER-REF "09eb79116df6133643654d8f8a437d491c51788eda28bc12981bf31ce0ac423f" :PORT-REF #17="3c89c767ea679803c494a2a76bf3b95658e2ef2257e63de721440f65ee9a0cb8" :SURFACE-REF NIL :CONTRACT-REF :VM-INTERFACE-OPEN-V1 :FORMAL-SURFACE-REF NIL ...) :GENERATOR-REF #7# :GENERATION-LAW-REF #8# :INPUT-ROW-REFS (#17#) :ORIGIN-BUNDLE-REFS (#4#) :ORIGIN-CHILD-BUNDLE-REFS NIL :GENERATION-WITNESS-REF "936fb062541f4be40227af8e0c764d8996986254753a0679af8dfb54129abcdc" :ROW-IDENTITY #18="3df9712e4ed4a3dd3f4632e9ddef4824aa35048094ff3e7880052170edc1c844") #S(SEMANTIC-GENERATED-REGISTRY-ROW-V1 :REGISTRY-KIND :EXPORT-REGISTRY-V1 :PAYLOAD (:IMMEDIATE-CHILD-REF #2# :ORIGIN-CHILD-REF #2# :ORIGIN-REGISTRY-ROW-REF #19="eff81dd5fccf9a3f2d03e9b2e878d50df7fa75f4f5e5f89eba25fe78a9e290f8" :PROJECTION-LAW-REF :SEMANTIC-CHILD-EXPORT-PROJECTION-V1 :PROJECTION-WITNESS-REF "51a6c149ccd718d71f8ebcea38daf34131cd3a26f9827b0c81973890eec1f86f" :EXPORT-KEY # ...) :GENERATOR-REF #7# :GENERATION-LAW-REF #8# :INPUT-ROW-REFS (#1# #19#) :ORIGIN-BUNDLE-REFS (#4#) :ORIGIN-CHILD-BUNDLE-REFS (#2#) :GENERATION-WITNESS-REF "9942531325581be9d94f8fed00f1c432eb3c434efd49ef28c09fa9c33cbc8163" :ROW-IDENTITY #20="4173ec8246198f7563c244d93d283ccad3fb5ec049afeb14ec1ca2532905531a") #S(SEMANTIC-GENERATED-REGISTRY-ROW-V1 :REGISTRY-KIND :EXPORT-REGISTRY-V1 :PAYLOAD (:EXPORT-KEY # :OWNER-REF "3f1134180612c452272668c522be4c4f491c38c0c2a7c85e93a344cb74df084a" :PORT-REF #21="b3ff2c58410e581e17984a4aabdac476f46dca85d240967137bef35f4fac4c4f" :SURFACE-REF NIL :CONTRACT-REF :VM-INTERFACE-OPEN-V1 :FORMAL-SURFACE-REF NIL ...) :GENERATOR-REF #7# :GENERATION-LAW-REF #8# :INPUT-ROW-REFS (#21#) :ORIGIN-BUNDLE-REFS (#4#) :ORIGIN-CHILD-BUNDLE-REFS NIL :GENERATION-WITNESS-REF "20d5dd0ac2957e27a493355146b4482d31caa7d982889ec382c78d667365ec7d" :ROW-IDENTITY #22="54d3e30cc06942ad56539e3daefff4b0d379a898c76e9edfae985a7499be3110") #S(SEMANTIC-GENERATED-REGISTRY-ROW-V1 :REGISTRY-KIND :EXPORT-REGISTRY-V1 :PAYLOAD (:EXPORT-KEY # :OWNER-REF #23="ae1fd25e5508e66b6ea33652778f5f982f45cd3def6ccd0255dba532898c4dd3" :PORT-REF #24="cabf7e87b51895dcc96332d97acbf913d182df4173995bb8bf5dbc0474b18525" :SURFACE-REF NIL :CONTRACT-REF :VM-INTERFACE-OPEN-V1 :FORMAL-SURFACE-REF NIL ...) :GENERATOR-REF #7# :GENERATION-LAW-REF #8# :INPUT-ROW-REFS (#24#) :ORIGIN-BUNDLE-REFS (#4#) :ORIGIN-CHILD-BUNDLE-REFS NIL :GENERATION-WITNESS-REF "a4e1ed6fb15ae1058e6f4fa36108cf41909e6ea9bad776688f4ac09bf978d6a1" :ROW-IDENTITY #25="56d3504f2951975405bf0a136c428b4b37370280aaf5fb860ef1e70bcb7ce12a") #S(SEMANTIC-GENERATED-REGISTRY-ROW-V1 :REGISTRY-KIND :EXPORT-REGISTRY-V1 :PAYLOAD (:EXPORT-KEY # :OWNER-REF #23# :PORT-REF #26="c7818bbd3217ee33cf1c7e3f9551143f0e9a8f632b25faa0316deffdbe6273e6" :SURFACE-REF NIL :CONTRACT-REF :VM-INTERFACE-OPEN-V1 :FORMAL-SURFACE-REF NIL ...) :GENERATOR-REF #7# :GENERATION-LAW-REF #8# :INPUT-ROW-REFS (#26#) :ORIGIN-BUNDLE-REFS (#4#) :ORIGIN-CHILD-BUNDLE-REFS NIL :GENERATION-WITNESS-REF "e0e4db3c61290129e9c7eefb966513d5beff1d7801ada79ed6f34ae9a3945b95" :ROW-IDENTITY #27="662eb9d7007df1c83fa26f1c53c3c8d9992d03d43d82ef2f758a7e8f94a87c50") #S(SEMANTIC-GENERATED-REGISTRY-ROW-V1 :REGISTRY-KIND :EXPORT-REGISTRY-V1 :PAYLOAD (:EXPORT-KEY # :OWNER-REF "9c0c48f506c3863dad3a2eac4c29415ae1f1269c177c8622a302f06ae9fd1f67" :PORT-REF #28="16811f0e46c454873c6f09c32adc51821191e8a92589c51cd1339830b33814e1" :SURFACE-REF NIL :CONTRACT-REF :VM-INTERFACE-OPEN-V1 :FORMAL-SURFACE-REF NIL ...) :GENERATOR-REF #7# :GENERATION-LAW-REF #8# :INPUT-ROW-REFS (#28#) :ORIGIN-BUNDLE-REFS (#4#) :ORIGIN-CHILD-BUNDLE-REFS NIL :GENERATION-WITNESS-REF "308a01649a5d1b261c7afb58e3e89d6b4cad761d2a23df80d48b1673babcbce4" :ROW-IDENTITY #29="6a057e8e5cbb1e7e38448d904a917c64e62a5738d2d9c76d70d08fb26e28dfea") #S(SEMANTIC-GENERATED-REGISTRY-ROW-V1 :REGISTRY-KIND :EXPORT-REGISTRY-V1 :PAYLOAD (:EXPORT-KEY # :OWNER-REF "b9aa15c2c7f022beaccc29e89366cb0895445f8ec30f498b5be0bc35437b5bce" :PORT-REF #30="dd24b44f36941e5fad499b02aa83f0e0a0c6c60b95ba90602fc4c1f92c433465" :SURFACE-REF NIL :CONTRACT-REF :VM-INTERFACE-OPEN-V1 :FORMAL-SURFACE-REF NIL ...) :GENERATOR-REF #7# :GENERATION-LAW-REF #8# :INPUT-ROW-REFS (#30#) :ORIGIN-BUNDLE-REFS (#4#) :ORIGIN-CHILD-BUNDLE-REFS NIL :GENERATION-WITNESS-REF "5338c8af47078383ade04c7df5ddf724e03a9a8b82ef35766f3d10a8fd7bd3d6" :ROW-IDENTITY #31="7ea711363ef85a0837fed70c8a8bf2d650867438d1943e16cf1a0945bcf401b5") #S(SEMANTIC-GENERATED-REGISTRY-ROW-V1 :REGISTRY-KIND :EXPORT-REGISTRY-V1 :PAYLOAD (:EXPORT-KEY # :OWNER-REF #10# :PORT-REF #32="284240ad9f7270be311195a92517559347da00b99d46faaddea5eaf0e7e333f1" :SURFACE-REF NIL :CONTRACT-REF :VM-INTERFACE-OPEN-V1 :FORMAL-SURFACE-REF NIL ...) :GENERATOR-REF #7# :GENERATION-LAW-REF #8# :INPUT-ROW-REFS (#32#) :ORIGIN-BUNDLE-REFS (#4#) :ORIGIN-CHILD-BUNDLE-REFS NIL :GENERATION-WITNESS-REF "dad5460ad33fe81104982b490952f39c697a3489bdce06f43ee70cbe85e66a2a" :ROW-IDENTITY #33="828aabe14b331af16856252d3b61d6d95d208d69240a14d700ddf6b27db3d34f") ...) :ROW-REFS (#9# #12# #14# #16# #18# #20# #22# #25# #27# #29# #31# #33# ...) :ROW-COUNT 28 :REGISTRY-DIGEST "5bbfe882383438384459da9a41e6b0cd805efacfa7f191419e0a083e1f0f3747" :GENERATION-LAW-REF #8# :REGISTRY-ROOT-IDENTITY "67ffa42324e20d10f09288dd404ef1b89a982db4acac1b767c6ff13fb137c5df") :IMPORT-REGISTRY-REF #S(SEMANTIC-REGISTRY-ROOT-V1 :REGISTRY-KIND :IMPORT-REGISTRY-V1 :SCHEMA-VERSION 1 :ROWS (#S(SEMANTIC-GENERATED-REGISTRY-ROW-V1 :REGISTRY-KIND :IMPORT-REGISTRY-V1 :PAYLOAD (:IMMEDIATE-CHILD-REF #2# :ORIGIN-CHILD-REF #2# :ORIGIN-REGISTRY-ROW-REF #34="dbe174b49fda66c505a5db6d0b9712692f212627de09c2b9c8afea0e2fda55d7" :PROJECTION-LAW-REF :SEMANTIC-CHILD-IMPORT-PROMOTION-V1 :PROJECTION-WITNESS-REF "7b751b4f72592a8425ea7e9ee4027cfc97d1c54072a5ce18337015dfb92b7fb1" :IMPORT-KEY # ...) :GENERATOR-REF #35="7cbb2a172973fb531333d5f7bf0a733761e4ee5d9f3fbc2d76b80188c6549519" :GENERATION-LAW-REF #36=(:SEMANTIC-BUNDLE-GENERATION-LAW-V1 :IMPORT-REGISTRY-V1) :INPUT-ROW-REFS (#1# #34#) :ORIGIN-BUNDLE-REFS (#4#) :ORIGIN-CHILD-BUNDLE-REFS (#2#) :GENERATION-WITNESS-REF "c7b339cc616348ff874ac709820bfe0ab952fde24411834845c11c5a430e7807" :ROW-IDENTITY #37="597cb065dfe622276f93b8322a5efef724339372cbb1266e76d7b48004bf77bd") #S(SEMANTIC-GENERATED-REGISTRY-ROW-V1 :REGISTRY-KIND :IMPORT-REGISTRY-V1 :PAYLOAD (:IMMEDIATE-CHILD-REF #2# :ORIGIN-CHILD-REF #2# :ORIGIN-REGISTRY-ROW-REF #38="30ca50b613673714da539d0f799a880ee1044b24da77fd95f27aa657adbb0d2e" :PROJECTION-LAW-REF :SEMANTIC-CHILD-IMPORT-PROMOTION-V1 :PROJECTION-WITNESS-REF "236559d44f0ecabc8add93ee9d6605b14788d03f74a64e3e4a5ffd4f76a47c73" :IMPORT-KEY # ...) :GENERATOR-REF #35# :GENERATION-LAW-REF #36# :INPUT-ROW-REFS (#1# #38#) :ORIGIN-BUNDLE-REFS (#4#) :ORIGIN-CHILD-BUNDLE-REFS (#2#) :GENERATION-WITNESS-REF "e178f087ae0d6c6f49c2a8cdac41be0f93498f943b819a2bf88640252282e6b2" :ROW-IDENTITY #39="7d8dd49d94e8fe9737e281821bafbf083e4d4c58d7c74d44ad4f3a6968244b9a") #S(SEMANTIC-GENERATED-REGISTRY-ROW-V1 :REGISTRY-KIND :IMPORT-REGISTRY-V1 :PAYLOAD (:IMMEDIATE-CHILD-REF #2# :ORIGIN-CHILD-REF #2# :ORIGIN-REGISTRY-ROW-REF #40="e3960c5ee9b9af0829cbf609efd618b90566ceef9c63051e0968f2be29092c59" :PROJECTION-LAW-REF :SEMANTIC-CHILD-IMPORT-PROMOTION-V1 :PROJECTION-WITNESS-REF "b909513deddce1a47bcfa23a5044c0643c4906167f843ab7a97fb513d365a906" :IMPORT-KEY # ...) :GENERATOR-REF #35# :GENERATION-LAW-REF #36# :INPUT-ROW-REFS (#1# #40#) :ORIGIN-BUNDLE-REFS (#4#) :ORIGIN-CHILD-BUNDLE-REFS (#2#) :GENERATION-WITNESS-REF "f5674edd99cebd6c662663a380c1e42b57fe6c6ee7caa2f9b12be6da6b41bd6c" :ROW-IDENTITY #41="97baa3831becde5b2fba8bbb2bea26f6a7b6a8c3aed76c4454dde840e63a5a59") #S(SEMANTIC-GENERATED-REGISTRY-ROW-V1 :REGISTRY-KIND :IMPORT-REGISTRY-V1 :PAYLOAD (:IMMEDIATE-CHILD-REF #2# :ORIGIN-CHILD-REF #2# :ORIGIN-REGISTRY-ROW-REF #42="ffe1aec3397d86007568f1f725f99a7333d4e54b2c7f2ad7c243979fc029ffff" :PROJECTION-LAW-REF :SEMANTIC-CHILD-IMPORT-PROMOTION-V1 :PROJECTION-WITNESS-REF "063f123ad423dd088d4083e3c23ac27d9fa81e4a367a04b4b971a6f4eba514d0" :IMPORT-KEY # ...) :GENERATOR-REF #35# :GENERATION-LAW-REF #36# :INPUT-ROW-REFS (#1# #42#) :ORIGIN-BUNDLE-REFS (#4#) :ORIGIN-CHILD-BUNDLE-REFS (#2#) :GENERATION-WITNESS-REF "c8f325efb4f8f0d48fafd89a17b8a509bb6128b007446fe894515a25ab8835f2" :ROW-IDENTITY #43="fcb6496dd4530ca687f112f6809a50b00b7650a67f56f6af73e4a54f7e2753e7")) :ROW-REFS (#37# #39# #41# #43#) :ROW-COUNT 4 :REGISTRY-DIGEST "03a4a0572babc9c2d0dcbfb2ec9d7fa594966bb745243f0b4dfdca0143adb598" :GENERATION-LAW-REF #36# :REGISTRY-ROOT-IDENTITY "a84dc32eec48176be64ddb8fac588e002888ae354bbe2280e1d60498df724a2e") :DEPENDENCY-REGISTRY-REF #S(SEMANTIC-REGISTRY-ROOT-V1 :REGISTRY-KIND :DEPENDENCY-REGISTRY-V1 :SCHEMA-VERSION 1 :ROWS (#S(SEMANTIC-GENERATED-REGISTRY-ROW-V1 :REGISTRY-KIND :DEPENDENCY-REGISTRY-V1 :PAYLOAD (:RELATION-REF #44="9bcbf5f1bda50a284f30dc9e4de9edc1cba339cf3e7e6f5b7bf6fe1430a77e78" :RELATION-KIND :CALL :PARTICIPANT-REFS #) :GENERATOR-REF #45="2122318019af0fb6cc905de3dd6ee1f3f784bdb1612635bbc501e168e522b1a2" :GENERATION-LAW-REF #46=(:SEMANTIC-BUNDLE-GENERATION-LAW-V1 :DEPENDENCY-REGISTRY-V1) :INPUT-ROW-REFS (#47="533934fc11a124b218ae4cae0f97ede972d8713309fac17c6c06ed4b00262d55" #44# #48="9da126e551b78237085405d57519ff08563febda6c70b3eb02fc51c3a947b64b") :ORIGIN-BUNDLE-REFS (#4#) :ORIGIN-CHILD-BUNDLE-REFS NIL :GENERATION-WITNESS-REF "f48527a4856e6ca41d060906524a0201ab7f49ca5e15860fc2cdf795ed05ea4b" :ROW-IDENTITY #49="0736d6cb84fc6951f31271be0b8edf9a41fb91cd943b05c742c473520a031e1f") #S(SEMANTIC-GENERATED-REGISTRY-ROW-V1 :REGISTRY-KIND :DEPENDENCY-REGISTRY-V1 :PAYLOAD (:RELATION-REF #50="1f08523e755d87ff151f7d50cac1d77089a807ffa81a673763a8439c863c9cb8" :RELATION-KIND :CALL :PARTICIPANT-REFS #) :GENERATOR-REF #45# :GENERATION-LAW-REF #46# :INPUT-ROW-REFS (#50# #51="60365310cc3ce37871a7969fb55f15f54409b01d08ff830b2708e51673430d48" #52="f3e51cb5015771b469498b76a4c9337c85d8e917799d57aa4728291a3698a0c1") :ORIGIN-BUNDLE-REFS (#4#) :ORIGIN-CHILD-BUNDLE-REFS NIL :GENERATION-WITNESS-REF "f9a3c1302697359315c8eaa968b97184c06a2ec283e4da432dac047501708bbf" :ROW-IDENTITY #53="0f9ba49bc5c71965f818ad527c4db5f4e25357dc56db62a429e3b07443df160b") #S(SEMANTIC-GENERATED-REGISTRY-ROW-V1 :REGISTRY-KIND :DEPENDENCY-REGISTRY-V1 :PAYLOAD (:RELATION-REF #54="025b4006864766d522a27e6f026f6d9577c8970388d42ee472c3bd541d40f3f9" :RELATION-KIND :REFINEMENT :PARTICIPANT-REFS #) :GENERATOR-REF #45# :GENERATION-LAW-REF #46# :INPUT-ROW-REFS (#54# "1f78d53edf4fac1f4bf3e4c00616eea99fff71be025ab982f9bda8c8fc410f03" "289579f3a68caecf0f22e611befd434f0cf2566828fe38263f709254e0f1a5e8") :ORIGIN-BUNDLE-REFS (#4#) :ORIGIN-CHILD-BUNDLE-REFS NIL :GENERATION-WITNESS-REF "ff5357850826cf0a84670bcad9a2b2b327ec6065dc95e7e5ac18865d27814661" :ROW-IDENTITY #55="188ce5929e4193ec78b7a372f404e13d6f8fe841b27326a8aeb398776805997f") #S(SEMANTIC-GENERATED-REGISTRY-ROW-V1 :REGISTRY-KIND :DEPENDENCY-REGISTRY-V1 :PAYLOAD (:RELATION-REF #56="60f716b6dc15cfe5586942742d58ca7484314d1baf981b68e20fe05a8eca76ab" :RELATION-KIND :CALL :PARTICIPANT-REFS #) :GENERATOR-REF #45# :GENERATION-LAW-REF #46# :INPUT-ROW-REFS ("2d5c9ec8f637497ac96451b606a1179c1ec07df1b1ea19c80cbe03955b3cba6a" #56# "74779777ed948a628dc58c459150b2bd958d9d6a6dab2b249414e45d55e6cb87") :ORIGIN-BUNDLE-REFS (#4#) :ORIGIN-CHILD-BUNDLE-REFS NIL :GENERATION-WITNESS-REF "217b783d67df268a6e86ceadfbeeef107938ba59c7de2722bef12371ff0fa54d" :ROW-IDENTITY #57="1faddf346e78833b5b5dde20279d249169ad2689b98b2272f47d935bffe57963") #S(SEMANTIC-GENERATED-REGISTRY-ROW-V1 :REGISTRY-KIND :DEPENDENCY-REGISTRY-V1 :PAYLOAD (:RELATION-REF #58="1cbe7eb059022dae6580c24b5bd49cac6e750078263d0bc45b8b85dcc26c5126" :RELATION-KIND :CALL :PARTICIPANT-REFS #) :GENERATOR-REF #45# :GENERATION-LAW-REF #46# :INPUT-ROW-REFS (#58# "75db1cf1d52ce07737982824ad525f3ad94c2d33bd6f188248e0ebc7fed22102" "c00b327f6513c621d33b92a925306ab871651960619b2f42eb2b070d8ab62207") :ORIGIN-BUNDLE-REFS (#4#) :ORIGIN-CHILD-BUNDLE-REFS NIL :GENERATION-WITNESS-REF "bff19fde2cab9f2d362a6742bd5b6a98fe44f2a11041bd676cc673926485a463" :ROW-IDENTITY #59="27a344145fbb00f86ab0e1ebf50c1b949f465ae4f2bc80f091848cafb982b3bc") #S(SEMANTIC-GENERATED-REGISTRY-ROW-V1 :REGISTRY-KIND :DEPENDENCY-REGISTRY-V1 :PAYLOAD (:RELATION-REF #60="5c4421e5d96b65814743542fab0f70125a2fe84674bddf29229a2f5b803f1f29" :RELATION-KIND :CALL :PARTICIPANT-REFS #) :GENERATOR-REF #45# :GENERATION-LAW-REF #46# :INPUT-ROW-REFS (#60# #61="b6668992f4393cd8845ada6860b07d55b5b53aeb89a03370c59d1187205c6ac1" #62="c0d8840dc33e722edb4f3d452e2d597f4e22dd770d9830e6add18d99a5f055a0") :ORIGIN-BUNDLE-REFS (#4#) :ORIGIN-CHILD-BUNDLE-REFS NIL :GENERATION-WITNESS-REF "cd4180437286e80c6ea9a52e8fa9c909c7169cd1d9e6f73a151b8acc40a549bf" :ROW-IDENTITY #63="31e00fcb46c8391a55e2384f236a48c303f8fd77b8603d17b46a663097db139d") #S(SEMANTIC-GENERATED-REGISTRY-ROW-V1 :REGISTRY-KIND :DEPENDENCY-REGISTRY-V1 :PAYLOAD (:RELATION-REF #64="38c3104062a96384fce16fe342c162c950cd44e31e2e74b8f686acd9510215e0" :RELATION-KIND :CALL :PARTICIPANT-REFS #) :GENERATOR-REF #45# :GENERATION-LAW-REF #46# :INPUT-ROW-REFS ("2dc1bc410adc5025ef27cfc6b859f447595eed2407ed87481d1d2cb61aa88c50" #64# "f28787f4559ca85798036ef6b2af8bab02ec8d5c4934a114abc42f1ce7a1f410") :ORIGIN-BUNDLE-REFS (#4#) :ORIGIN-CHILD-BUNDLE-REFS NIL :GENERATION-WITNESS-REF "48a3a77f9221b5f605972e46233f18b27e1ae20d8ef376aaafa62ffd2562671a" :ROW-IDENTITY #65="3b134751bb6e93f1b1e480bd32c5f31adf66e7482206aa850fd7d22c31c0ef8a") #S(SEMANTIC-GENERATED-REGISTRY-ROW-V1 :REGISTRY-KIND :DEPENDENCY-REGISTRY-V1 :PAYLOAD (:RELATION-REF #66="18800c547a5fd3d97bf78dd07a8fc9938b7783dbdedb3262d54f0de31bb62d01" :RELATION-KIND :CALL :PARTICIPANT-REFS #) :GENERATOR-REF #45# :GENERATION-LAW-REF #46# :INPUT-ROW-REFS (#66# "229113310844127d4abdf5e0f0ff92793f844e90fbcb10637760918838460a9e" "f1f5da48ee48941e70a5471f721eaea155cf39d4f645cee0458af52302307afa") :ORIGIN-BUNDLE-REFS (#4#) :ORIGIN-CHILD-BUNDLE-REFS NIL :GENERATION-WITNESS-REF "0a2e4603f22bbb2f2495996dc84d5af6cd0e3f81d59c36c77e5aec4cc458e37a" :ROW-IDENTITY #67="407a51e301444719e3c498cd135d1868cc590e337306f467cdf9adbfe0f635de") #S(SEMANTIC-GENERATED-REGISTRY-ROW-V1 :REGISTRY-KIND :DEPENDENCY-REGISTRY-V1 :PAYLOAD (:RELATION-REF #68="a313270bfad41f519e428e942498bd8680be587c713472ebf5adaaf4a27114b6" :RELATION-KIND :CALL :PARTICIPANT-REFS #) :GENERATOR-REF #45# :GENERATION-LAW-REF #46# :INPUT-ROW-REFS (#68# #69="caf366162517c2420edacb212978481dccaf056d57030420b3b47b6014ef8943" #70="e3748e416be9c0af371800a76e63207dcba9d22d08eb73f98390180506577054") :ORIGIN-BUNDLE-REFS (#4#) :ORIGIN-CHILD-BUNDLE-REFS NIL :GENERATION-WITNESS-REF "dc17186aa307bc40f77aa2dab7f8879009569444d99ccb866367ece6c95e724d" :ROW-IDENTITY #71="458c23c5e8a1176f14ec9c9ea7743d614fb8c80cfe1581f063ba89d025738211") #S(SEMANTIC-GENERATED-REGISTRY-ROW-V1 :REGISTRY-KIND :DEPENDENCY-REGISTRY-V1 :PAYLOAD (:RELATION-REF #72="c1918da98b2fd5dec06516b9db78c0d319eb821c564d537a5c1d36aff51ecf04" :RELATION-KIND :CALL :PARTICIPANT-REFS #) :GENERATOR-REF #45# :GENERATION-LAW-REF #46# :INPUT-ROW-REFS (#73="8ab04ea2a40a9eab7d60cb8bce23961f2f90a351f9587a164bf50815ad32bdc6" #72# #74="d1193c460104733955a9663c3b43ab9f0e7b7088633d899e787559001a4cd466") :ORIGIN-BUNDLE-REFS (#4#) :ORIGIN-CHILD-BUNDLE-REFS NIL :GENERATION-WITNESS-REF "eeb710d300e75751eb572ef8247808884c8cfe3ee8bba4caf06fa7e110dcec60" :ROW-IDENTITY #75="4e910ee978ac738e284264e5024fa0288aafa8733364d125bf4eb720c356543b") #S(SEMANTIC-GENERATED-REGISTRY-ROW-V1 :REGISTRY-KIND :DEPENDENCY-REGISTRY-V1 :PAYLOAD (:RELATION-REF #76="b2d5b074a1fdd37ac371551e26f108ac9b09c60bba06b324b61e30817f8b7448" :RELATION-KIND :CALL :PARTICIPANT-REFS #) :GENERATOR-REF #45# :GENERATION-LAW-REF #46# :INPUT-ROW-REFS (#77="a5c4e3ebefe37ce0af0e65d8feb348b60c8a9485cbfe5bc9e16a8da42b10a1a4" #76# #78="f0d3cac795c7bbef7d67e35950214fa06413d5e0a346de43ad6118d6feca50ee") :ORIGIN-BUNDLE-REFS (#4#) :ORIGIN-CHILD-BUNDLE-REFS NIL :GENERATION-WITNESS-REF "b867540ffcfa9a69d76d9e5f1db459ca0bf9b893897fd024ac55ec4be0133f26" :ROW-IDENTITY #79="5d2139505b9eb29b3d4226ae8a45140ae7415e2b34b406206a5248989bc5ba31") #S(SEMANTIC-GENERATED-REGISTRY-ROW-V1 :REGISTRY-KIND :DEPENDENCY-REGISTRY-V1 :PAYLOAD (:RELATION-REF #80="a502c04dcfa4b1b2e67eb9291e54aecf5545a00bcd3380efa428636da16a483b" :RELATION-KIND :REFINEMENT :PARTICIPANT-REFS #) :GENERATOR-REF #45# :GENERATION-LAW-REF #46# :INPUT-ROW-REFS ("5d39af24c4339ba43e3d42283b9d08c714997e4e26767677255410820f517f44" #80# "f316fc7b76478576bdfff992afa531609ae0f818da4a44e0ebe4b5268a9a8b45") :ORIGIN-BUNDLE-REFS (#4#) :ORIGIN-CHILD-BUNDLE-REFS NIL :GENERATION-WITNESS-REF "7f4cf6217490f50e7446d7437626aa4b3c37362aedf6f97870d13124510f5c73" :ROW-IDENTITY #81="5e1c53626dfe56de9039c3fb548c19e1090711922ae6dc82637c8f69f0ed551d") ...) :ROW-REFS (#49# #53# #55# #57# #59# #63# #65# #67# #71# #75# #79# #81# ...) :ROW-COUNT 25 :REGISTRY-DIGEST "7ccf1909c7526b88a10b7112f7e657f7e022153af6785214928d44469222af65" :GENERATION-LAW-REF #46# :REGISTRY-ROOT-IDENTITY "db33c830286f085a55411dd9939f7a8e6a781e43d434144f71e8c20e40855a3d") :FORMAL-BINDING-REGISTRY-REF #S(SEMANTIC-REGISTRY-ROOT-V1 :REGISTRY-KIND :FORMAL-BINDING-REGISTRY-V1 :SCHEMA-VERSION 1 :ROWS NIL :ROW-REFS NIL :ROW-COUNT 0 :REGISTRY-DIGEST "86235b62754819e9b7c4081e7342d1571b946033ff6bd504388de7dedd834af9" :GENERATION-LAW-REF (:SEMANTIC-BUNDLE-EMPTY-GENERATED-REGISTRY-V1 :FORMAL-BINDING-REGISTRY-V1) :REGISTRY-ROOT-IDENTITY "67ea6420c44015b1e8261f7bb565b65787eeb0483a363f08de7adf256e964b38") :EVIDENCE-REGISTRY-REF #S(SEMANTIC-REGISTRY-ROOT-V1 :REGISTRY-KIND :EVIDENCE-REGISTRY-V1 :SCHEMA-VERSION 1 :ROWS NIL :ROW-REFS NIL :ROW-COUNT 0 :REGISTRY-DIGEST "ba594eda3d6d8c181981c9249fd1791098e36d237b7d4617a6038f4ded15ba41" :GENERATION-LAW-REF (:SEMANTIC-BUNDLE-EMPTY-GENERATED-REGISTRY-V1 :EVIDENCE-REGISTRY-V1) :REGISTRY-ROOT-IDENTITY "3f235488aa8bba18ae99eb63c26608a75ed33533506a53788ba79118bd6c48b8") :REALIZATION-REGISTRY-REF #S(SEMANTIC-REGISTRY-ROOT-V1 :REGISTRY-KIND :REALIZATION-REGISTRY-V1 :SCHEMA-VERSION 1 :ROWS NIL :ROW-REFS NIL :ROW-COUNT 0 :REGISTRY-DIGEST "c2b11502238f0d5dd84858b924de9cd5b8a785da84987a92f7ea5e486d8228d1" :GENERATION-LAW-REF (:SEMANTIC-BUNDLE-EMPTY-GENERATED-REGISTRY-V1 :REALIZATION-REGISTRY-V1) :REGISTRY-ROOT-IDENTITY "c128b335fe5cc875a66221b4a7e22ddeda32d96b0c393d5398b85969b59cf08e") :ARTIFACT-LINKAGE-REGISTRY-REF #S(SEMANTIC-REGISTRY-ROOT-V1 :REGISTRY-KIND :ARTIFACT-LINKAGE-REGISTRY-V1 :SCHEMA-VERSION 1 :ROWS NIL :ROW-REFS NIL :ROW-COUNT 0 :REGISTRY-DIGEST "9d52523ec009dfa07158e269763d4f4bc58bce02f524cc990013a7e97cf6ac15" :GENERATION-LAW-REF (:SEMANTIC-BUNDLE-EMPTY-GENERATED-REGISTRY-V1 :ARTIFACT-LINKAGE-REGISTRY-V1) :REGISTRY-ROOT-IDENTITY "ac95d9db36ee25a81d3509bd0a15ad3f3f2cd94cd181849a70d5ed99ed8b2e74") :ROUTE-REGISTRY-REF #S(SEMANTIC-REGISTRY-ROOT-V1 :REGISTRY-KIND :ROUTE-REGISTRY-V1 :SCHEMA-VERSION 1 :ROWS (#S(SEMANTIC-GENERATED-REGISTRY-ROW-V1 :REGISTRY-KIND :ROUTE-REGISTRY-V1 :PAYLOAD (:PROFILE :RELATION-INCIDENCES-V1 :RELATION-REF #82="8a284fe64aea81e3f582c336f5aad7f0c0c94c1a1cdab3bdd4b809de5d1d4cc6" :CONSTITUTION #83="ebf3498d84178fbaf1af14261cdf5742259e66bb9f7dc2863446c267d4309f70" :ENDPOINTS # :EXECUTION :UNBOUND :AUTHORITY :SYMBOLIC-ONLY) :GENERATOR-REF #84="b65bb258d4bfca0551072194605fe01879a578550f75fa8a955a959f3f346e63" :GENERATION-LAW-REF #85=(:SEMANTIC-BUNDLE-GENERATION-LAW-V1 :ROUTE-REGISTRY-V1) :INPUT-ROW-REFS ("0314cdf09bf0aa99775bad3a55ea4d438f9a1350ff5d92e8a02836911c85bbc1" "0f711a463da8baa81e7e80ae0b3fef9a13c08ce1370c94dc6197a8a1c9bfdc79" #82#) :ORIGIN-BUNDLE-REFS (#4#) :ORIGIN-CHILD-BUNDLE-REFS NIL :GENERATION-WITNESS-REF "c72a3cc89d0fa4ab9abde9574de52c6b81c96f83b8f13f7918c8e20518ca7084" :ROW-IDENTITY #86="265930f7fb066cf5ac59629b9df003886b8849e51e957aa9a844639ad40cea0c") #S(SEMANTIC-GENERATED-REGISTRY-ROW-V1 :REGISTRY-KIND :ROUTE-REGISTRY-V1 :PAYLOAD (:PROFILE :RELATION-INCIDENCES-V1 :RELATION-REF #87="3ef0382cced73c9529e77eda8992bb555531e5c9f9a4a05ba33d7a909890b0b8" :CONSTITUTION #83# :ENDPOINTS # :EXECUTION :UNBOUND :AUTHORITY :SYMBOLIC-ONLY) :GENERATOR-REF #84# :GENERATION-LAW-REF #85# :INPUT-ROW-REFS (#87# "c78eec82e5d6ee84f4682961a282e0b623d17804c756c1cadd739ef5d72d540d" "e5d3b9b6dfdb81dfd1a6effd20e1a1e32d2479cf9e2f70b8fc156fa3775efdc4") :ORIGIN-BUNDLE-REFS (#4#) :ORIGIN-CHILD-BUNDLE-REFS NIL :GENERATION-WITNESS-REF "f4d08b220ddb65927e9f98b167e972f6f8a4db97a999c466cb522e8e3543a869" :ROW-IDENTITY #88="27e29f0245c728f2ab66162d970392c2cfbba935c827dc0f11f2273f50c6810c") #S(SEMANTIC-GENERATED-REGISTRY-ROW-V1 :REGISTRY-KIND :ROUTE-REGISTRY-V1 :PAYLOAD (:PROFILE :RELATION-INCIDENCES-V1 :RELATION-REF #72# :CONSTITUTION #83# :ENDPOINTS # :EXECUTION :UNBOUND :AUTHORITY :SYMBOLIC-ONLY) :GENERATOR-REF #84# :GENERATION-LAW-REF #85# :INPUT-ROW-REFS (#73# #72# #74#) :ORIGIN-BUNDLE-REFS (#4#) :ORIGIN-CHILD-BUNDLE-REFS NIL :GENERATION-WITNESS-REF "4450c7cd1118c1dfcfa6b64c7e5412e32a30fe330d2287ec1b033dc227e89c68" :ROW-IDENTITY #89="3bceff45be26dd14b33e7da2592cdf7c0b72a299fac64d5b142616a98065485d") #S(SEMANTIC-GENERATED-REGISTRY-ROW-V1 :REGISTRY-KIND :ROUTE-REGISTRY-V1 :PAYLOAD (:PROFILE :RELATION-INCIDENCES-V1 :RELATION-REF #50# :CONSTITUTION #83# :ENDPOINTS # :EXECUTION :UNBOUND :AUTHORITY :SYMBOLIC-ONLY) :GENERATOR-REF #84# :GENERATION-LAW-REF #85# :INPUT-ROW-REFS (#50# #51# #52#) :ORIGIN-BUNDLE-REFS (#4#) :ORIGIN-CHILD-BUNDLE-REFS NIL :GENERATION-WITNESS-REF "0feb7d7ae85383af9be6d58e58dc92eec9096ab52daf2c215a3c69db058b9474" :ROW-IDENTITY #90="3fcc147faacd90047551b2a6004bba1aedf98e1ce73bc2105d4fb4cdbe23bdc7") #S(SEMANTIC-GENERATED-REGISTRY-ROW-V1 :REGISTRY-KIND :ROUTE-REGISTRY-V1 :PAYLOAD (:PROFILE :RELATION-INCIDENCES-V1 :RELATION-REF #44# :CONSTITUTION #83# :ENDPOINTS # :EXECUTION :UNBOUND :AUTHORITY :SYMBOLIC-ONLY) :GENERATOR-REF #84# :GENERATION-LAW-REF #85# :INPUT-ROW-REFS (#47# #44# #48#) :ORIGIN-BUNDLE-REFS (#4#) :ORIGIN-CHILD-BUNDLE-REFS NIL :GENERATION-WITNESS-REF "5af6c6c6097abf89f3b1f8623dd0e01fe60402ce494534a146c6e8ece33050e7" :ROW-IDENTITY #91="4c500e3c5c98e3dc75ab731ad2ee42a826dacbd3c744940d5da00f257840636e") #S(SEMANTIC-GENERATED-REGISTRY-ROW-V1 :REGISTRY-KIND :ROUTE-REGISTRY-V1 :PAYLOAD (:PROFILE :RELATION-INCIDENCES-V1 :RELATION-REF #60# :CONSTITUTION #83# :ENDPOINTS # :EXECUTION :UNBOUND :AUTHORITY :SYMBOLIC-ONLY) :GENERATOR-REF #84# :GENERATION-LAW-REF #85# :INPUT-ROW-REFS (#60# #61# #62#) :ORIGIN-BUNDLE-REFS (#4#) :ORIGIN-CHILD-BUNDLE-REFS NIL :GENERATION-WITNESS-REF "b59686b72462c40a9feceeebd920e70feeb9526f4bd648b97ed5d3dca7da8e2a" :ROW-IDENTITY #92="615b7bc509c8d825a3daa632e67953cedc6556f4ee5b2862b60852b0ae4e3091") #S(SEMANTIC-GENERATED-REGISTRY-ROW-V1 :REGISTRY-KIND :ROUTE-REGISTRY-V1 :PAYLOAD (:PROFILE :RELATION-INCIDENCES-V1 :RELATION-REF #93="9ddeffd7c8c3951161d5ed92c05f7bbe1029fefc3381ed0cd45aec1c79e96140" :CONSTITUTION #83# :ENDPOINTS # :EXECUTION :UNBOUND :AUTHORITY :SYMBOLIC-ONLY) :GENERATOR-REF #84# :GENERATION-LAW-REF #85# :INPUT-ROW-REFS ("96cabc21d8e8e141f2a8e030abf855a4df5198aac8c86a914c12c3c27bf03d15" #93# "d25f52904aaaef4b32214f789c18b21b989aad1e9eeaecdb52a1abd3d95153ed") :ORIGIN-BUNDLE-REFS (#4#) :ORIGIN-CHILD-BUNDLE-REFS NIL :GENERATION-WITNESS-REF "02a3cc4c8d67b13fee538ac0aa6319d7d5bee5199d2f3dd5cf598e261e881785" :ROW-IDENTITY #94="6452bbffb099b760db309fe3ce55136f7f7d1cbea8ba0740be70e795c547098f") #S(SEMANTIC-GENERATED-REGISTRY-ROW-V1 :REGISTRY-KIND :ROUTE-REGISTRY-V1 :PAYLOAD (:PROFILE :RELATION-INCIDENCES-V1 :RELATION-REF #95="9f33b2283cdd13ac06f14d9e012faa04a5e1f3355b2329898cc87443353b45e3" :CONSTITUTION #83# :ENDPOINTS # :EXECUTION :UNBOUND :AUTHORITY :SYMBOLIC-ONLY) :GENERATOR-REF #84# :GENERATION-LAW-REF #85# :INPUT-ROW-REFS ("47ae870d388396a3d2a69fc7765f58b4e21d3099fdac390800366716e138d798" #95# "eeefc8dfb05c6fd6cf875ab1e475d79da8d45b887e093babe84aabb9f328d302") :ORIGIN-BUNDLE-REFS (#4#) :ORIGIN-CHILD-BUNDLE-REFS NIL :GENERATION-WITNESS-REF "d7dc0f803b1a7f95f2742cfd78dd0d4bb949abafaeeb814754713e52d41fb2ca" :ROW-IDENTITY #96="760b6e4a41c129eda18ae711461556df5a152ef32b766974336cf8eaffe0da42") #S(SEMANTIC-GENERATED-REGISTRY-ROW-V1 :REGISTRY-KIND :ROUTE-REGISTRY-V1 :PAYLOAD (:PROFILE :RELATION-INCIDENCES-V1 :RELATION-REF #76# :CONSTITUTION #83# :ENDPOINTS # :EXECUTION :UNBOUND :AUTHORITY :SYMBOLIC-ONLY) :GENERATOR-REF #84# :GENERATION-LAW-REF #85# :INPUT-ROW-REFS (#77# #76# #78#) :ORIGIN-BUNDLE-REFS (#4#) :ORIGIN-CHILD-BUNDLE-REFS NIL :GENERATION-WITNESS-REF "765d6b2211ef21b2584f893d07708fba7e51e1062841c3403fc86f0dc5235910" :ROW-IDENTITY #97="7dad879cf208ae5de7d66c25244ae35df0a7b6cfd652fc7a56c9bc0b814835b5") #S(SEMANTIC-GENERATED-REGISTRY-ROW-V1 :REGISTRY-KIND :ROUTE-REGISTRY-V1 :PAYLOAD (:PROFILE :RELATION-INCIDENCES-V1 :RELATION-REF #98="adb94a15d8a5a0aa68ec7a61d489c5c75e727635e8ef1c05873970f1406cb407" :CONSTITUTION #83# :ENDPOINTS # :EXECUTION :UNBOUND :AUTHORITY :SYMBOLIC-ONLY) :GENERATOR-REF #84# :GENERATION-LAW-REF #85# :INPUT-ROW-REFS ("000eee07256b90f4d00e24bd1ead978933438a07eff1688bc89d3004a93f52a2" "37dceaf3c409acb106924f7fdb8344a235d6920a0b5dad20b0b7cf6c2a976498" #98#) :ORIGIN-BUNDLE-REFS (#4#) :ORIGIN-CHILD-BUNDLE-REFS NIL :GENERATION-WITNESS-REF "6bb1061b9df6ff612f1d84d02d4f58570132509a9db0abc4761f654794e36612" :ROW-IDENTITY #99="84dfd7ae1d46333a34e4c21775ad6c0009a0fbe95bdf386411cabb01b4bb136c") #S(SEMANTIC-GENERATED-REGISTRY-ROW-V1 :REGISTRY-KIND :ROUTE-REGISTRY-V1 :PAYLOAD (:PROFILE :RELATION-INCIDENCES-V1 :RELATION-REF #100="87e5f25232c4cc2874b6e923015bc6c8e742d0ecc0eff0e358f6fc60ee91052e" :CONSTITUTION #83# :ENDPOINTS # :EXECUTION :UNBOUND :AUTHORITY :SYMBOLIC-ONLY) :GENERATOR-REF #84# :GENERATION-LAW-REF #85# :INPUT-ROW-REFS ("7c839c0683ec5cf2680424f68bf55234721b4e486a71903325c926c19a2957cb" #100# "c891cd46fddb3b53c55b4d7f51345c1bd24edf34e150799b922fcbec438164b0") :ORIGIN-BUNDLE-REFS (#4#) :ORIGIN-CHILD-BUNDLE-REFS NIL :GENERATION-WITNESS-REF "9fa051112014d6392758aeb302561cbc9c9dd23a27dbdb105170c3ad9cd0bc1f" :ROW-IDENTITY #101="8ab9c6a9a835ae687ffb706d95bfa511653835644c46f127f362d5c0c9d960b4") #S(SEMANTIC-GENERATED-REGISTRY-ROW-V1 :REGISTRY-KIND :ROUTE-REGISTRY-V1 :PAYLOAD (:PROFILE :RELATION-INCIDENCES-V1 :RELATION-REF #68# :CONSTITUTION #83# :ENDPOINTS # :EXECUTION :UNBOUND :AUTHORITY :SYMBOLIC-ONLY) :GENERATOR-REF #84# :GENERATION-LAW-REF #85# :INPUT-ROW-REFS (#68# #69# #70#) :ORIGIN-BUNDLE-REFS (#4#) :ORIGIN-CHILD-BUNDLE-REFS NIL :GENERATION-WITNESS-REF "8ee27712eed8d25bfff407e811c6fa1b7bdbedbc7b2008595a9df57bf2cabb9e" :ROW-IDENTITY #102="9570ab18667148a29820ac385d22287f1689729140e7a390a69dfe8923bea532") ...) :ROW-REFS (#86# #88# #89# #90# #91# #92# #94# #96# #97# #99# #101# #102# ...) :ROW-COUNT 25 :REGISTRY-DIGEST "268ab9f2b6f39f3dd8c8185f19b3947a4400d5c5a44149e8fab33d3d7984a071" :GENERATION-LAW-REF (:SEMANTIC-BUNDLE-ROUTE-REGISTRY-VERIFICATION-V1) :REGISTRY-ROOT-IDENTITY "0e7adcd9884b80a9c8cfa10a92c8f43965222dd559a614d40474f4502cc43503") :SATURATED-CODATA-REGISTRY-REF #S(SEMANTIC-REGISTRY-ROOT-V1 :REGISTRY-KIND :SATURATED-CODATA-REGISTRY-V1 :SCHEMA-VERSION 1 :ROWS NIL :ROW-REFS NIL :ROW-COUNT 0 :REGISTRY-DIGEST "6f3ddce981276ed17751491377efea06653647711101cde77b9300565492491e" :GENERATION-LAW-REF (:SEMANTIC-BUNDLE-EMPTY-GENERATED-REGISTRY-V1 :SATURATED-CODATA-REGISTRY-V1) :REGISTRY-ROOT-IDENTITY "dca73d99a3c78f8cb87d90d5f900d7ce53fcdf985b21d5244405c40894dcb098") :SEMANTIC-CONSEQUENCE-TRANSPORT-REGISTRY-REF #S(SEMANTIC-REGISTRY-ROOT-V1 :REGISTRY-KIND :SEMANTIC-CONSEQUENCE-TRANSPORT-REGISTRY-V1 :SCHEMA-VERSION 1 :ROWS NIL :ROW-REFS NIL :ROW-COUNT 0 :REGISTRY-DIGEST "88550f49781c879a657daea01b223c04f854fb59a2eca140fef80077d05c69fd" :GENERATION-LAW-REF (:SEMANTIC-BUNDLE-EMPTY-GENERATED-REGISTRY-V1 :SEMANTIC-CONSEQUENCE-TRANSPORT-REGISTRY-V1) :REGISTRY-ROOT-IDENTITY "943bf24cbe9680fadfa99fa7dc38009fdde31661e341a489aa696e680ba483ce") :GENERATED-REGISTRY-SET-IDENTITY "8db59bfac5cf5914cbc959432ab3c41b14f2daab3dc26328444f86e55ee983f2") #S(SEMANTIC-BUNDLE-CLOSURE-V1 :BUNDLE-PRECLOSURE-REF #1="6e8c8eb87ae821c4ee0629ac20ec901afa66da0b073e9c2eeba5b207b94b8149" :BASE-REGISTRY-SET-REF #2="bf2475babe48d948a3ae1198d370ee2b253477f3e29f18bbd0ab923eadfdfa1c" :GENERATED-REGISTRY-SET-REF #3="8db59bfac5cf5914cbc959432ab3c41b14f2daab3dc26328444f86e55ee983f2" :CHILD-CLOSURE-REFS ("fe4dcc413bc0cca1b3fe289491e45feb96c96f7eacc481a73f9d5ae6830f5ee9") :CLOSURE-LAW-SET-REF :SHG-VM-OPEN-STRUCTURAL-V1 :STRUCTURAL-VALIDATION-REF "138a52f249988f7c94fdc1f8bfd9fb7f2392e9621ecbc4594685adfbc2d946bd" :REGISTRY-GENERATION-WITNESS-REFS ("a1ba69aaa18d32c91c533c8bb78cbfa68f2900245aa930f2084b4e7a901dd269" "67ffa42324e20d10f09288dd404ef1b89a982db4acac1b767c6ff13fb137c5df" "a84dc32eec48176be64ddb8fac588e002888ae354bbe2280e1d60498df724a2e" "db33c830286f085a55411dd9939f7a8e6a781e43d434144f71e8c20e40855a3d") :UNRESOLVED-IMPORT-REFS ("597cb065dfe622276f93b8322a5efef724339372cbb1266e76d7b48004bf77bd" "7d8dd49d94e8fe9737e281821bafbf083e4d4c58d7c74d44ad4f3a6968244b9a" "97baa3831becde5b2fba8bbb2bea26f6a7b6a8c3aed76c4454dde840e63a5a59" "fcb6496dd4530ca687f112f6809a50b00b7650a67f56f6af73e4a54f7e2753e7") :MANDATORY-HOLE-REFS ("0ba0d6234d30444424f92d0a8ba311258d95fdb4461dccf068ccdccf2f4a97c2" "1603b9a22122fa33b86a8922e8e8cc0912550bc5b61eac9b814ff639f3153a22" "1ef831c91ac3a82a2a9152543f6479b0cb7dbaf884d6ea4e106d917d25521d4f" "21648166c70e9429d19860ac42d93a96e93dceaeb4348f76646a07e00c7e6adb" "290abb3af195932937682b55d26386842d9d508cb1a6d87c6a60631ed69c04f8" "2b312c080ba1e1d27e3027f49e20fb4812b921658924a0581c5d48227b9b562a" "44172be346133473c31b8cf564948ddb0bb634a68dca785747a9494c6e576faa" "4b03c1f5013a4f2b768f938a07b96da87d5c372cb52a928b8731dcc910a1950b" "6361f563f43a1b30aaa29e6b0e11de543619b91b35fb469d730f05168f956811" "9dd9986fe2e225cb8660e429ea1804e1a6620bc08f4eea9b6639a67a45d184d2" "a334a004e8a8cdfc23749133f82cceafb817a364a3b8b09c1e8fc8f86b723172" "c201dc254744e8368bfc129269642cd34dd686ddc056be3b01a5dfad719bff6e" ...) :CLOSURE-STATUS :PARTIAL :BUNDLE-SNAPSHOT-REF #S(SEMANTIC-BUNDLE-SNAPSHOT-REF-V1 :BUNDLE-REF #1# :BASE-REGISTRY-SET-REF #2# :GENERATED-REGISTRY-SET-REF #3# :CLOSURE-LAW-SET-REF :SHG-VM-OPEN-STRUCTURAL-V1 :SNAPSHOT-IDENTITY "a69db5f1c1476deb9417fb600bcf0944868f43dfe38123469d89e9fd4c291688") :CLOSURE-IDENTITY "92bd00dcc82e61add9cee25de250da3209392422e7be01654b294907cd369f9e") #S(SEMANTIC-BUNDLE-ROW-ADDRESS-V1 :DOMAIN :SEMANTIC :BUNDLE-OCCURRENCE-PATH #S(SEMANTIC-SCOPE-PATH-V1 :SEGMENT-TOKENS (#1="vm" #2="generation-0") :SCOPE-IDENTITY "9634a9281dec1e6dfefb29f09d26b67d7020966267df6f4033aa222866d75a9a") :BUNDLE-SNAPSHOT-REF "a69db5f1c1476deb9417fb600bcf0944868f43dfe38123469d89e9fd4c291688" :REGISTRY-KIND :MEMBER-REGISTRY-V1 :ROW-REF #3="9048b02460f88a34eea56178c0dc3226eda0dd40f85c0c8649dc5bf0ce054700" :FACET-REF NIL :LINEAGE-REF #S(CONSTRUCTION-LINEAGE-REF-V1 :LINEAGE-KEY (:BUNDLE-PATH (#1# #2#) :REGISTRY-KIND :MEMBER-REGISTRY-V1 :ROW-REF #3#) :PREDECESSOR-REF NIL :LINEAGE-IDENTITY "0c41fb4e6510fbe906914ee66ad65905ac0aa235646f4d3d059c7c612ad433dc") :ADDRESS-IDENTITY "b2f52fee24cbfc712cc8dfd709336342ed4d80302fce0d85c25f53a95348dcde"))
7: ((LABELS WALK :IN SHG-CONTEXT-LIFT-GROW-V1) (:APPLICATION (:CALLEE "fetch" "VmState" "Fetched" "b2f52fee24cbfc712cc8dfd709336342ed4d80302fce0d85c25f53a95348dcde") (:VARIABLE "input" "VmState")) "input" #S(SEMANTIC-PORT-ROW-V1 :LOCAL-PORT-KEY ("d95c1acf4b8207d440e084b8191f6fe38d6ea3d3762e778da3d942a2606baa24" :BOUNDARY :IN) :OWNER-KIND :MEMBER :OWNER-REF "cd243b0926c62949f45297d6a5c278b53bd00c56abe5c52721daa2aa3bb0e201" :PORT-KIND :INPUT :DIRECTION :IN :CONTRACT-REF (:PROPOSED-VALUE-TYPE "VmState") :SURFACE-REF NIL :FORMAL-SURFACE-REF NIL :STATE-PROFILE-REF NIL :EFFECT-PROFILE-REF "8d625050e0efa8d692e82de6f8fba72c30fd1e3c8208b417f1454ef60e879e3d" :RESOURCE-PROFILE-REF NIL :AUTHORITY-PROFILE-REF NIL ...) "VmState" 2)
8: ((LABELS WALK :IN SHG-CONTEXT-LIFT-GROW-V1) (:APPLICATION (:CALLEE "decode" "Fetched" "Decoded" "3f2a50e9e07cec2d91a8773697a91980a7d4cae172e1ad0f497563f49986d35b") (:APPLICATION (:CALLEE "fetch" "VmState" "Fetched" "b2f52fee24cbfc712cc8dfd709336342ed4d80302fce0d85c25f53a95348dcde") (:VARIABLE "input" "VmState"))) "input" #S(SEMANTIC-PORT-ROW-V1 :LOCAL-PORT-KEY ("d95c1acf4b8207d440e084b8191f6fe38d6ea3d3762e778da3d942a2606baa24" :BOUNDARY :IN) :OWNER-KIND :MEMBER :OWNER-REF "cd243b0926c62949f45297d6a5c278b53bd00c56abe5c52721daa2aa3bb0e201" :PORT-KIND :INPUT :DIRECTION :IN :CONTRACT-REF (:PROPOSED-VALUE-TYPE "VmState") :SURFACE-REF NIL :FORMAL-SURFACE-REF NIL :STATE-PROFILE-REF NIL :EFFECT-PROFILE-REF "8d625050e0efa8d692e82de6f8fba72c30fd1e3c8208b417f1454ef60e879e3d" :RESOURCE-PROFILE-REF NIL :AUTHORITY-PROFILE-REF NIL ...) "VmState" 1)
9: ((LABELS WALK :IN SHG-CONTEXT-LIFT-GROW-V1) (:APPLICATION (:CALLEE "execute" "Decoded" "StepResult" "22e9a0f64ed012567835b7152f2ac7dc4e91e2d8e26d0c5a6149575f2b5e0c5e") (:APPLICATION (:CALLEE "decode" "Fetched" "Decoded" "3f2a50e9e07cec2d91a8773697a91980a7d4cae172e1ad0f497563f49986d35b") (:APPLICATION (:CALLEE "fetch" "VmState" "Fetched" "b2f52fee24cbfc712cc8dfd709336342ed4d80302fce0d85c25f53a95348dcde") (:VARIABLE "input" "VmState")))) "input" #S(SEMANTIC-PORT-ROW-V1 :LOCAL-PORT-KEY ("d95c1acf4b8207d440e084b8191f6fe38d6ea3d3762e778da3d942a2606baa24" :BOUNDARY :IN) :OWNER-KIND :MEMBER :OWNER-REF "cd243b0926c62949f45297d6a5c278b53bd00c56abe5c52721daa2aa3bb0e201" :PORT-KIND :INPUT :DIRECTION :IN :CONTRACT-REF (:PROPOSED-VALUE-TYPE "VmState") :SURFACE-REF NIL :FORMAL-SURFACE-REF NIL :STATE-PROFILE-REF NIL :EFFECT-PROFILE-REF "8d625050e0efa8d692e82de6f8fba72c30fd1e3c8208b417f1454ef60e879e3d" :RESOURCE-PROFILE-REF NIL :AUTHORITY-PROFILE-REF NIL ...) "VmState" 0)
10: (SHG-CONTEXT-LIFT-GROW-V1 (:TRANSACTION "typed-context-native-1" :BUNDLE #S(RECURSIVE-SEMANTIC-BUNDLE-V1 :BUNDLE-SCHEMA-VERSION 1 :BUNDLE-KIND :FUNCTION :SUBJECT-SEMANTIC-REF :VM-DECLARED-CALL-NETWORK-V1 :SURFACE-REF "febccdc59880aabca62c869be35516bdfe9000d5bd76d0c00243ef8de1de46ae" :PARENT-INDEPENDENT-REFINEMENT-REF NIL :BASE-REGISTRY-SET-REF #S(SEMANTIC-BUNDLE-BASE-REGISTRY-SET-V1 :MEMBER-REGISTRY-REF #S(SEMANTIC-REGISTRY-ROOT-V1 :REGISTRY-KIND :MEMBER-REGISTRY-V1 :SCHEMA-VERSION 1 :ROWS (# # # # # # # # # # # # ...) :ROW-REFS ("016d3840d3005a0cd6509958241a2ee528edd836d66e3dd4eaca78328e68c3ed" "09eb79116df6133643654d8f8a437d491c51788eda28bc12981bf31ce0ac423f" "3f1134180612c452272668c522be4c4f491c38c0c2a7c85e93a344cb74df084a" "4c74b0335861ef12c0341c94d9b933973a15000f05cc572170ee202bafc1bcd6" "51ef24b43a67332215d00fa5697f42025d086e7e23e7145dedc4eaffd8883e4a" "9048b02460f88a34eea56178c0dc3226eda0dd40f85c0c8649dc5bf0ce054700" "9c0c48f506c3863dad3a2eac4c29415ae1f1269c177c8622a302f06ae9fd1f67" "ae1fd25e5508e66b6ea33652778f5f982f45cd3def6ccd0255dba532898c4dd3" "b8b510353b6eaa624815cb5a28b4da946f3576ae521c6624c20f403ff7047ffe" "b9aa15c2c7f022beaccc29e89366cb0895445f8ec30f498b5be0bc35437b5bce" "c034446abfa1d9899a7cec31170df831f629b41b48163e45418f639bdc3e0f15" "d69aa174a782b168895ef646dc84351a1727f2ee95ad7d8437ca9216a129f5e6" ...) :ROW-COUNT 14 :REGISTRY-DIGEST "94746483437cf23b2c7de7ae1837eec468f31d384b45e2aa9a4217083547d9fd" :GENERATION-LAW-REF (:SEMANTIC-BUNDLE-BASE-NORMALIZATION-V1 :MEMBER-REGISTRY-V1) :REGISTRY-ROOT-IDENTITY "135445b50b8495295b48336f8965c989513054b452db2c1c2d17741ce22eee60") :PORT-REGISTRY-REF #S(SEMANTIC-REGISTRY-ROOT-V1 :REGISTRY-KIND :PORT-REGISTRY-V1 :SCHEMA-VERSION 1 :ROWS (# # # # # # # # # # # # ...) :ROW-REFS ("048603b124fde470e25462daf36d96af72fe7fa71acd02d73b60073cb04e52bd" "136c9cb9181ae26eeac88fb89a67fab694b9e5dcf3a9bf4648122a9a9306ad0b" "16811f0e46c454873c6f09c32adc51821191e8a92589c51cd1339830b33814e1" "22164870de283daae89d652fb67271a40a438cc52be3ade798e8acc47c604e43" "25059c7fd499016cca89853583911768348aac8c5794388bcbef48ce3942e59e" "274ae364b2b5dad97c04e7abf0e20a595fb845decf793568406d0e599044ec54" "284240ad9f7270be311195a92517559347da00b99d46faaddea5eaf0e7e333f1" "356fe52858e30e14abf736281301139cf9b3d5d264a07b3781fd43b29cfb5a6a" "3c89c767ea679803c494a2a76bf3b95658e2ef2257e63de721440f65ee9a0cb8" "43a01f8acf4e575828d572cd648f5c61464996acdcdc3709daa5a57e872ad654" "47554321b9d9fc7bfd0ce23ed4c48c6770b32e04cedfd3a585f89cf2431af7e0" "4a63c42b7c795627dde6c538613c2acb1dc2eed948b90b25d4298b8aee0e39b5" ...) :ROW-COUNT 32 :REGISTRY-DIGEST "d48c76dc53c0c07447c30e41a0760bd6df9cf30fdd1a118ce5571d1557b5db4d" :GENERATION-LAW-REF (:SEMANTIC-BUNDLE-BASE-NORMALIZATION-V1 :PORT-REGISTRY-V1) :REGISTRY-ROOT-IDENTITY "b27ed991edc11df6e72c8652590deaa1ef63d04f1513158d760dfef41fcb2dd1") :RELATION-REGISTRY-REF #S(SEMANTIC-REGISTRY-ROOT-V1 :REGISTRY-KIND :RELATION-REGISTRY-V1 :SCHEMA-VERSION 1 :ROWS (# # # # # # # # # # # # ...) :ROW-REFS ("025b4006864766d522a27e6f026f6d9577c8970388d42ee472c3bd541d40f3f9" "18800c547a5fd3d97bf78dd07a8fc9938b7783dbdedb3262d54f0de31bb62d01" "1cbe7eb059022dae6580c24b5bd49cac6e750078263d0bc45b8b85dcc26c5126" "1f08523e755d87ff151f7d50cac1d77089a807ffa81a673763a8439c863c9cb8" "22b9005196611d123f9ce5feaec3dc32ba22ffbc8a26db42325e7c05439d4afd" "23f39043ef786d4405462156bbaa28683539a03804da09bac3940153db15a3b6" "344d77ec73f362f5f6739f7b4528c647d055741c9d09c83fb713a308c4b9385b" "38c3104062a96384fce16fe342c162c950cd44e31e2e74b8f686acd9510215e0" "3952cad51b20747af7525c591b373973912fe0ff289bc6a64563335ec281d2f3" "3ef0382cced73c9529e77eda8992bb555531e5c9f9a4a05ba33d7a909890b0b8" "41316c9c54b129266215193386a754eb361012e36de9417da0065a73a765ebde" "5c4421e5d96b65814743542fab0f70125a2fe84674bddf29229a2f5b803f1f29" ...) :ROW-COUNT 25 :REGISTRY-DIGEST "75ad04da1645d6c48fd54f910b366bf803ed3a06d1aedf14520fd44fa890dac2" :GENERATION-LAW-REF (:SEMANTIC-BUNDLE-BASE-NORMALIZATION-V1 :RELATION-REGISTRY-V1) :REGISTRY-ROOT-IDENTITY "6078a2d27c0a753035406e595347633ad0edd261a7c92c01c3e96a2d07b88600") :INCIDENCE-REGISTRY-REF #S(SEMANTIC-REGISTRY-ROOT-V1 :REGISTRY-KIND :INCIDENCE-REGISTRY-V1 :SCHEMA-VERSION 1 :ROWS (# # # # # # # # # # # # ...) :ROW-REFS ("000eee07256b90f4d00e24bd1ead978933438a07eff1688bc89d3004a93f52a2" "0314cdf09bf0aa99775bad3a55ea4d438f9a1350ff5d92e8a02836911c85bbc1" "0f711a463da8baa81e7e80ae0b3fef9a13c08ce1370c94dc6197a8a1c9bfdc79" "1f78d53edf4fac1f4bf3e4c00616eea99fff71be025ab982f9bda8c8fc410f03" "229113310844127d4abdf5e0f0ff92793f844e90fbcb10637760918838460a9e" "22f136b49d9cc05644138ec1fddf8a28932c96fc42dd5e7fb1f06a8405c6c432" "26d803d5aef3a587eae7c0cb2129b289769646189b5f9c6807d74cd59ac42a28" "289579f3a68caecf0f22e611befd434f0cf2566828fe38263f709254e0f1a5e8" "2d5c9ec8f637497ac96451b606a1179c1ec07df1b1ea19c80cbe03955b3cba6a" "2dc1bc410adc5025ef27cfc6b859f447595eed2407ed87481d1d2cb61aa88c50" "37dceaf3c409acb106924f7fdb8344a235d6920a0b5dad20b0b7cf6c2a976498" "39f0fca969d85fc17a1dfd82e48dea5474ee3da2bfd7c8cd3ef0d666434fbd08" ...) :ROW-COUNT 50 :REGISTRY-DIGEST "e9cd98cdf60c8231dac5bb5cbb5e124ee325998a44d1f1643238492a081bcbec" :GENERATION-LAW-REF (:SEMANTIC-BUNDLE-BASE-NORMALIZATION-V1 :INCIDENCE-REGISTRY-V1) :REGISTRY-ROOT-IDENTITY "4afa00d874798fe61b41a72dc2697996cf861c8f94b5c3104fcfe05e0c3084cb") :HOLE-REGISTRY-REF #S(SEMANTIC-REGISTRY-ROOT-V1 :REGISTRY-KIND :HOLE-REGISTRY-V1 :SCHEMA-VERSION 1 :ROWS (# # # # # # # # # # # # ...) :ROW-REFS (#1="0ba0d6234d30444424f92d0a8ba311258d95fdb4461dccf068ccdccf2f4a97c2" #2="1603b9a22122fa33b86a8922e8e8cc0912550bc5b61eac9b814ff639f3153a22" #3="1ef831c91ac3a82a2a9152543f6479b0cb7dbaf884d6ea4e106d917d25521d4f" #4="21648166c70e9429d19860ac42d93a96e93dceaeb4348f76646a07e00c7e6adb" #5="290abb3af195932937682b55d26386842d9d508cb1a6d87c6a60631ed69c04f8" #6="2b312c080ba1e1d27e3027f49e20fb4812b921658924a0581c5d48227b9b562a" #7="44172be346133473c31b8cf564948ddb0bb634a68dca785747a9494c6e576faa" #8="4b03c1f5013a4f2b768f938a07b96da87d5c372cb52a928b8731dcc910a1950b" #9="6361f563f43a1b30aaa29e6b0e11de543619b91b35fb469d730f05168f956811" #10="9dd9986fe2e225cb8660e429ea1804e1a6620bc08f4eea9b6639a67a45d184d2" #11="a334a004e8a8cdfc23749133f82cceafb817a364a3b8b09c1e8fc8f86b723172" #12="c201dc254744e8368bfc129269642cd34dd686ddc056be3b01a5dfad719bff6e" ...) :ROW-COUNT 13 :REGISTRY-DIGEST "4ebc42f41f3cd4d9babbf309dd7696e6098ded4a039f20c24ed047c9914881f4" :GENERATION-LAW-REF (:SEMANTIC-BUNDLE-BASE-NORMALIZATION-V1 :HOLE-REGISTRY-V1) :REGISTRY-ROOT-IDENTITY "7aa6b11d7c5790ca4b9549a1f1f730eb1836aa75ac818a7d09188881564804b9") :BASE-REGISTRY-SET-IDENTITY #13="bf2475babe48d948a3ae1198d370ee2b253477f3e29f18bbd0ab923eadfdfa1c") :GENERATED-REGISTRY-SET-REF NIL :CLOSURE-LAW-SET-REF :SHG-VM-OPEN-STRUCTURAL-V1 :CLOSURE-STATUS :PARTIAL :PREDECESSOR-BUNDLE-REF "907a3cbf82af21d9976c0beba0cb9fdcbf36bc7bf5bdf0b4687995a728845b76" :BUNDLE-IDENTITY #14="6e8c8eb87ae821c4ee0629ac20ec901afa66da0b073e9c2eeba5b207b94b8149") :CLOSURE #S(SEMANTIC-BUNDLE-CLOSURE-V1 :BUNDLE-PRECLOSURE-REF #14# :BASE-REGISTRY-SET-REF #13# :GENERATED-REGISTRY-SET-REF #15="8db59bfac5cf5914cbc959432ab3c41b14f2daab3dc26328444f86e55ee983f2" :CHILD-CLOSURE-REFS ("fe4dcc413bc0cca1b3fe289491e45feb96c96f7eacc481a73f9d5ae6830f5ee9") :CLOSURE-LAW-SET-REF :SHG-VM-OPEN-STRUCTURAL-V1 :STRUCTURAL-VALIDATION-REF "138a52f249988f7c94fdc1f8bfd9fb7f2392e9621ecbc4594685adfbc2d946bd" :REGISTRY-GENERATION-WITNESS-REFS (#16="a1ba69aaa18d32c91c533c8bb78cbfa68f2900245aa930f2084b4e7a901dd269" #17="67ffa42324e20d10f09288dd404ef1b89a982db4acac1b767c6ff13fb137c5df" #18="a84dc32eec48176be64ddb8fac588e002888ae354bbe2280e1d60498df724a2e" #19="db33c830286f085a55411dd9939f7a8e6a781e43d434144f71e8c20e40855a3d") :UNRESOLVED-IMPORT-REFS #20=(#21="597cb065dfe622276f93b8322a5efef724339372cbb1266e76d7b48004bf77bd" #22="7d8dd49d94e8fe9737e281821bafbf083e4d4c58d7c74d44ad4f3a6968244b9a" #23="97baa3831becde5b2fba8bbb2bea26f6a7b6a8c3aed76c4454dde840e63a5a59" #24="fcb6496dd4530ca687f112f6809a50b00b7650a67f56f6af73e4a54f7e2753e7") :MANDATORY-HOLE-REFS (#1# #2# #3# #4# #5# #6# #7# #8# #9# #10# #11# #12# ...) :CLOSURE-STATUS :PARTIAL :BUNDLE-SNAPSHOT-REF #S(SEMANTIC-BUNDLE-SNAPSHOT-REF-V1 :BUNDLE-REF #14# :BASE-REGISTRY-SET-REF #13# :GENERATED-REGISTRY-SET-REF #15# :CLOSURE-LAW-SET-REF :SHG-VM-OPEN-STRUCTURAL-V1 :SNAPSHOT-IDENTITY #25="a69db5f1c1476deb9417fb600bcf0944868f43dfe38123469d89e9fd4c291688") :CLOSURE-IDENTITY "92bd00dcc82e61add9cee25de250da3209392422e7be01654b294907cd369f9e") :GENERATED #S(SEMANTIC-BUNDLE-GENERATED-REGISTRY-SET-V1 :CHILD-BUNDLE-REGISTRY-REF #S(SEMANTIC-REGISTRY-ROOT-V1 :REGISTRY-KIND :CHILD-BUNDLE-REGISTRY-V1 :SCHEMA-VERSION 1 :ROWS (#S(SEMANTIC-GENERATED-REGISTRY-ROW-V1 :REGISTRY-KIND :CHILD-BUNDLE-REGISTRY-V1 :PAYLOAD # :GENERATOR-REF "465226b06024aa4a0fd2029fef5d5b81c07fba7f56b8faa6d4d654dbe5328269" :GENERATION-LAW-REF #26=# :INPUT-ROW-REFS # :ORIGIN-BUNDLE-REFS # :ORIGIN-CHILD-BUNDLE-REFS # :GENERATION-WITNESS-REF "d154f87428dc1280a1ba359cd4aa31378bb526c1ba6a4113c974ea1d963e57df" :ROW-IDENTITY #27="faa158d26b230b4e4e028904918dabbfcd0a39c7727c9adbaef63297a1f87ae9")) :ROW-REFS (#27#) :ROW-COUNT 1 :REGISTRY-DIGEST "6294c2b0506adacc4218a4813321c657cc58cf3d00fed8f9e53bac4c01501977" :GENERATION-LAW-REF #26# :REGISTRY-ROOT-IDENTITY #16#) :EXPORT-REGISTRY-REF #S(SEMANTIC-REGISTRY-ROOT-V1 :REGISTRY-KIND :EXPORT-REGISTRY-V1 :SCHEMA-VERSION 1 :ROWS (#S(SEMANTIC-GENERATED-REGISTRY-ROW-V1 :REGISTRY-KIND :EXPORT-REGISTRY-V1 :PAYLOAD # :GENERATOR-REF #28="8d4b7ca89eabd5aa4582455555b2bdc73d13324a1d101ee0e9a02601e2c7b278" :GENERATION-LAW-REF #29=# :INPUT-ROW-REFS # :ORIGIN-BUNDLE-REFS # :ORIGIN-CHILD-BUNDLE-REFS NIL :GENERATION-WITNESS-REF "238fcd69c1895059595004f59fb072cc6810b5f9417d9364c2e12d78a5a203b6" :ROW-IDENTITY #30="1f13748259b680102da6d0a114c4fb4331f11431414f2d053063566c5d8b7f8b") #S(SEMANTIC-GENERATED-REGISTRY-ROW-V1 :REGISTRY-KIND :EXPORT-REGISTRY-V1 :PAYLOAD # :GENERATOR-REF #28# :GENERATION-LAW-REF #29# :INPUT-ROW-REFS # :ORIGIN-BUNDLE-REFS # :ORIGIN-CHILD-BUNDLE-REFS NIL :GENERATION-WITNESS-REF "21d1655c4796511d38fa2481d61ef2c03852082703080d61ac6a5629dc84dd20" :ROW-IDENTITY #31="25a67182d564a4cee2b3ffae2dceed52ce64383acd53bd3c0e44fe98172ed6bd") #S(SEMANTIC-GENERATED-REGISTRY-ROW-V1 :REGISTRY-KIND :EXPORT-REGISTRY-V1 :PAYLOAD # :GENERATOR-REF #28# :GENERATION-LAW-REF #29# :INPUT-ROW-REFS # :ORIGIN-BUNDLE-REFS # :ORIGIN-CHILD-BUNDLE-REFS NIL :GENERATION-WITNESS-REF "4977337489eea606207173f95382941f8629eb8c479c06e4fcdb76b85a35ce84" :ROW-IDENTITY #32="32f895af11ddf1ffd5fdda04da45415222dbf002294d11b0ab1ad3f0fa381241") #S(SEMANTIC-GENERATED-REGISTRY-ROW-V1 :REGISTRY-KIND :EXPORT-REGISTRY-V1 :PAYLOAD # :GENERATOR-REF #28# :GENERATION-LAW-REF #29# :INPUT-ROW-REFS # :ORIGIN-BUNDLE-REFS # :ORIGIN-CHILD-BUNDLE-REFS NIL :GENERATION-WITNESS-REF "df87d1749e1909f5f3847e41aa9e0f581607918f12382913ff3f1693c34b5eb0" :ROW-IDENTITY #33="392d91fda3a755e852c4015252bcc0eba57394c96f4f61b063349b56cca6ffec") #S(SEMANTIC-GENERATED-REGISTRY-ROW-V1 :REGISTRY-KIND :EXPORT-REGISTRY-V1 :PAYLOAD # :GENERATOR-REF #28# :GENERATION-LAW-REF #29# :INPUT-ROW-REFS # :ORIGIN-BUNDLE-REFS # :ORIGIN-CHILD-BUNDLE-REFS NIL :GENERATION-WITNESS-REF "936fb062541f4be40227af8e0c764d8996986254753a0679af8dfb54129abcdc" :ROW-IDENTITY #34="3df9712e4ed4a3dd3f4632e9ddef4824aa35048094ff3e7880052170edc1c844") #S(SEMANTIC-GENERATED-REGISTRY-ROW-V1 :REGISTRY-KIND :EXPORT-REGISTRY-V1 :PAYLOAD # :GENERATOR-REF #28# :GENERATION-LAW-REF #29# :INPUT-ROW-REFS # :ORIGIN-BUNDLE-REFS # :ORIGIN-CHILD-BUNDLE-REFS # :GENERATION-WITNESS-REF "9942531325581be9d94f8fed00f1c432eb3c434efd49ef28c09fa9c33cbc8163" :ROW-IDENTITY #35="4173ec8246198f7563c244d93d283ccad3fb5ec049afeb14ec1ca2532905531a") #S(SEMANTIC-GENERATED-REGISTRY-ROW-V1 :REGISTRY-KIND :EXPORT-REGISTRY-V1 :PAYLOAD # :GENERATOR-REF #28# :GENERATION-LAW-REF #29# :INPUT-ROW-REFS # :ORIGIN-BUNDLE-REFS # :ORIGIN-CHILD-BUNDLE-REFS NIL :GENERATION-WITNESS-REF "20d5dd0ac2957e27a493355146b4482d31caa7d982889ec382c78d667365ec7d" :ROW-IDENTITY #36="54d3e30cc06942ad56539e3daefff4b0d379a898c76e9edfae985a7499be3110") #S(SEMANTIC-GENERATED-REGISTRY-ROW-V1 :REGISTRY-KIND :EXPORT-REGISTRY-V1 :PAYLOAD # :GENERATOR-REF #28# :GENERATION-LAW-REF #29# :INPUT-ROW-REFS # :ORIGIN-BUNDLE-REFS # :ORIGIN-CHILD-BUNDLE-REFS NIL :GENERATION-WITNESS-REF "a4e1ed6fb15ae1058e6f4fa36108cf41909e6ea9bad776688f4ac09bf978d6a1" :ROW-IDENTITY #37="56d3504f2951975405bf0a136c428b4b37370280aaf5fb860ef1e70bcb7ce12a") #S(SEMANTIC-GENERATED-REGISTRY-ROW-V1 :REGISTRY-KIND :EXPORT-REGISTRY-V1 :PAYLOAD # :GENERATOR-REF #28# :GENERATION-LAW-REF #29# :INPUT-ROW-REFS # :ORIGIN-BUNDLE-REFS # :ORIGIN-CHILD-BUNDLE-REFS NIL :GENERATION-WITNESS-REF "e0e4db3c61290129e9c7eefb966513d5beff1d7801ada79ed6f34ae9a3945b95" :ROW-IDENTITY #38="662eb9d7007df1c83fa26f1c53c3c8d9992d03d43d82ef2f758a7e8f94a87c50") #S(SEMANTIC-GENERATED-REGISTRY-ROW-V1 :REGISTRY-KIND :EXPORT-REGISTRY-V1 :PAYLOAD # :GENERATOR-REF #28# :GENERATION-LAW-REF #29# :INPUT-ROW-REFS # :ORIGIN-BUNDLE-REFS # :ORIGIN-CHILD-BUNDLE-REFS NIL :GENERATION-WITNESS-REF "308a01649a5d1b261c7afb58e3e89d6b4cad761d2a23df80d48b1673babcbce4" :ROW-IDENTITY #39="6a057e8e5cbb1e7e38448d904a917c64e62a5738d2d9c76d70d08fb26e28dfea") #S(SEMANTIC-GENERATED-REGISTRY-ROW-V1 :REGISTRY-KIND :EXPORT-REGISTRY-V1 :PAYLOAD # :GENERATOR-REF #28# :GENERATION-LAW-REF #29# :INPUT-ROW-REFS # :ORIGIN-BUNDLE-REFS # :ORIGIN-CHILD-BUNDLE-REFS NIL :GENERATION-WITNESS-REF "5338c8af47078383ade04c7df5ddf724e03a9a8b82ef35766f3d10a8fd7bd3d6" :ROW-IDENTITY #40="7ea711363ef85a0837fed70c8a8bf2d650867438d1943e16cf1a0945bcf401b5") #S(SEMANTIC-GENERATED-REGISTRY-ROW-V1 :REGISTRY-KIND :EXPORT-REGISTRY-V1 :PAYLOAD # :GENERATOR-REF #28# :GENERATION-LAW-REF #29# :INPUT-ROW-REFS # :ORIGIN-BUNDLE-REFS # :ORIGIN-CHILD-BUNDLE-REFS NIL :GENERATION-WITNESS-REF "dad5460ad33fe81104982b490952f39c697a3489bdce06f43ee70cbe85e66a2a" :ROW-IDENTITY #41="828aabe14b331af16856252d3b61d6d95d208d69240a14d700ddf6b27db3d34f") ...) :ROW-REFS (#30# #31# #32# #33# #34# #35# #36# #37# #38# #39# #40# #41# ...) :ROW-COUNT 28 :REGISTRY-DIGEST "5bbfe882383438384459da9a41e6b0cd805efacfa7f191419e0a083e1f0f3747" :GENERATION-LAW-REF #29# :REGISTRY-ROOT-IDENTITY #17#) :IMPORT-REGISTRY-REF #S(SEMANTIC-REGISTRY-ROOT-V1 :REGISTRY-KIND :IMPORT-REGISTRY-V1 :SCHEMA-VERSION 1 :ROWS (#S(SEMANTIC-GENERATED-REGISTRY-ROW-V1 :REGISTRY-KIND :IMPORT-REGISTRY-V1 :PAYLOAD # :GENERATOR-REF #42="7cbb2a172973fb531333d5f7bf0a733761e4ee5d9f3fbc2d76b80188c6549519" :GENERATION-LAW-REF #43=# :INPUT-ROW-REFS # :ORIGIN-BUNDLE-REFS # :ORIGIN-CHILD-BUNDLE-REFS # :GENERATION-WITNESS-REF "c7b339cc616348ff874ac709820bfe0ab952fde24411834845c11c5a430e7807" :ROW-IDENTITY #21#) #S(SEMANTIC-GENERATED-REGISTRY-ROW-V1 :REGISTRY-KIND :IMPORT-REGISTRY-V1 :PAYLOAD # :GENERATOR-REF #42# :GENERATION-LAW-REF #43# :INPUT-ROW-REFS # :ORIGIN-BUNDLE-REFS # :ORIGIN-CHILD-BUNDLE-REFS # :GENERATION-WITNESS-REF "e178f087ae0d6c6f49c2a8cdac41be0f93498f943b819a2bf88640252282e6b2" :ROW-IDENTITY #22#) #S(SEMANTIC-GENERATED-REGISTRY-ROW-V1 :REGISTRY-KIND :IMPORT-REGISTRY-V1 :PAYLOAD # :GENERATOR-REF #42# :GENERATION-LAW-REF #43# :INPUT-ROW-REFS # :ORIGIN-BUNDLE-REFS # :ORIGIN-CHILD-BUNDLE-REFS # :GENERATION-WITNESS-REF "f5674edd99cebd6c662663a380c1e42b57fe6c6ee7caa2f9b12be6da6b41bd6c" :ROW-IDENTITY #23#) #S(SEMANTIC-GENERATED-REGISTRY-ROW-V1 :REGISTRY-KIND :IMPORT-REGISTRY-V1 :PAYLOAD # :GENERATOR-REF #42# :GENERATION-LAW-REF #43# :INPUT-ROW-REFS # :ORIGIN-BUNDLE-REFS # :ORIGIN-CHILD-BUNDLE-REFS # :GENERATION-WITNESS-REF "c8f325efb4f8f0d48fafd89a17b8a509bb6128b007446fe894515a25ab8835f2" :ROW-IDENTITY #24#)) :ROW-REFS #20# :ROW-COUNT 4 :REGISTRY-DIGEST "03a4a0572babc9c2d0dcbfb2ec9d7fa594966bb745243f0b4dfdca0143adb598" :GENERATION-LAW-REF #43# :REGISTRY-ROOT-IDENTITY #18#) :DEPENDENCY-REGISTRY-REF #S(SEMANTIC-REGISTRY-ROOT-V1 :REGISTRY-KIND :DEPENDENCY-REGISTRY-V1 :SCHEMA-VERSION 1 :ROWS (#S(SEMANTIC-GENERATED-REGISTRY-ROW-V1 :REGISTRY-KIND :DEPENDENCY-REGISTRY-V1 :PAYLOAD # :GENERATOR-REF #44="2122318019af0fb6cc905de3dd6ee1f3f784bdb1612635bbc501e168e522b1a2" :GENERATION-LAW-REF #45=# :INPUT-ROW-REFS # :ORIGIN-BUNDLE-REFS # :ORIGIN-CHILD-BUNDLE-REFS NIL :GENERATION-WITNESS-REF "f48527a4856e6ca41d060906524a0201ab7f49ca5e15860fc2cdf795ed05ea4b" :ROW-IDENTITY #46="0736d6cb84fc6951f31271be0b8edf9a41fb91cd943b05c742c473520a031e1f") #S(SEMANTIC-GENERATED-REGISTRY-ROW-V1 :REGISTRY-KIND :DEPENDENCY-REGISTRY-V1 :PAYLOAD # :GENERATOR-REF #44# :GENERATION-LAW-REF #45# :INPUT-ROW-REFS # :ORIGIN-BUNDLE-REFS # :ORIGIN-CHILD-BUNDLE-REFS NIL :GENERATION-WITNESS-REF "f9a3c1302697359315c8eaa968b97184c06a2ec283e4da432dac047501708bbf" :ROW-IDENTITY #47="0f9ba49bc5c71965f818ad527c4db5f4e25357dc56db62a429e3b07443df160b") #S(SEMANTIC-GENERATED-REGISTRY-ROW-V1 :REGISTRY-KIND :DEPENDENCY-REGISTRY-V1 :PAYLOAD # :GENERATOR-REF #44# :GENERATION-LAW-REF #45# :INPUT-ROW-REFS # :ORIGIN-BUNDLE-REFS # :ORIGIN-CHILD-BUNDLE-REFS NIL :GENERATION-WITNESS-REF "ff5357850826cf0a84670bcad9a2b2b327ec6065dc95e7e5ac18865d27814661" :ROW-IDENTITY #48="188ce5929e4193ec78b7a372f404e13d6f8fe841b27326a8aeb398776805997f") #S(SEMANTIC-GENERATED-REGISTRY-ROW-V1 :REGISTRY-KIND :DEPENDENCY-REGISTRY-V1 :PAYLOAD # :GENERATOR-REF #44# :GENERATION-LAW-REF #45# :INPUT-ROW-REFS # :ORIGIN-BUNDLE-REFS # :ORIGIN-CHILD-BUNDLE-REFS NIL :GENERATION-WITNESS-REF "217b783d67df268a6e86ceadfbeeef107938ba59c7de2722bef12371ff0fa54d" :ROW-IDENTITY #49="1faddf346e78833b5b5dde20279d249169ad2689b98b2272f47d935bffe57963") #S(SEMANTIC-GENERATED-REGISTRY-ROW-V1 :REGISTRY-KIND :DEPENDENCY-REGISTRY-V1 :PAYLOAD # :GENERATOR-REF #44# :GENERATION-LAW-REF #45# :INPUT-ROW-REFS # :ORIGIN-BUNDLE-REFS # :ORIGIN-CHILD-BUNDLE-REFS NIL :GENERATION-WITNESS-REF "bff19fde2cab9f2d362a6742bd5b6a98fe44f2a11041bd676cc673926485a463" :ROW-IDENTITY #50="27a344145fbb00f86ab0e1ebf50c1b949f465ae4f2bc80f091848cafb982b3bc") #S(SEMANTIC-GENERATED-REGISTRY-ROW-V1 :REGISTRY-KIND :DEPENDENCY-REGISTRY-V1 :PAYLOAD # :GENERATOR-REF #44# :GENERATION-LAW-REF #45# :INPUT-ROW-REFS # :ORIGIN-BUNDLE-REFS # :ORIGIN-CHILD-BUNDLE-REFS NIL :GENERATION-WITNESS-REF "cd4180437286e80c6ea9a52e8fa9c909c7169cd1d9e6f73a151b8acc40a549bf" :ROW-IDENTITY #51="31e00fcb46c8391a55e2384f236a48c303f8fd77b8603d17b46a663097db139d") #S(SEMANTIC-GENERATED-REGISTRY-ROW-V1 :REGISTRY-KIND :DEPENDENCY-REGISTRY-V1 :PAYLOAD # :GENERATOR-REF #44# :GENERATION-LAW-REF #45# :INPUT-ROW-REFS # :ORIGIN-BUNDLE-REFS # :ORIGIN-CHILD-BUNDLE-REFS NIL :GENERATION-WITNESS-REF "48a3a77f9221b5f605972e46233f18b27e1ae20d8ef376aaafa62ffd2562671a" :ROW-IDENTITY #52="3b134751bb6e93f1b1e480bd32c5f31adf66e7482206aa850fd7d22c31c0ef8a") #S(SEMANTIC-GENERATED-REGISTRY-ROW-V1 :REGISTRY-KIND :DEPENDENCY-REGISTRY-V1 :PAYLOAD # :GENERATOR-REF #44# :GENERATION-LAW-REF #45# :INPUT-ROW-REFS # :ORIGIN-BUNDLE-REFS # :ORIGIN-CHILD-BUNDLE-REFS NIL :GENERATION-WITNESS-REF "0a2e4603f22bbb2f2495996dc84d5af6cd0e3f81d59c36c77e5aec4cc458e37a" :ROW-IDENTITY #53="407a51e301444719e3c498cd135d1868cc590e337306f467cdf9adbfe0f635de") #S(SEMANTIC-GENERATED-REGISTRY-ROW-V1 :REGISTRY-KIND :DEPENDENCY-REGISTRY-V1 :PAYLOAD # :GENERATOR-REF #44# :GENERATION-LAW-REF #45# :INPUT-ROW-REFS # :ORIGIN-BUNDLE-REFS # :ORIGIN-CHILD-BUNDLE-REFS NIL :GENERATION-WITNESS-REF "dc17186aa307bc40f77aa2dab7f8879009569444d99ccb866367ece6c95e724d" :ROW-IDENTITY #54="458c23c5e8a1176f14ec9c9ea7743d614fb8c80cfe1581f063ba89d025738211") #S(SEMANTIC-GENERATED-REGISTRY-ROW-V1 :REGISTRY-KIND :DEPENDENCY-REGISTRY-V1 :PAYLOAD # :GENERATOR-REF #44# :GENERATION-LAW-REF #45# :INPUT-ROW-REFS # :ORIGIN-BUNDLE-REFS # :ORIGIN-CHILD-BUNDLE-REFS NIL :GENERATION-WITNESS-REF "eeb710d300e75751eb572ef8247808884c8cfe3ee8bba4caf06fa7e110dcec60" :ROW-IDENTITY #55="4e910ee978ac738e284264e5024fa0288aafa8733364d125bf4eb720c356543b") #S(SEMANTIC-GENERATED-REGISTRY-ROW-V1 :REGISTRY-KIND :DEPENDENCY-REGISTRY-V1 :PAYLOAD # :GENERATOR-REF #44# :GENERATION-LAW-REF #45# :INPUT-ROW-REFS # :ORIGIN-BUNDLE-REFS # :ORIGIN-CHILD-BUNDLE-REFS NIL :GENERATION-WITNESS-REF "b867540ffcfa9a69d76d9e5f1db459ca0bf9b893897fd024ac55ec4be0133f26" :ROW-IDENTITY #56="5d2139505b9eb29b3d4226ae8a45140ae7415e2b34b406206a5248989bc5ba31") #S(SEMANTIC-GENERATED-REGISTRY-ROW-V1 :REGISTRY-KIND :DEPENDENCY-REGISTRY-V1 :PAYLOAD # :GENERATOR-REF #44# :GENERATION-LAW-REF #45# :INPUT-ROW-REFS # :ORIGIN-BUNDLE-REFS # :ORIGIN-CHILD-BUNDLE-REFS NIL :GENERATION-WITNESS-REF "7f4cf6217490f50e7446d7437626aa4b3c37362aedf6f97870d13124510f5c73" :ROW-IDENTITY #57="5e1c53626dfe56de9039c3fb548c19e1090711922ae6dc82637c8f69f0ed551d") ...) :ROW-REFS (#46# #47# #48# #49# #50# #51# #52# #53# #54# #55# #56# #57# ...) :ROW-COUNT 25 :REGISTRY-DIGEST "7ccf1909c7526b88a10b7112f7e657f7e022153af6785214928d44469222af65" :GENERATION-LAW-REF #45# :REGISTRY-ROOT-IDENTITY #19#) :FORMAL-BINDING-REGISTRY-REF #S(SEMANTIC-REGISTRY-ROOT-V1 :REGISTRY-KIND :FORMAL-BINDING-REGISTRY-V1 :SCHEMA-VERSION 1 :ROWS NIL :ROW-REFS NIL :ROW-COUNT 0 :REGISTRY-DIGEST "86235b62754819e9b7c4081e7342d1571b946033ff6bd504388de7dedd834af9" :GENERATION-LAW-REF (:SEMANTIC-BUNDLE-EMPTY-GENERATED-REGISTRY-V1 :FORMAL-BINDING-REGISTRY-V1) :REGISTRY-ROOT-IDENTITY "67ea6420c44015b1e8261f7bb565b65787eeb0483a363f08de7adf256e964b38") :EVIDENCE-REGISTRY-REF #S(SEMANTIC-REGISTRY-ROOT-V1 :REGISTRY-KIND :EVIDENCE-REGISTRY-V1 :SCHEMA-VERSION 1 :ROWS NIL :ROW-REFS NIL :ROW-COUNT 0 :REGISTRY-DIGEST "ba594eda3d6d8c181981c9249fd1791098e36d237b7d4617a6038f4ded15ba41" :GENERATION-LAW-REF (:SEMANTIC-BUNDLE-EMPTY-GENERATED-REGISTRY-V1 :EVIDENCE-REGISTRY-V1) :REGISTRY-ROOT-IDENTITY "3f235488aa8bba18ae99eb63c26608a75ed33533506a53788ba79118bd6c48b8") :REALIZATION-REGISTRY-REF #S(SEMANTIC-REGISTRY-ROOT-V1 :REGISTRY-KIND :REALIZATION-REGISTRY-V1 :SCHEMA-VERSION 1 :ROWS NIL :ROW-REFS NIL :ROW-COUNT 0 :REGISTRY-DIGEST "c2b11502238f0d5dd84858b924de9cd5b8a785da84987a92f7ea5e486d8228d1" :GENERATION-LAW-REF (:SEMANTIC-BUNDLE-EMPTY-GENERATED-REGISTRY-V1 :REALIZATION-REGISTRY-V1) :REGISTRY-ROOT-IDENTITY "c128b335fe5cc875a66221b4a7e22ddeda32d96b0c393d5398b85969b59cf08e") :ARTIFACT-LINKAGE-REGISTRY-REF #S(SEMANTIC-REGISTRY-ROOT-V1 :REGISTRY-KIND :ARTIFACT-LINKAGE-REGISTRY-V1 :SCHEMA-VERSION 1 :ROWS NIL :ROW-REFS NIL :ROW-COUNT 0 :REGISTRY-DIGEST "9d52523ec009dfa07158e269763d4f4bc58bce02f524cc990013a7e97cf6ac15" :GENERATION-LAW-REF (:SEMANTIC-BUNDLE-EMPTY-GENERATED-REGISTRY-V1 :ARTIFACT-LINKAGE-REGISTRY-V1) :REGISTRY-ROOT-IDENTITY "ac95d9db36ee25a81d3509bd0a15ad3f3f2cd94cd181849a70d5ed99ed8b2e74") :ROUTE-REGISTRY-REF #S(SEMANTIC-REGISTRY-ROOT-V1 :REGISTRY-KIND :ROUTE-REGISTRY-V1 :SCHEMA-VERSION 1 :ROWS (#S(SEMANTIC-GENERATED-REGISTRY-ROW-V1 :REGISTRY-KIND :ROUTE-REGISTRY-V1 :PAYLOAD # :GENERATOR-REF #58="b65bb258d4bfca0551072194605fe01879a578550f75fa8a955a959f3f346e63" :GENERATION-LAW-REF #59=# :INPUT-ROW-REFS # :ORIGIN-BUNDLE-REFS # :ORIGIN-CHILD-BUNDLE-REFS NIL :GENERATION-WITNESS-REF "c72a3cc89d0fa4ab9abde9574de52c6b81c96f83b8f13f7918c8e20518ca7084" :ROW-IDENTITY #60="265930f7fb066cf5ac59629b9df003886b8849e51e957aa9a844639ad40cea0c") #S(SEMANTIC-GENERATED-REGISTRY-ROW-V1 :REGISTRY-KIND :ROUTE-REGISTRY-V1 :PAYLOAD # :GENERATOR-REF #58# :GENERATION-LAW-REF #59# :INPUT-ROW-REFS # :ORIGIN-BUNDLE-REFS # :ORIGIN-CHILD-BUNDLE-REFS NIL :GENERATION-WITNESS-REF "f4d08b220ddb65927e9f98b167e972f6f8a4db97a999c466cb522e8e3543a869" :ROW-IDENTITY #61="27e29f0245c728f2ab66162d970392c2cfbba935c827dc0f11f2273f50c6810c") #S(SEMANTIC-GENERATED-REGISTRY-ROW-V1 :REGISTRY-KIND :ROUTE-REGISTRY-V1 :PAYLOAD # :GENERATOR-REF #58# :GENERATION-LAW-REF #59# :INPUT-ROW-REFS # :ORIGIN-BUNDLE-REFS # :ORIGIN-CHILD-BUNDLE-REFS NIL :GENERATION-WITNESS-REF "4450c7cd1118c1dfcfa6b64c7e5412e32a30fe330d2287ec1b033dc227e89c68" :ROW-IDENTITY #62="3bceff45be26dd14b33e7da2592cdf7c0b72a299fac64d5b142616a98065485d") #S(SEMANTIC-GENERATED-REGISTRY-ROW-V1 :REGISTRY-KIND :ROUTE-REGISTRY-V1 :PAYLOAD # :GENERATOR-REF #58# :GENERATION-LAW-REF #59# :INPUT-ROW-REFS # :ORIGIN-BUNDLE-REFS # :ORIGIN-CHILD-BUNDLE-REFS NIL :GENERATION-WITNESS-REF "0feb7d7ae85383af9be6d58e58dc92eec9096ab52daf2c215a3c69db058b9474" :ROW-IDENTITY #63="3fcc147faacd90047551b2a6004bba1aedf98e1ce73bc2105d4fb4cdbe23bdc7") #S(SEMANTIC-GENERATED-REGISTRY-ROW-V1 :REGISTRY-KIND :ROUTE-REGISTRY-V1 :PAYLOAD # :GENERATOR-REF #58# :GENERATION-LAW-REF #59# :INPUT-ROW-REFS # :ORIGIN-BUNDLE-REFS # :ORIGIN-CHILD-BUNDLE-REFS NIL :GENERATION-WITNESS-REF "5af6c6c6097abf89f3b1f8623dd0e01fe60402ce494534a146c6e8ece33050e7" :ROW-IDENTITY #64="4c500e3c5c98e3dc75ab731ad2ee42a826dacbd3c744940d5da00f257840636e") #S(SEMANTIC-GENERATED-REGISTRY-ROW-V1 :REGISTRY-KIND :ROUTE-REGISTRY-V1 :PAYLOAD # :GENERATOR-REF #58# :GENERATION-LAW-REF #59# :INPUT-ROW-REFS # :ORIGIN-BUNDLE-REFS # :ORIGIN-CHILD-BUNDLE-REFS NIL :GENERATION-WITNESS-REF "b59686b72462c40a9feceeebd920e70feeb9526f4bd648b97ed5d3dca7da8e2a" :ROW-IDENTITY #65="615b7bc509c8d825a3daa632e67953cedc6556f4ee5b2862b60852b0ae4e3091") #S(SEMANTIC-GENERATED-REGISTRY-ROW-V1 :REGISTRY-KIND :ROUTE-REGISTRY-V1 :PAYLOAD # :GENERATOR-REF #58# :GENERATION-LAW-REF #59# :INPUT-ROW-REFS # :ORIGIN-BUNDLE-REFS # :ORIGIN-CHILD-BUNDLE-REFS NIL :GENERATION-WITNESS-REF "02a3cc4c8d67b13fee538ac0aa6319d7d5bee5199d2f3dd5cf598e261e881785" :ROW-IDENTITY #66="6452bbffb099b760db309fe3ce55136f7f7d1cbea8ba0740be70e795c547098f") #S(SEMANTIC-GENERATED-REGISTRY-ROW-V1 :REGISTRY-KIND :ROUTE-REGISTRY-V1 :PAYLOAD # :GENERATOR-REF #58# :GENERATION-LAW-REF #59# :INPUT-ROW-REFS # :ORIGIN-BUNDLE-REFS # :ORIGIN-CHILD-BUNDLE-REFS NIL :GENERATION-WITNESS-REF "d7dc0f803b1a7f95f2742cfd78dd0d4bb949abafaeeb814754713e52d41fb2ca" :ROW-IDENTITY #67="760b6e4a41c129eda18ae711461556df5a152ef32b766974336cf8eaffe0da42") #S(SEMANTIC-GENERATED-REGISTRY-ROW-V1 :REGISTRY-KIND :ROUTE-REGISTRY-V1 :PAYLOAD # :GENERATOR-REF #58# :GENERATION-LAW-REF #59# :INPUT-ROW-REFS # :ORIGIN-BUNDLE-REFS # :ORIGIN-CHILD-BUNDLE-REFS NIL :GENERATION-WITNESS-REF "765d6b2211ef21b2584f893d07708fba7e51e1062841c3403fc86f0dc5235910" :ROW-IDENTITY #68="7dad879cf208ae5de7d66c25244ae35df0a7b6cfd652fc7a56c9bc0b814835b5") #S(SEMANTIC-GENERATED-REGISTRY-ROW-V1 :REGISTRY-KIND :ROUTE-REGISTRY-V1 :PAYLOAD # :GENERATOR-REF #58# :GENERATION-LAW-REF #59# :INPUT-ROW-REFS # :ORIGIN-BUNDLE-REFS # :ORIGIN-CHILD-BUNDLE-REFS NIL :GENERATION-WITNESS-REF "6bb1061b9df6ff612f1d84d02d4f58570132509a9db0abc4761f654794e36612" :ROW-IDENTITY #69="84dfd7ae1d46333a34e4c21775ad6c0009a0fbe95bdf386411cabb01b4bb136c") #S(SEMANTIC-GENERATED-REGISTRY-ROW-V1 :REGISTRY-KIND :ROUTE-REGISTRY-V1 :PAYLOAD # :GENERATOR-REF #58# :GENERATION-LAW-REF #59# :INPUT-ROW-REFS # :ORIGIN-BUNDLE-REFS # :ORIGIN-CHILD-BUNDLE-REFS NIL :GENERATION-WITNESS-REF "9fa051112014d6392758aeb302561cbc9c9dd23a27dbdb105170c3ad9cd0bc1f" :ROW-IDENTITY #70="8ab9c6a9a835ae687ffb706d95bfa511653835644c46f127f362d5c0c9d960b4") #S(SEMANTIC-GENERATED-REGISTRY-ROW-V1 :REGISTRY-KIND :ROUTE-REGISTRY-V1 :PAYLOAD # :GENERATOR-REF #58# :GENERATION-LAW-REF #59# :INPUT-ROW-REFS # :ORIGIN-BUNDLE-REFS # :ORIGIN-CHILD-BUNDLE-REFS NIL :GENERATION-WITNESS-REF "8ee27712eed8d25bfff407e811c6fa1b7bdbedbc7b2008595a9df57bf2cabb9e" :ROW-IDENTITY #71="9570ab18667148a29820ac385d22287f1689729140e7a390a69dfe8923bea532") ...) :ROW-REFS (#60# #61# #62# #63# #64# #65# #66# #67# #68# #69# #70# #71# ...) :ROW-COUNT 25 :REGISTRY-DIGEST "268ab9f2b6f39f3dd8c8185f19b3947a4400d5c5a44149e8fab33d3d7984a071" :GENERATION-LAW-REF (:SEMANTIC-BUNDLE-ROUTE-REGISTRY-VERIFICATION-V1) :REGISTRY-ROOT-IDENTITY "0e7adcd9884b80a9c8cfa10a92c8f43965222dd559a614d40474f4502cc43503") :SATURATED-CODATA-REGISTRY-REF #S(SEMANTIC-REGISTRY-ROOT-V1 :REGISTRY-KIND :SATURATED-CODATA-REGISTRY-V1 :SCHEMA-VERSION 1 :ROWS NIL :ROW-REFS NIL :ROW-COUNT 0 :REGISTRY-DIGEST "6f3ddce981276ed17751491377efea06653647711101cde77b9300565492491e" :GENERATION-LAW-REF (:SEMANTIC-BUNDLE-EMPTY-GENERATED-REGISTRY-V1 :SATURATED-CODATA-REGISTRY-V1) :REGISTRY-ROOT-IDENTITY "dca73d99a3c78f8cb87d90d5f900d7ce53fcdf985b21d5244405c40894dcb098") :SEMANTIC-CONSEQUENCE-TRANSPORT-REGISTRY-REF #S(SEMANTIC-REGISTRY-ROOT-V1 :REGISTRY-KIND :SEMANTIC-CONSEQUENCE-TRANSPORT-REGISTRY-V1 :SCHEMA-VERSION 1 :ROWS NIL :ROW-REFS NIL :ROW-COUNT 0 :REGISTRY-DIGEST "88550f49781c879a657daea01b223c04f854fb59a2eca140fef80077d05c69fd" :GENERATION-LAW-REF (:SEMANTIC-BUNDLE-EMPTY-GENERATED-REGISTRY-V1 :SEMANTIC-CONSEQUENCE-TRANSPORT-REGISTRY-V1) :REGISTRY-ROOT-IDENTITY "943bf24cbe9680fadfa99fa7dc38009fdde31661e341a489aa696e680ba483ce") :GENERATED-REGISTRY-SET-IDENTITY #15#) :EXPECTED-SNAPSHOT #25# :SOURCE-PATH #S(SEMANTIC-SCOPE-PATH-V1 :SEGMENT-TOKENS ("vm" "generation-0") :SCOPE-IDENTITY "9634a9281dec1e6dfefb29f09d26b67d7020966267df6f4033aa222866d75a9a") ...) (:LAMBDA "input" "VmState" (:APPLICATION (:CALLEE "execute" "Decoded" "StepResult" "22e9a0f64ed012567835b7152f2ac7dc4e91e2d8e26d0c5a6149575f2b5e0c5e") (:APPLICATION (:CALLEE "decode" "Fetched" "Decoded" "3f2a50e9e07cec2d91a8773697a91980a7d4cae172e1ad0f497563f49986d35b") (:APPLICATION (:CALLEE "fetch" "VmState" "Fetched" "b2f52fee24cbfc712cc8dfd709336342ed4d80302fce0d85c25f53a95348dcde") (:VARIABLE "input" "VmState"))))))
11: (CONTEXT-RUN (:LAMBDA "input" "VmState" (:APPLICATION (:CALLEE "execute" "Decoded" "StepResult" "22e9a0f64ed012567835b7152f2ac7dc4e91e2d8e26d0c5a6149575f2b5e0c5e") (:APPLICATION (:CALLEE "decode" "Fetched" "Decoded" "3f2a50e9e07cec2d91a8773697a91980a7d4cae172e1ad0f497563f49986d35b") (:APPLICATION (:CALLEE "fetch" "VmState" "Fetched" "b2f52fee24cbfc712cc8dfd709336342ed4d80302fce0d85c25f53a95348dcde") (:VARIABLE "input" "VmState"))))))
12: (SB-INT:SIMPLE-EVAL-IN-LEXENV (CONTEXT-RUN *CONTEXT-TERM*) #<NULL-LEXENV>)
13: (SB-INT:SIMPLE-EVAL-IN-LEXENV (SB-IMPL::%DEFPARAMETER (QUOTE *CONTEXT-RESULT*) (CONTEXT-RUN *CONTEXT-TERM*) (SB-C:SOURCE-LOCATION)) #<NULL-LEXENV>)
14: (SB-INT:SIMPLE-EVAL-IN-LEXENV (DEFPARAMETER *CONTEXT-RESULT* (CONTEXT-RUN *CONTEXT-TERM*)) #<NULL-LEXENV>)
15: (SB-EXT:EVAL-TLF (DEFPARAMETER *CONTEXT-RESULT* (CONTEXT-RUN *CONTEXT-TERM*)) 12 NIL)
16: ((LABELS SB-FASL::EVAL-FORM :IN SB-INT:LOAD-AS-SOURCE) (DEFPARAMETER *CONTEXT-RESULT* (CONTEXT-RUN *CONTEXT-TERM*)) 12)
17: ((LAMBDA (SB-KERNEL:FORM &KEY :CURRENT-INDEX &ALLOW-OTHER-KEYS) :IN SB-INT:LOAD-AS-SOURCE) (DEFPARAMETER *CONTEXT-RESULT* (CONTEXT-RUN *CONTEXT-TERM*)) :CURRENT-INDEX 12)
18: (SB-C::%DO-FORMS-FROM-INFO #<FUNCTION (LAMBDA (SB-KERNEL:FORM &KEY :CURRENT-INDEX &ALLOW-OTHER-KEYS) :IN SB-INT:LOAD-AS-SOURCE) {1001360BCB}> #<SB-C::SOURCE-INFO {1001360B93}> SB-C::INPUT-ERROR-IN-LOAD)
19: (SB-INT:LOAD-AS-SOURCE #<SB-SYS:FD-STREAM for "file /home/user0/FIM/deps/goggles-shg-growth/scripts/check_shg_context_lift_v1.lisp" {10013374B3}> :VERBOSE NIL :PRINT NIL :CONTEXT "loading")
20: ((LABELS SB-FASL::LOAD-STREAM-1 :IN LOAD) #<SB-SYS:FD-STREAM for "file /home/user0/FIM/deps/goggles-shg-growth/scripts/check_shg_context_lift_v1.lisp" {10013374B3}> NIL)
21: (SB-FASL::CALL-WITH-LOAD-BINDINGS #<FUNCTION (LABELS SB-FASL::LOAD-STREAM-1 :IN LOAD) {7D457B87F82B}> #<SB-SYS:FD-STREAM for "file /home/user0/FIM/deps/goggles-shg-growth/scripts/check_shg_context_lift_v1.lisp" {10013374B3}> NIL #<SB-SYS:FD-STREAM for "file /home/user0/FIM/deps/goggles-shg-growth/scripts/check_shg_context_lift_v1.lisp" {10013374B3}>)
22: (LOAD #<SB-SYS:FD-STREAM for "file /home/user0/FIM/deps/goggles-shg-growth/scripts/check_shg_context_lift_v1.lisp" {10013374B3}> :VERBOSE NIL :PRINT NIL :IF-DOES-NOT-EXIST :ERROR :EXTERNAL-FORMAT :DEFAULT)
23: ((FLET SB-IMPL::LOAD-SCRIPT :IN SB-IMPL::PROCESS-SCRIPT) #<SB-SYS:FD-STREAM for "file /home/user0/FIM/deps/goggles-shg-growth/scripts/check_shg_context_lift_v1.lisp" {10013374B3}>)
24: ((FLET SB-UNIX::BODY :IN SB-IMPL::PROCESS-SCRIPT))
25: ((FLET "WITHOUT-INTERRUPTS-BODY-11" :IN SB-IMPL::PROCESS-SCRIPT))
26: (SB-IMPL::PROCESS-SCRIPT "scripts/check_shg_context_lift_v1.lisp")
27: (SB-IMPL::TOPLEVEL-INIT)
28: ((FLET SB-UNIX::BODY :IN SB-IMPL::START-LISP))
29: ((FLET "WITHOUT-INTERRUPTS-BODY-3" :IN SB-IMPL::START-LISP))
30: (SB-IMPL::%START-LISP)

unhandled condition in --disable-debugger mode, quitting
