
; file: /home/user0/ORCHESTRATION/worktrees/goggles-vm-feedback-47fe6800/lisp/semantic_algebra_search_v1.lisp
; in: DEFUN LSIP:REALIZE-SEMANTIC-ALGEBRA-NATIVE-SEARCH-ARCHIVE-SLICE-V1
;     (LSIP:REALIZE-SEARCH-ARCHIVE-SLICE-V1 :MESO
;                                           LSIP::*SEARCH-MESO-ALGEBRA-STATE-CANONICALIZER-ID-V1*
;                                           :SEARCH-ARCHIVE-IDENTITY-V1
;                                           LSIP::*SEARCH-MESO-ALGEBRA-QUOTIENT-WITNESS-KIND-V1*
;                                           :ARCHIVE-IDENTITY-ID :MACHINE
;                                           LSIP:*MACHINE-STATE* :META
;                                           (APPEND
;                                            (LIST :SOURCE
;                                                  :SEMANTIC-ALGEBRA-NATIVE-SEARCH-ARCHIVE
;                                                  :EQUIVALENCE-SCOPE
;                                                  :SEMANTIC-ALGEBRA-EXPRESSION-V1
;                                                  :CONSTITUTIONAL-EQUIVALENCE
;                                                  :APPLIED)
;                                            LSIP::META))
; 
; caught WARNING:
;   undefined variable: LSIP::*SEARCH-MESO-ALGEBRA-QUOTIENT-WITNESS-KIND-V1*
; 
; caught WARNING:
;   undefined variable: LSIP::*SEARCH-MESO-ALGEBRA-STATE-CANONICALIZER-ID-V1*


; file: /home/user0/ORCHESTRATION/worktrees/goggles-vm-feedback-47fe6800/lisp/synthesis_runtime_hook_activation_v1.lisp
; in: DEFUN LSIP::SYNTHESIS-RUNTIME-HOOK-CURRENT-REF-V1
;     (ECASE LSIP::MUTATION-SURFACE
;       (:PROPOSAL-PROVIDER-HOOK
;        LSIP::*SYNTHESIS-PROPOSAL-PROVIDER-ACTIVE-COMPONENT-ID*)
;       (:PLANNER-HOOK LSIP::*SYNTHESIS-PLANNER-V2-ACTIVE-COMPONENT-ID*)
;       (:EXECUTION-HOOK LSIP::*SYNTHESIS-EXECUTION-V2-ACTIVE-COMPONENT-ID*)
;       (:ORCHESTRATOR-HOOK LSIP::*SYNTHESIS-ORCHESTRATOR-V2-ACTIVE-COMPONENT-ID*)
;       (:PROVIDER-RESOLUTION-HOOK
;        LSIP::*SYNTHESIS-PROVIDER-RESOLUTION-ACTIVE-COMPONENT-ID*)
;       (:CUTOVER-POLICY-HOOK
;        LSIP::*SYNTHESIS-AUTHORITY-CUTOVER-POLICY-ACTIVE-COMPONENT-ID*)
;       (:CONSTRUCTOR-PRIMITIVE-HOOK
;        LSIP::*SYNTHESIS-SELF-HOST-CONSTRUCTOR-PRIMITIVE-ACTIVE-COMPONENT-ID*)
;       (:CONSTRUCTOR-SERVICE-HOOK
;        LSIP::*SYNTHESIS-SELF-HOST-CONSTRUCTOR-SERVICE-ACTIVE-COMPONENT-ID*)
;       (:PROGRAM-IDENTITY-HOOK
;        LSIP::*SYNTHESIS-SELF-HOST-PROGRAM-IDENTITY-ACTIVE-COMPONENT-ID*)
;       (:CONSTRUCTOR-EXECUTOR-HOOK
;        LSIP::*SEMANTIC-CONSTRUCTOR-EXECUTOR-ACTIVE-COMPONENT-ID*)
;       ...)
; --> BLOCK WHEN IF LET WHEN IF RETURN-FROM COND IF IF IF IF IF IF IF IF IF IF 
; ==>
;   (IF (EQL #:H2 28)
;       LSIP::*SEMANTIC-CONSTRUCTOR-EXECUTOR-ACTIVE-COMPONENT-ID*
;       (IF (EQL #:H2 30)
;           LSIP::*SYNTHESIS-AUTHORITY-CUTOVER-POLICY-ACTIVE-COMPONENT-ID*
;           (IF (EQL #:H2 31)
;               LSIP::*SEMANTIC-CONSTRUCTOR-VALIDATOR-ACTIVE-COMPONENT-ID*
;               (IF (OR # # # # # # # # # # # ...)
;                   (SB-IMPL::UNREACHABLE)
;                   (THE T #)))))
; 
; caught WARNING:
;   undefined variable: LSIP::*SEMANTIC-CONSTRUCTOR-EXECUTOR-ACTIVE-COMPONENT-ID*


; file: /home/user0/ORCHESTRATION/worktrees/goggles-vm-feedback-47fe6800/lisp/synthesis_authority_cutover_v1.lisp
; in: DEFUN LSIP:APPLY-SYNTHESIS-AUTHORITY-CUTOVER-COMPATIBILITY-V1
;     (EQUAL LSIP::*SEMANTIC-CONSTRUCTOR-EXECUTOR-ACTIVE-COMPONENT-ID*
;            LSIP::EXPECTED-CURRENT-REF)
; 
; caught WARNING:
;   undefined variable: LSIP::*SEMANTIC-CONSTRUCTOR-EXECUTOR-ACTIVE-COMPONENT-ID*

; in: DEFUN LSIP::SYNTHESIS-AUTHORITY-CUTOVER-CURRENT-REF-V1
;     (ECASE (GETF LSIP::COMMAND :MUTATION-SURFACE)
;       (:SELECTOR-HOOK
;        LSIP::*SYNTHESIS-CAPABILITY-SELECTION-V2-ACTIVE-COMPONENT-ID*)
;       (:RANKING-HOOK LSIP::*SYNTHESIS-CAPABILITY-RANKING-ACTIVE-COMPONENT-ID*)
;       (:EVALUATOR-HOOK LSIP::*SYNTHESIS-EVALUATOR-DISPATCH-ACTIVE-COMPONENT-ID*)
;       (:ADMISSION-HOOK LSIP::*SYNTHESIS-ADMISSION-ACTIVE-COMPONENT-ID*)
;       (:PLANNER-HOOK LSIP::*SYNTHESIS-PLANNER-V2-ACTIVE-COMPONENT-ID*)
;       (:PROPOSAL-PROVIDER-HOOK
;        LSIP::*SYNTHESIS-PROPOSAL-PROVIDER-ACTIVE-COMPONENT-ID*)
;       (:EXECUTION-HOOK LSIP::*SYNTHESIS-EXECUTION-V2-ACTIVE-COMPONENT-ID*)
;       (:ORCHESTRATOR-HOOK LSIP::*SYNTHESIS-ORCHESTRATOR-V2-ACTIVE-COMPONENT-ID*)
;       (:PROVIDER-RESOLUTION-HOOK
;        LSIP::*SYNTHESIS-PROVIDER-RESOLUTION-ACTIVE-COMPONENT-ID*)
;       (:CUTOVER-POLICY-HOOK
;        LSIP::*SYNTHESIS-AUTHORITY-CUTOVER-POLICY-ACTIVE-COMPONENT-ID*)
;       ...)
; --> BLOCK WHEN IF LET WHEN IF RETURN-FROM COND IF IF IF IF IF IF 
; ==>
;   (IF (EQL #:H2 25)
;       LSIP::*SEMANTIC-CONSTRUCTOR-EXECUTOR-ACTIVE-COMPONENT-ID*
;       (IF (EQL #:H2 28)
;           LSIP::*SEMANTIC-CONSTRUCTOR-VALIDATOR-ACTIVE-COMPONENT-ID*
;           (IF (EQL #:H2 29)
;               LSIP::*SYNTHESIS-SELF-HOST-PROGRAM-IDENTITY-ACTIVE-COMPONENT-ID*
;               (IF (EQL #:H2 32)
;                   LSIP::*SYNTHESIS-SELF-HOST-CONSTRUCTOR-SERVICE-ACTIVE-COMPONENT-ID*
;                   (IF #
;                       LSIP::*SYNTHESIS-CAPABILITY-RANKING-ACTIVE-COMPONENT-ID*
;                       #)))))
; 
; caught WARNING:
;   undefined variable: LSIP::*SEMANTIC-CONSTRUCTOR-EXECUTOR-ACTIVE-COMPONENT-ID*

; 
; caught WARNING:
;   1 more use of undefined variable LSIP::*SEMANTIC-CONSTRUCTOR-EXECUTOR-ACTIVE-COMPONENT-ID*


; file: /home/user0/ORCHESTRATION/worktrees/goggles-vm-feedback-47fe6800/lisp/synthesis_self_host_predecessor_lockout_v1.lisp
; in: DEFUN LSIP::LOCKOUT-SYNTHESIS-SELF-HOST-PREDECESSORS-SH20-V1
;     (SETF LSIP::*SYNTHESIS-AUTHORITY-CUTOVER-POLICY-REFERENCE-ENABLED-P* NIL
;           LSIP::*SYNTHESIS-SELF-HOST-PROGRAM-IDENTITY-REFERENCE-ENABLED-P* NIL
;           LSIP::*SYNTHESIS-SELF-HOST-CONSTRUCTOR-PRIMITIVE-REFERENCE-ENABLED-P*
;             NIL
;           LSIP::*SEMANTIC-CONSTRUCTOR-EXECUTOR-REFERENCE-ENABLED-P* NIL
;           LSIP::*SEMANTIC-CONSTRUCTOR-SYNTHESIZER-REFERENCE-ENABLED-P* NIL
;           LSIP::*SEMANTIC-CONSTRUCTOR-VALIDATOR-REFERENCE-ENABLED-P* NIL
;           ...)
; --> SETF 
; ==>
;   (SETQ LSIP::*SEMANTIC-CONSTRUCTOR-EXECUTOR-REFERENCE-ENABLED-P* NIL)
; 
; caught WARNING:
;   undefined variable: LSIP::*SEMANTIC-CONSTRUCTOR-EXECUTOR-REFERENCE-ENABLED-P*

; in: DEFUN LSIP::SYNTHESIS-SELF-HOST-PREDECESSOR-FLAGS-SH20-V1
;     (LIST LSIP::*SYNTHESIS-AUTHORITY-CUTOVER-POLICY-REFERENCE-ENABLED-P*
;           LSIP::*SYNTHESIS-SELF-HOST-PROGRAM-IDENTITY-REFERENCE-ENABLED-P*
;           LSIP::*SYNTHESIS-SELF-HOST-CONSTRUCTOR-PRIMITIVE-REFERENCE-ENABLED-P*
;           LSIP::*SEMANTIC-CONSTRUCTOR-EXECUTOR-REFERENCE-ENABLED-P*
;           LSIP::*SEMANTIC-CONSTRUCTOR-SYNTHESIZER-REFERENCE-ENABLED-P*
;           LSIP::*SEMANTIC-CONSTRUCTOR-VALIDATOR-REFERENCE-ENABLED-P*
;           LSIP::*SYNTHESIS-SELF-HOST-CONSTRUCTOR-SERVICE-REFERENCE-ENABLED-P*
;           LSIP::*SYNTHESIS-PLANNER-V2-REFERENCE-ENABLED-P*
;           LSIP::*SYNTHESIS-CAPABILITY-SELECTION-V2-REFERENCE-ENABLED-P*
;           LSIP::*SYNTHESIS-CAPABILITY-RANKING-REFERENCE-ENABLED-P*
;           LSIP::*SYNTHESIS-PROVIDER-RESOLUTION-REFERENCE-ENABLED-P* ...)
; 
; caught WARNING:
;   undefined variable: LSIP::*SEMANTIC-CONSTRUCTOR-EXECUTOR-REFERENCE-ENABLED-P*


; file: /home/user0/ORCHESTRATION/worktrees/goggles-vm-feedback-47fe6800/lisp/synthesis_self_host_runtime_closure_v1.lisp
; in: DEFUN LSIP::SYNTHESIS-SELF-HOST-RUNTIME-COMPONENT-ROWS-SH19-V1
;     (LIST :COMPONENT :CONSTRUCTOR-EXECUTOR :ACTIVE-REF
;           LSIP::*SEMANTIC-CONSTRUCTOR-EXECUTOR-ACTIVE-COMPONENT-ID*
;           :PREDECESSOR-REF LSIP::+SEMANTIC-CONSTRUCTOR-EXECUTOR-REFERENCE-ID-V1+
;           :PREDECESSOR-ENABLED-P
;           LSIP::*SEMANTIC-CONSTRUCTOR-EXECUTOR-REFERENCE-ENABLED-P*)
; 
; caught WARNING:
;   undefined variable: LSIP::*SEMANTIC-CONSTRUCTOR-EXECUTOR-REFERENCE-ENABLED-P*

; 
; caught WARNING:
;   2 more uses of undefined variable LSIP::*SEMANTIC-CONSTRUCTOR-EXECUTOR-REFERENCE-ENABLED-P*


; file: /home/user0/ORCHESTRATION/worktrees/goggles-vm-feedback-47fe6800/lisp/synthesis_runtime_hook_activation_v1.lisp
; in: DEFUN LSIP::SYNTHESIS-RUNTIME-HOOK-CURRENT-REF-V1
;     (ECASE LSIP::MUTATION-SURFACE
;       (:PROPOSAL-PROVIDER-HOOK
;        LSIP::*SYNTHESIS-PROPOSAL-PROVIDER-ACTIVE-COMPONENT-ID*)
;       (:PLANNER-HOOK LSIP::*SYNTHESIS-PLANNER-V2-ACTIVE-COMPONENT-ID*)
;       (:EXECUTION-HOOK LSIP::*SYNTHESIS-EXECUTION-V2-ACTIVE-COMPONENT-ID*)
;       (:ORCHESTRATOR-HOOK LSIP::*SYNTHESIS-ORCHESTRATOR-V2-ACTIVE-COMPONENT-ID*)
;       (:PROVIDER-RESOLUTION-HOOK
;        LSIP::*SYNTHESIS-PROVIDER-RESOLUTION-ACTIVE-COMPONENT-ID*)
;       (:CUTOVER-POLICY-HOOK
;        LSIP::*SYNTHESIS-AUTHORITY-CUTOVER-POLICY-ACTIVE-COMPONENT-ID*)
;       (:CONSTRUCTOR-PRIMITIVE-HOOK
;        LSIP::*SYNTHESIS-SELF-HOST-CONSTRUCTOR-PRIMITIVE-ACTIVE-COMPONENT-ID*)
;       (:CONSTRUCTOR-SERVICE-HOOK
;        LSIP::*SYNTHESIS-SELF-HOST-CONSTRUCTOR-SERVICE-ACTIVE-COMPONENT-ID*)
;       (:PROGRAM-IDENTITY-HOOK
;        LSIP::*SYNTHESIS-SELF-HOST-PROGRAM-IDENTITY-ACTIVE-COMPONENT-ID*)
;       (:CONSTRUCTOR-EXECUTOR-HOOK
;        LSIP::*SEMANTIC-CONSTRUCTOR-EXECUTOR-ACTIVE-COMPONENT-ID*)
;       ...)
; --> BLOCK WHEN IF LET WHEN IF RETURN-FROM COND 
; ==>
;   (IF (EQL #:H2 0)
;       LSIP::*SEMANTIC-CONSTRUCTOR-SYNTHESIZER-ACTIVE-COMPONENT-ID*
;       (IF (EQL #:H2 1)
;           LSIP::*SYNTHESIS-SELF-HOST-CONSTRUCTOR-PRIMITIVE-ACTIVE-COMPONENT-ID*
;           (IF (EQL #:H2 2)
;               LSIP::*SYNTHESIS-PROVIDER-RESOLUTION-ACTIVE-COMPONENT-ID*
;               (IF (EQL #:H2 5)
;                   LSIP::*SYNTHESIS-SELF-HOST-PROGRAM-IDENTITY-ACTIVE-COMPONENT-ID*
;                   (IF #
;                       LSIP::*SYNTHESIS-SELF-HOST-SUCCESSOR-CONTROLLER-ACTIVE-COMPONENT-ID*
;                       #)))))
; 
; caught WARNING:
;   undefined variable: LSIP::*SEMANTIC-CONSTRUCTOR-SYNTHESIZER-ACTIVE-COMPONENT-ID*


; file: /home/user0/ORCHESTRATION/worktrees/goggles-vm-feedback-47fe6800/lisp/synthesis_authority_cutover_v1.lisp
; in: DEFUN LSIP:APPLY-SYNTHESIS-AUTHORITY-CUTOVER-COMPATIBILITY-V1
;     (EQUAL LSIP::*SEMANTIC-CONSTRUCTOR-SYNTHESIZER-ACTIVE-COMPONENT-ID*
;            LSIP::EXPECTED-CURRENT-REF)
; 
; caught WARNING:
;   undefined variable: LSIP::*SEMANTIC-CONSTRUCTOR-SYNTHESIZER-ACTIVE-COMPONENT-ID*

; in: DEFUN LSIP::SYNTHESIS-AUTHORITY-CUTOVER-CURRENT-REF-V1
;     (ECASE (GETF LSIP::COMMAND :MUTATION-SURFACE)
;       (:SELECTOR-HOOK
;        LSIP::*SYNTHESIS-CAPABILITY-SELECTION-V2-ACTIVE-COMPONENT-ID*)
;       (:RANKING-HOOK LSIP::*SYNTHESIS-CAPABILITY-RANKING-ACTIVE-COMPONENT-ID*)
;       (:EVALUATOR-HOOK LSIP::*SYNTHESIS-EVALUATOR-DISPATCH-ACTIVE-COMPONENT-ID*)
;       (:ADMISSION-HOOK LSIP::*SYNTHESIS-ADMISSION-ACTIVE-COMPONENT-ID*)
;       (:PLANNER-HOOK LSIP::*SYNTHESIS-PLANNER-V2-ACTIVE-COMPONENT-ID*)
;       (:PROPOSAL-PROVIDER-HOOK
;        LSIP::*SYNTHESIS-PROPOSAL-PROVIDER-ACTIVE-COMPONENT-ID*)
;       (:EXECUTION-HOOK LSIP::*SYNTHESIS-EXECUTION-V2-ACTIVE-COMPONENT-ID*)
;       (:ORCHESTRATOR-HOOK LSIP::*SYNTHESIS-ORCHESTRATOR-V2-ACTIVE-COMPONENT-ID*)
;       (:PROVIDER-RESOLUTION-HOOK
;        LSIP::*SYNTHESIS-PROVIDER-RESOLUTION-ACTIVE-COMPONENT-ID*)
;       (:CUTOVER-POLICY-HOOK
;        LSIP::*SYNTHESIS-AUTHORITY-CUTOVER-POLICY-ACTIVE-COMPONENT-ID*)
;       ...)
; --> BLOCK WHEN IF LET WHEN IF RETURN-FROM COND IF IF IF IF IF IF IF IF IF IF 
; --> IF IF 
; ==>
;   (IF (EQL #:H2 41)
;       LSIP::*SEMANTIC-CONSTRUCTOR-SYNTHESIZER-ACTIVE-COMPONENT-ID*
;       (IF (EQL #:H2 48)
;           LSIP::*SYNTHESIS-PLANNER-V2-ACTIVE-COMPONENT-ID*
;           (IF (EQL #:H2 51)
;               LSIP::*SYNTHESIS-EXECUTION-V2-ACTIVE-COMPONENT-ID*
;               (IF (EQL #:H2 53)
;                   LSIP::*SYNTHESIS-EVALUATOR-DISPATCH-ACTIVE-COMPONENT-ID*
;                   (IF #
;                       LSIP::*SYNTHESIS-PROVIDER-RESOLUTION-ACTIVE-COMPONENT-ID*
;                       #)))))
; 
; caught WARNING:
;   undefined variable: LSIP::*SEMANTIC-CONSTRUCTOR-SYNTHESIZER-ACTIVE-COMPONENT-ID*

; 
; caught WARNING:
;   1 more use of undefined variable LSIP::*SEMANTIC-CONSTRUCTOR-SYNTHESIZER-ACTIVE-COMPONENT-ID*


; file: /home/user0/ORCHESTRATION/worktrees/goggles-vm-feedback-47fe6800/lisp/synthesis_self_host_predecessor_lockout_v1.lisp
; in: DEFUN LSIP::LOCKOUT-SYNTHESIS-SELF-HOST-PREDECESSORS-SH20-V1
;     (SETF LSIP::*SYNTHESIS-AUTHORITY-CUTOVER-POLICY-REFERENCE-ENABLED-P* NIL
;           LSIP::*SYNTHESIS-SELF-HOST-PROGRAM-IDENTITY-REFERENCE-ENABLED-P* NIL
;           LSIP::*SYNTHESIS-SELF-HOST-CONSTRUCTOR-PRIMITIVE-REFERENCE-ENABLED-P*
;             NIL
;           LSIP::*SEMANTIC-CONSTRUCTOR-EXECUTOR-REFERENCE-ENABLED-P* NIL
;           LSIP::*SEMANTIC-CONSTRUCTOR-SYNTHESIZER-REFERENCE-ENABLED-P* NIL
;           LSIP::*SEMANTIC-CONSTRUCTOR-VALIDATOR-REFERENCE-ENABLED-P* NIL
;           ...)
; --> SETF 
; ==>
;   (SETQ LSIP::*SEMANTIC-CONSTRUCTOR-SYNTHESIZER-REFERENCE-ENABLED-P* NIL)
; 
; caught WARNING:
;   undefined variable: LSIP::*SEMANTIC-CONSTRUCTOR-SYNTHESIZER-REFERENCE-ENABLED-P*

; in: DEFUN LSIP::SYNTHESIS-SELF-HOST-PREDECESSOR-FLAGS-SH20-V1
;     (LIST LSIP::*SYNTHESIS-AUTHORITY-CUTOVER-POLICY-REFERENCE-ENABLED-P*
;           LSIP::*SYNTHESIS-SELF-HOST-PROGRAM-IDENTITY-REFERENCE-ENABLED-P*
;           LSIP::*SYNTHESIS-SELF-HOST-CONSTRUCTOR-PRIMITIVE-REFERENCE-ENABLED-P*
;           LSIP::*SEMANTIC-CONSTRUCTOR-EXECUTOR-REFERENCE-ENABLED-P*
;           LSIP::*SEMANTIC-CONSTRUCTOR-SYNTHESIZER-REFERENCE-ENABLED-P*
;           LSIP::*SEMANTIC-CONSTRUCTOR-VALIDATOR-REFERENCE-ENABLED-P*
;           LSIP::*SYNTHESIS-SELF-HOST-CONSTRUCTOR-SERVICE-REFERENCE-ENABLED-P*
;           LSIP::*SYNTHESIS-PLANNER-V2-REFERENCE-ENABLED-P*
;           LSIP::*SYNTHESIS-CAPABILITY-SELECTION-V2-REFERENCE-ENABLED-P*
;           LSIP::*SYNTHESIS-CAPABILITY-RANKING-REFERENCE-ENABLED-P*
;           LSIP::*SYNTHESIS-PROVIDER-RESOLUTION-REFERENCE-ENABLED-P* ...)
; 
; caught WARNING:
;   undefined variable: LSIP::*SEMANTIC-CONSTRUCTOR-SYNTHESIZER-REFERENCE-ENABLED-P*


; file: /home/user0/ORCHESTRATION/worktrees/goggles-vm-feedback-47fe6800/lisp/synthesis_self_host_runtime_closure_v1.lisp
; in: DEFUN LSIP::SYNTHESIS-SELF-HOST-RUNTIME-COMPONENT-ROWS-SH19-V1
;     (LIST :COMPONENT :CONSTRUCTOR-SYNTHESIZER :ACTIVE-REF
;           LSIP::*SEMANTIC-CONSTRUCTOR-SYNTHESIZER-ACTIVE-COMPONENT-ID*
;           :PREDECESSOR-REF
;           LSIP::+SEMANTIC-CONSTRUCTOR-SYNTHESIZER-REFERENCE-ID-V1+
;           :PREDECESSOR-ENABLED-P
;           LSIP::*SEMANTIC-CONSTRUCTOR-SYNTHESIZER-REFERENCE-ENABLED-P*)
; 
; caught WARNING:
;   undefined variable: LSIP::*SEMANTIC-CONSTRUCTOR-SYNTHESIZER-REFERENCE-ENABLED-P*

; 
; caught WARNING:
;   2 more uses of undefined variable LSIP::*SEMANTIC-CONSTRUCTOR-SYNTHESIZER-REFERENCE-ENABLED-P*


; file: /home/user0/ORCHESTRATION/worktrees/goggles-vm-feedback-47fe6800/lisp/synthesis_runtime_hook_activation_v1.lisp
; in: DEFUN LSIP::SYNTHESIS-RUNTIME-HOOK-CURRENT-REF-V1
;     (ECASE LSIP::MUTATION-SURFACE
;       (:PROPOSAL-PROVIDER-HOOK
;        LSIP::*SYNTHESIS-PROPOSAL-PROVIDER-ACTIVE-COMPONENT-ID*)
;       (:PLANNER-HOOK LSIP::*SYNTHESIS-PLANNER-V2-ACTIVE-COMPONENT-ID*)
;       (:EXECUTION-HOOK LSIP::*SYNTHESIS-EXECUTION-V2-ACTIVE-COMPONENT-ID*)
;       (:ORCHESTRATOR-HOOK LSIP::*SYNTHESIS-ORCHESTRATOR-V2-ACTIVE-COMPONENT-ID*)
;       (:PROVIDER-RESOLUTION-HOOK
;        LSIP::*SYNTHESIS-PROVIDER-RESOLUTION-ACTIVE-COMPONENT-ID*)
;       (:CUTOVER-POLICY-HOOK
;        LSIP::*SYNTHESIS-AUTHORITY-CUTOVER-POLICY-ACTIVE-COMPONENT-ID*)
;       (:CONSTRUCTOR-PRIMITIVE-HOOK
;        LSIP::*SYNTHESIS-SELF-HOST-CONSTRUCTOR-PRIMITIVE-ACTIVE-COMPONENT-ID*)
;       (:CONSTRUCTOR-SERVICE-HOOK
;        LSIP::*SYNTHESIS-SELF-HOST-CONSTRUCTOR-SERVICE-ACTIVE-COMPONENT-ID*)
;       (:PROGRAM-IDENTITY-HOOK
;        LSIP::*SYNTHESIS-SELF-HOST-PROGRAM-IDENTITY-ACTIVE-COMPONENT-ID*)
;       (:CONSTRUCTOR-EXECUTOR-HOOK
;        LSIP::*SEMANTIC-CONSTRUCTOR-EXECUTOR-ACTIVE-COMPONENT-ID*)
;       ...)
; --> BLOCK WHEN IF LET WHEN IF RETURN-FROM COND IF IF IF IF IF IF IF IF IF IF 
; --> IF IF 
; ==>
;   (IF (EQL #:H2 31)
;       LSIP::*SEMANTIC-CONSTRUCTOR-VALIDATOR-ACTIVE-COMPONENT-ID*
;       (IF (OR (EQL #:H2 3) (EQL #:H2 4) (EQL #:H2 7) (EQL #:H2 8) (EQL #:H2 9)
;               (EQL #:H2 10) (EQL #:H2 11) (EQL #:H2 12) (EQL #:H2 13)
;               (EQL #:H2 15) (EQL #:H2 16) ...)
;           (SB-IMPL::UNREACHABLE)
;           (THE T (SB-IMPL::UNREACHABLE))))
; 
; caught WARNING:
;   undefined variable: LSIP::*SEMANTIC-CONSTRUCTOR-VALIDATOR-ACTIVE-COMPONENT-ID*


; file: /home/user0/ORCHESTRATION/worktrees/goggles-vm-feedback-47fe6800/lisp/synthesis_authority_cutover_v1.lisp
; in: DEFUN LSIP:APPLY-SYNTHESIS-AUTHORITY-CUTOVER-COMPATIBILITY-V1
;     (EQUAL LSIP::*SEMANTIC-CONSTRUCTOR-VALIDATOR-ACTIVE-COMPONENT-ID*
;            LSIP::EXPECTED-CURRENT-REF)
; 
; caught WARNING:
;   undefined variable: LSIP::*SEMANTIC-CONSTRUCTOR-VALIDATOR-ACTIVE-COMPONENT-ID*

; in: DEFUN LSIP::SYNTHESIS-AUTHORITY-CUTOVER-CURRENT-REF-V1
;     (ECASE (GETF LSIP::COMMAND :MUTATION-SURFACE)
;       (:SELECTOR-HOOK
;        LSIP::*SYNTHESIS-CAPABILITY-SELECTION-V2-ACTIVE-COMPONENT-ID*)
;       (:RANKING-HOOK LSIP::*SYNTHESIS-CAPABILITY-RANKING-ACTIVE-COMPONENT-ID*)
;       (:EVALUATOR-HOOK LSIP::*SYNTHESIS-EVALUATOR-DISPATCH-ACTIVE-COMPONENT-ID*)
;       (:ADMISSION-HOOK LSIP::*SYNTHESIS-ADMISSION-ACTIVE-COMPONENT-ID*)
;       (:PLANNER-HOOK LSIP::*SYNTHESIS-PLANNER-V2-ACTIVE-COMPONENT-ID*)
;       (:PROPOSAL-PROVIDER-HOOK
;        LSIP::*SYNTHESIS-PROPOSAL-PROVIDER-ACTIVE-COMPONENT-ID*)
;       (:EXECUTION-HOOK LSIP::*SYNTHESIS-EXECUTION-V2-ACTIVE-COMPONENT-ID*)
;       (:ORCHESTRATOR-HOOK LSIP::*SYNTHESIS-ORCHESTRATOR-V2-ACTIVE-COMPONENT-ID*)
;       (:PROVIDER-RESOLUTION-HOOK
;        LSIP::*SYNTHESIS-PROVIDER-RESOLUTION-ACTIVE-COMPONENT-ID*)
;       (:CUTOVER-POLICY-HOOK
;        LSIP::*SYNTHESIS-AUTHORITY-CUTOVER-POLICY-ACTIVE-COMPONENT-ID*)
;       ...)
; --> BLOCK WHEN IF LET WHEN IF RETURN-FROM COND IF IF IF IF IF IF IF 
; ==>
;   (IF (EQL #:H2 28)
;       LSIP::*SEMANTIC-CONSTRUCTOR-VALIDATOR-ACTIVE-COMPONENT-ID*
;       (IF (EQL #:H2 29)
;           LSIP::*SYNTHESIS-SELF-HOST-PROGRAM-IDENTITY-ACTIVE-COMPONENT-ID*
;           (IF (EQL #:H2 32)
;               LSIP::*SYNTHESIS-SELF-HOST-CONSTRUCTOR-SERVICE-ACTIVE-COMPONENT-ID*
;               (IF (EQL #:H2 34)
;                   LSIP::*SYNTHESIS-CAPABILITY-RANKING-ACTIVE-COMPONENT-ID*
;                   (IF #
;                       LSIP::*SYNTHESIS-AUTHORITY-CUTOVER-POLICY-ACTIVE-COMPONENT-ID*
;                       #)))))
; 
; caught WARNING:
;   undefined variable: LSIP::*SEMANTIC-CONSTRUCTOR-VALIDATOR-ACTIVE-COMPONENT-ID*

; 
; caught WARNING:
;   1 more use of undefined variable LSIP::*SEMANTIC-CONSTRUCTOR-VALIDATOR-ACTIVE-COMPONENT-ID*


; file: /home/user0/ORCHESTRATION/worktrees/goggles-vm-feedback-47fe6800/lisp/synthesis_self_host_predecessor_lockout_v1.lisp
; in: DEFUN LSIP::LOCKOUT-SYNTHESIS-SELF-HOST-PREDECESSORS-SH20-V1
;     (SETF LSIP::*SYNTHESIS-AUTHORITY-CUTOVER-POLICY-REFERENCE-ENABLED-P* NIL
;           LSIP::*SYNTHESIS-SELF-HOST-PROGRAM-IDENTITY-REFERENCE-ENABLED-P* NIL
;           LSIP::*SYNTHESIS-SELF-HOST-CONSTRUCTOR-PRIMITIVE-REFERENCE-ENABLED-P*
;             NIL
;           LSIP::*SEMANTIC-CONSTRUCTOR-EXECUTOR-REFERENCE-ENABLED-P* NIL
;           LSIP::*SEMANTIC-CONSTRUCTOR-SYNTHESIZER-REFERENCE-ENABLED-P* NIL
;           LSIP::*SEMANTIC-CONSTRUCTOR-VALIDATOR-REFERENCE-ENABLED-P* NIL
;           ...)
; --> SETF 
; ==>
;   (SETQ LSIP::*SEMANTIC-CONSTRUCTOR-VALIDATOR-REFERENCE-ENABLED-P* NIL)
; 
; caught WARNING:
;   undefined variable: LSIP::*SEMANTIC-CONSTRUCTOR-VALIDATOR-REFERENCE-ENABLED-P*

; in: DEFUN LSIP::SYNTHESIS-SELF-HOST-PREDECESSOR-FLAGS-SH20-V1
;     (LIST LSIP::*SYNTHESIS-AUTHORITY-CUTOVER-POLICY-REFERENCE-ENABLED-P*
;           LSIP::*SYNTHESIS-SELF-HOST-PROGRAM-IDENTITY-REFERENCE-ENABLED-P*
;           LSIP::*SYNTHESIS-SELF-HOST-CONSTRUCTOR-PRIMITIVE-REFERENCE-ENABLED-P*
;           LSIP::*SEMANTIC-CONSTRUCTOR-EXECUTOR-REFERENCE-ENABLED-P*
;           LSIP::*SEMANTIC-CONSTRUCTOR-SYNTHESIZER-REFERENCE-ENABLED-P*
;           LSIP::*SEMANTIC-CONSTRUCTOR-VALIDATOR-REFERENCE-ENABLED-P*
;           LSIP::*SYNTHESIS-SELF-HOST-CONSTRUCTOR-SERVICE-REFERENCE-ENABLED-P*
;           LSIP::*SYNTHESIS-PLANNER-V2-REFERENCE-ENABLED-P*
;           LSIP::*SYNTHESIS-CAPABILITY-SELECTION-V2-REFERENCE-ENABLED-P*
;           LSIP::*SYNTHESIS-CAPABILITY-RANKING-REFERENCE-ENABLED-P*
;           LSIP::*SYNTHESIS-PROVIDER-RESOLUTION-REFERENCE-ENABLED-P* ...)
; 
; caught WARNING:
;   undefined variable: LSIP::*SEMANTIC-CONSTRUCTOR-VALIDATOR-REFERENCE-ENABLED-P*


; file: /home/user0/ORCHESTRATION/worktrees/goggles-vm-feedback-47fe6800/lisp/synthesis_self_host_runtime_closure_v1.lisp
; in: DEFUN LSIP::SYNTHESIS-SELF-HOST-RUNTIME-COMPONENT-ROWS-SH19-V1
;     (LIST :COMPONENT :CONSTRUCTOR-VALIDATOR :ACTIVE-REF
;           LSIP::*SEMANTIC-CONSTRUCTOR-VALIDATOR-ACTIVE-COMPONENT-ID*
;           :PREDECESSOR-REF LSIP::+SEMANTIC-CONSTRUCTOR-VALIDATOR-REFERENCE-ID-V1+
;           :PREDECESSOR-ENABLED-P
;           LSIP::*SEMANTIC-CONSTRUCTOR-VALIDATOR-REFERENCE-ENABLED-P*)
; 
; caught WARNING:
;   undefined variable: LSIP::*SEMANTIC-CONSTRUCTOR-VALIDATOR-REFERENCE-ENABLED-P*

; 
; caught WARNING:
;   2 more uses of undefined variable LSIP::*SEMANTIC-CONSTRUCTOR-VALIDATOR-REFERENCE-ENABLED-P*


; file: /home/user0/ORCHESTRATION/worktrees/goggles-vm-feedback-47fe6800/lisp/synthesis_proposal_v1.lisp
; in: DEFUN LSIP::SYNTHESIS-PROPOSAL-V1-AUTHORITY-FINGERPRINT
;     (LSIP::MAKE-SYNTHESIS-AUTHORITY-ROOTS-V1 :KERNEL
;                                              (LSIP::SYNTHESIS-OBLIGATION-V1-KERNEL-DIGEST)
;                                              :OVERLAY
;                                              LSIP::*SEMANTIC-SYNTHESIS-OVERLAY-REGISTRY*
;                                              :ADMISSIONS
;                                              LSIP::*SEMANTIC-SYNTHESIS-ADMISSION-EVIDENCE*
;                                              :LIFECYCLES
;                                              LSIP::*SEMANTIC-SYNTHESIS-LIFECYCLE-EVIDENCE*
;                                              :DAG-NODES
;                                              LSIP::*SEMANTIC-SYNTHESIS-OBLIGATION-DAG-NODES*
;                                              :DAG-EDGES ...)
; 
; caught WARNING:
;   undefined variable: LSIP::*SYNTHESIS-REALIZATION-BINDINGS-V1*


; file: /home/user0/ORCHESTRATION/worktrees/goggles-vm-feedback-47fe6800/lisp/synthesis_self_host_v2_successor_generation_v1.lisp
; in:
;      DEFUN LSIP::SYNTHESIS-SELF-HOST-V2-CONSTRUCTOR-VALIDATOR-ACTIVATION-SH29-V1
;     (LIST LSIP::*SYNTHESIS-SELF-HOST-COMPONENT-CONSTRUCTOR-SH35-CAPABILITY-V1*)
; 
; caught WARNING:
;   undefined variable: LSIP::*SYNTHESIS-SELF-HOST-COMPONENT-CONSTRUCTOR-SH35-CAPABILITY-V1*

; in:
;      DEFUN LSIP::SYNTHESIS-SELF-HOST-V2-CONSTRUCTOR-SYNTHESIZER-ACTIVATION-SH29-V1
;     (LIST LSIP::*SYNTHESIS-SELF-HOST-COMPONENT-CONSTRUCTOR-SH35-CAPABILITY-V1*)
; 
; caught WARNING:
;   undefined variable: LSIP::*SYNTHESIS-SELF-HOST-COMPONENT-CONSTRUCTOR-SH35-CAPABILITY-V1*


; file: /home/user0/ORCHESTRATION/worktrees/goggles-vm-feedback-47fe6800/lisp/synthesis_runtime_hook_activation_v1.lisp
; in: DEFUN LSIP::SYNTHESIS-RUNTIME-HOOK-CURRENT-REF-V1
;     (ECASE LSIP::MUTATION-SURFACE
;       (:PROPOSAL-PROVIDER-HOOK
;        LSIP::*SYNTHESIS-PROPOSAL-PROVIDER-ACTIVE-COMPONENT-ID*)
;       (:PLANNER-HOOK LSIP::*SYNTHESIS-PLANNER-V2-ACTIVE-COMPONENT-ID*)
;       (:EXECUTION-HOOK LSIP::*SYNTHESIS-EXECUTION-V2-ACTIVE-COMPONENT-ID*)
;       (:ORCHESTRATOR-HOOK LSIP::*SYNTHESIS-ORCHESTRATOR-V2-ACTIVE-COMPONENT-ID*)
;       (:PROVIDER-RESOLUTION-HOOK
;        LSIP::*SYNTHESIS-PROVIDER-RESOLUTION-ACTIVE-COMPONENT-ID*)
;       (:CUTOVER-POLICY-HOOK
;        LSIP::*SYNTHESIS-AUTHORITY-CUTOVER-POLICY-ACTIVE-COMPONENT-ID*)
;       (:CONSTRUCTOR-PRIMITIVE-HOOK
;        LSIP::*SYNTHESIS-SELF-HOST-CONSTRUCTOR-PRIMITIVE-ACTIVE-COMPONENT-ID*)
;       (:CONSTRUCTOR-SERVICE-HOOK
;        LSIP::*SYNTHESIS-SELF-HOST-CONSTRUCTOR-SERVICE-ACTIVE-COMPONENT-ID*)
;       (:PROGRAM-IDENTITY-HOOK
;        LSIP::*SYNTHESIS-SELF-HOST-PROGRAM-IDENTITY-ACTIVE-COMPONENT-ID*)
;       (:CONSTRUCTOR-EXECUTOR-HOOK
;        LSIP::*SEMANTIC-CONSTRUCTOR-EXECUTOR-ACTIVE-COMPONENT-ID*)
;       ...)
; --> BLOCK WHEN IF LET WHEN IF RETURN-FROM COND IF 
; ==>
;   (IF (EQL #:H2 1)
;       LSIP::*SYNTHESIS-SELF-HOST-CONSTRUCTOR-PRIMITIVE-ACTIVE-COMPONENT-ID*
;       (IF (EQL #:H2 2)
;           LSIP::*SYNTHESIS-PROVIDER-RESOLUTION-ACTIVE-COMPONENT-ID*
;           (IF (EQL #:H2 5)
;               LSIP::*SYNTHESIS-SELF-HOST-PROGRAM-IDENTITY-ACTIVE-COMPONENT-ID*
;               (IF (EQL #:H2 6)
;                   LSIP::*SYNTHESIS-SELF-HOST-SUCCESSOR-CONTROLLER-ACTIVE-COMPONENT-ID*
;                   (IF #
;                       LSIP::*SYNTHESIS-PLANNER-V2-ACTIVE-COMPONENT-ID*
;                       #)))))
; 
; caught WARNING:
;   undefined variable: LSIP::*SYNTHESIS-SELF-HOST-CONSTRUCTOR-PRIMITIVE-ACTIVE-COMPONENT-ID*


; file: /home/user0/ORCHESTRATION/worktrees/goggles-vm-feedback-47fe6800/lisp/synthesis_authority_cutover_v1.lisp
; in: DEFUN LSIP:APPLY-SYNTHESIS-AUTHORITY-CUTOVER-COMPATIBILITY-V1
;     (EQUAL LSIP::*SYNTHESIS-SELF-HOST-CONSTRUCTOR-PRIMITIVE-ACTIVE-COMPONENT-ID*
;            LSIP::EXPECTED-CURRENT-REF)
; 
; caught WARNING:
;   undefined variable: LSIP::*SYNTHESIS-SELF-HOST-CONSTRUCTOR-PRIMITIVE-ACTIVE-COMPONENT-ID*

; in: DEFUN LSIP::SYNTHESIS-AUTHORITY-CUTOVER-CURRENT-REF-V1
;     (ECASE (GETF LSIP::COMMAND :MUTATION-SURFACE)
;       (:SELECTOR-HOOK
;        LSIP::*SYNTHESIS-CAPABILITY-SELECTION-V2-ACTIVE-COMPONENT-ID*)
;       (:RANKING-HOOK LSIP::*SYNTHESIS-CAPABILITY-RANKING-ACTIVE-COMPONENT-ID*)
;       (:EVALUATOR-HOOK LSIP::*SYNTHESIS-EVALUATOR-DISPATCH-ACTIVE-COMPONENT-ID*)
;       (:ADMISSION-HOOK LSIP::*SYNTHESIS-ADMISSION-ACTIVE-COMPONENT-ID*)
;       (:PLANNER-HOOK LSIP::*SYNTHESIS-PLANNER-V2-ACTIVE-COMPONENT-ID*)
;       (:PROPOSAL-PROVIDER-HOOK
;        LSIP::*SYNTHESIS-PROPOSAL-PROVIDER-ACTIVE-COMPONENT-ID*)
;       (:EXECUTION-HOOK LSIP::*SYNTHESIS-EXECUTION-V2-ACTIVE-COMPONENT-ID*)
;       (:ORCHESTRATOR-HOOK LSIP::*SYNTHESIS-ORCHESTRATOR-V2-ACTIVE-COMPONENT-ID*)
;       (:PROVIDER-RESOLUTION-HOOK
;        LSIP::*SYNTHESIS-PROVIDER-RESOLUTION-ACTIVE-COMPONENT-ID*)
;       (:CUTOVER-POLICY-HOOK
;        LSIP::*SYNTHESIS-AUTHORITY-CUTOVER-POLICY-ACTIVE-COMPONENT-ID*)
;       ...)
; --> BLOCK WHEN IF LET WHEN IF RETURN-FROM COND IF IF IF IF IF 
; ==>
;   (IF (EQL #:H2 23)
;       LSIP::*SYNTHESIS-SELF-HOST-CONSTRUCTOR-PRIMITIVE-ACTIVE-COMPONENT-ID*
;       (IF (EQL #:H2 25)
;           LSIP::*SEMANTIC-CONSTRUCTOR-EXECUTOR-ACTIVE-COMPONENT-ID*
;           (IF (EQL #:H2 28)
;               LSIP::*SEMANTIC-CONSTRUCTOR-VALIDATOR-ACTIVE-COMPONENT-ID*
;               (IF (EQL #:H2 29)
;                   LSIP::*SYNTHESIS-SELF-HOST-PROGRAM-IDENTITY-ACTIVE-COMPONENT-ID*
;                   (IF #
;                       LSIP::*SYNTHESIS-SELF-HOST-CONSTRUCTOR-SERVICE-ACTIVE-COMPONENT-ID*
;                       #)))))
; 
; caught WARNING:
;   undefined variable: LSIP::*SYNTHESIS-SELF-HOST-CONSTRUCTOR-PRIMITIVE-ACTIVE-COMPONENT-ID*

; 
; caught WARNING:
;   1 more use of undefined variable LSIP::*SYNTHESIS-SELF-HOST-CONSTRUCTOR-PRIMITIVE-ACTIVE-COMPONENT-ID*


; file: /home/user0/ORCHESTRATION/worktrees/goggles-vm-feedback-47fe6800/lisp/synthesis_self_host_predecessor_lockout_v1.lisp
; in: DEFUN LSIP::LOCKOUT-SYNTHESIS-SELF-HOST-PREDECESSORS-SH20-V1
;     (SETF LSIP::*SYNTHESIS-AUTHORITY-CUTOVER-POLICY-REFERENCE-ENABLED-P* NIL
;           LSIP::*SYNTHESIS-SELF-HOST-PROGRAM-IDENTITY-REFERENCE-ENABLED-P* NIL
;           LSIP::*SYNTHESIS-SELF-HOST-CONSTRUCTOR-PRIMITIVE-REFERENCE-ENABLED-P*
;             NIL
;           LSIP::*SEMANTIC-CONSTRUCTOR-EXECUTOR-REFERENCE-ENABLED-P* NIL
;           LSIP::*SEMANTIC-CONSTRUCTOR-SYNTHESIZER-REFERENCE-ENABLED-P* NIL
;           LSIP::*SEMANTIC-CONSTRUCTOR-VALIDATOR-REFERENCE-ENABLED-P* NIL
;           ...)
; --> SETF 
; ==>
;   (SETQ LSIP::*SYNTHESIS-SELF-HOST-CONSTRUCTOR-PRIMITIVE-REFERENCE-ENABLED-P*
;           NIL)
; 
; caught WARNING:
;   undefined variable: LSIP::*SYNTHESIS-SELF-HOST-CONSTRUCTOR-PRIMITIVE-REFERENCE-ENABLED-P*

; in: DEFUN LSIP::SYNTHESIS-SELF-HOST-PREDECESSOR-FLAGS-SH20-V1
;     (LIST LSIP::*SYNTHESIS-AUTHORITY-CUTOVER-POLICY-REFERENCE-ENABLED-P*
;           LSIP::*SYNTHESIS-SELF-HOST-PROGRAM-IDENTITY-REFERENCE-ENABLED-P*
;           LSIP::*SYNTHESIS-SELF-HOST-CONSTRUCTOR-PRIMITIVE-REFERENCE-ENABLED-P*
;           LSIP::*SEMANTIC-CONSTRUCTOR-EXECUTOR-REFERENCE-ENABLED-P*
;           LSIP::*SEMANTIC-CONSTRUCTOR-SYNTHESIZER-REFERENCE-ENABLED-P*
;           LSIP::*SEMANTIC-CONSTRUCTOR-VALIDATOR-REFERENCE-ENABLED-P*
;           LSIP::*SYNTHESIS-SELF-HOST-CONSTRUCTOR-SERVICE-REFERENCE-ENABLED-P*
;           LSIP::*SYNTHESIS-PLANNER-V2-REFERENCE-ENABLED-P*
;           LSIP::*SYNTHESIS-CAPABILITY-SELECTION-V2-REFERENCE-ENABLED-P*
;           LSIP::*SYNTHESIS-CAPABILITY-RANKING-REFERENCE-ENABLED-P*
;           LSIP::*SYNTHESIS-PROVIDER-RESOLUTION-REFERENCE-ENABLED-P* ...)
; 
; caught WARNING:
;   undefined variable: LSIP::*SYNTHESIS-SELF-HOST-CONSTRUCTOR-PRIMITIVE-REFERENCE-ENABLED-P*


; file: /home/user0/ORCHESTRATION/worktrees/goggles-vm-feedback-47fe6800/lisp/synthesis_self_host_runtime_closure_v1.lisp
; in: DEFUN LSIP::SYNTHESIS-SELF-HOST-RUNTIME-COMPONENT-ROWS-SH19-V1
;     (LIST :COMPONENT :CONSTRUCTOR-PRIMITIVE :ACTIVE-REF
;           LSIP::*SYNTHESIS-SELF-HOST-CONSTRUCTOR-PRIMITIVE-ACTIVE-COMPONENT-ID*
;           :PREDECESSOR-REF
;           LSIP::+SYNTHESIS-SELF-HOST-CONSTRUCTOR-PRIMITIVE-REFERENCE-ID-V1+
;           :PREDECESSOR-ENABLED-P
;           LSIP::*SYNTHESIS-SELF-HOST-CONSTRUCTOR-PRIMITIVE-REFERENCE-ENABLED-P*)
; 
; caught WARNING:
;   undefined variable: LSIP::*SYNTHESIS-SELF-HOST-CONSTRUCTOR-PRIMITIVE-REFERENCE-ENABLED-P*

; 
; caught WARNING:
;   2 more uses of undefined variable LSIP::*SYNTHESIS-SELF-HOST-CONSTRUCTOR-PRIMITIVE-REFERENCE-ENABLED-P*


; file: /home/user0/ORCHESTRATION/worktrees/goggles-vm-feedback-47fe6800/lisp/synthesis_runtime_hook_activation_v1.lisp
; in: DEFUN LSIP::SYNTHESIS-RUNTIME-HOOK-CURRENT-REF-V1
;     (ECASE LSIP::MUTATION-SURFACE
;       (:PROPOSAL-PROVIDER-HOOK
;        LSIP::*SYNTHESIS-PROPOSAL-PROVIDER-ACTIVE-COMPONENT-ID*)
;       (:PLANNER-HOOK LSIP::*SYNTHESIS-PLANNER-V2-ACTIVE-COMPONENT-ID*)
;       (:EXECUTION-HOOK LSIP::*SYNTHESIS-EXECUTION-V2-ACTIVE-COMPONENT-ID*)
;       (:ORCHESTRATOR-HOOK LSIP::*SYNTHESIS-ORCHESTRATOR-V2-ACTIVE-COMPONENT-ID*)
;       (:PROVIDER-RESOLUTION-HOOK
;        LSIP::*SYNTHESIS-PROVIDER-RESOLUTION-ACTIVE-COMPONENT-ID*)
;       (:CUTOVER-POLICY-HOOK
;        LSIP::*SYNTHESIS-AUTHORITY-CUTOVER-POLICY-ACTIVE-COMPONENT-ID*)
;       (:CONSTRUCTOR-PRIMITIVE-HOOK
;        LSIP::*SYNTHESIS-SELF-HOST-CONSTRUCTOR-PRIMITIVE-ACTIVE-COMPONENT-ID*)
;       (:CONSTRUCTOR-SERVICE-HOOK
;        LSIP::*SYNTHESIS-SELF-HOST-CONSTRUCTOR-SERVICE-ACTIVE-COMPONENT-ID*)
;       (:PROGRAM-IDENTITY-HOOK
;        LSIP::*SYNTHESIS-SELF-HOST-PROGRAM-IDENTITY-ACTIVE-COMPONENT-ID*)
;       (:CONSTRUCTOR-EXECUTOR-HOOK
;        LSIP::*SEMANTIC-CONSTRUCTOR-EXECUTOR-ACTIVE-COMPONENT-ID*)
;       ...)
; --> BLOCK WHEN IF LET WHEN IF RETURN-FROM COND IF IF IF IF IF IF IF 
; ==>
;   (IF (EQL #:H2 24)
;       LSIP::*SYNTHESIS-SELF-HOST-CONSTRUCTOR-SERVICE-ACTIVE-COMPONENT-ID*
;       (IF (EQL #:H2 25)
;           LSIP::*SYNTHESIS-ORCHESTRATOR-V2-ACTIVE-COMPONENT-ID*
;           (IF (EQL #:H2 26)
;               LSIP::*SYNTHESIS-EXECUTION-V2-ACTIVE-COMPONENT-ID*
;               (IF (EQL #:H2 28)
;                   LSIP::*SEMANTIC-CONSTRUCTOR-EXECUTOR-ACTIVE-COMPONENT-ID*
;                   (IF #
;                       LSIP::*SYNTHESIS-AUTHORITY-CUTOVER-POLICY-ACTIVE-COMPONENT-ID*
;                       #)))))
; 
; caught WARNING:
;   undefined variable: LSIP::*SYNTHESIS-SELF-HOST-CONSTRUCTOR-SERVICE-ACTIVE-COMPONENT-ID*


; file: /home/user0/ORCHESTRATION/worktrees/goggles-vm-feedback-47fe6800/lisp/synthesis_authority_cutover_v1.lisp
; in: DEFUN LSIP:APPLY-SYNTHESIS-AUTHORITY-CUTOVER-COMPATIBILITY-V1
;     (EQUAL LSIP::*SYNTHESIS-SELF-HOST-CONSTRUCTOR-SERVICE-ACTIVE-COMPONENT-ID*
;            LSIP::EXPECTED-CURRENT-REF)
; 
; caught WARNING:
;   undefined variable: LSIP::*SYNTHESIS-SELF-HOST-CONSTRUCTOR-SERVICE-ACTIVE-COMPONENT-ID*

; in: DEFUN LSIP::SYNTHESIS-AUTHORITY-CUTOVER-CURRENT-REF-V1
;     (ECASE (GETF LSIP::COMMAND :MUTATION-SURFACE)
;       (:SELECTOR-HOOK
;        LSIP::*SYNTHESIS-CAPABILITY-SELECTION-V2-ACTIVE-COMPONENT-ID*)
;       (:RANKING-HOOK LSIP::*SYNTHESIS-CAPABILITY-RANKING-ACTIVE-COMPONENT-ID*)
;       (:EVALUATOR-HOOK LSIP::*SYNTHESIS-EVALUATOR-DISPATCH-ACTIVE-COMPONENT-ID*)
;       (:ADMISSION-HOOK LSIP::*SYNTHESIS-ADMISSION-ACTIVE-COMPONENT-ID*)
;       (:PLANNER-HOOK LSIP::*SYNTHESIS-PLANNER-V2-ACTIVE-COMPONENT-ID*)
;       (:PROPOSAL-PROVIDER-HOOK
;        LSIP::*SYNTHESIS-PROPOSAL-PROVIDER-ACTIVE-COMPONENT-ID*)
;       (:EXECUTION-HOOK LSIP::*SYNTHESIS-EXECUTION-V2-ACTIVE-COMPONENT-ID*)
;       (:ORCHESTRATOR-HOOK LSIP::*SYNTHESIS-ORCHESTRATOR-V2-ACTIVE-COMPONENT-ID*)
;       (:PROVIDER-RESOLUTION-HOOK
;        LSIP::*SYNTHESIS-PROVIDER-RESOLUTION-ACTIVE-COMPONENT-ID*)
;       (:CUTOVER-POLICY-HOOK
;        LSIP::*SYNTHESIS-AUTHORITY-CUTOVER-POLICY-ACTIVE-COMPONENT-ID*)
;       ...)
; --> BLOCK WHEN IF LET WHEN IF RETURN-FROM COND IF IF IF IF IF IF IF IF IF 
; ==>
;   (IF (EQL #:H2 32)
;       LSIP::*SYNTHESIS-SELF-HOST-CONSTRUCTOR-SERVICE-ACTIVE-COMPONENT-ID*
;       (IF (EQL #:H2 34)
;           LSIP::*SYNTHESIS-CAPABILITY-RANKING-ACTIVE-COMPONENT-ID*
;           (IF (EQL #:H2 36)
;               LSIP::*SYNTHESIS-AUTHORITY-CUTOVER-POLICY-ACTIVE-COMPONENT-ID*
;               (IF (EQL #:H2 41)
;                   LSIP::*SEMANTIC-CONSTRUCTOR-SYNTHESIZER-ACTIVE-COMPONENT-ID*
;                   (IF #
;                       LSIP::*SYNTHESIS-PLANNER-V2-ACTIVE-COMPONENT-ID*
;                       #)))))
; 
; caught WARNING:
;   undefined variable: LSIP::*SYNTHESIS-SELF-HOST-CONSTRUCTOR-SERVICE-ACTIVE-COMPONENT-ID*

; 
; caught WARNING:
;   1 more use of undefined variable LSIP::*SYNTHESIS-SELF-HOST-CONSTRUCTOR-SERVICE-ACTIVE-COMPONENT-ID*


; file: /home/user0/ORCHESTRATION/worktrees/goggles-vm-feedback-47fe6800/lisp/synthesis_self_host_predecessor_lockout_v1.lisp
; in: DEFUN LSIP::LOCKOUT-SYNTHESIS-SELF-HOST-PREDECESSORS-SH20-V1
;     (SETF LSIP::*SYNTHESIS-AUTHORITY-CUTOVER-POLICY-REFERENCE-ENABLED-P* NIL
;           LSIP::*SYNTHESIS-SELF-HOST-PROGRAM-IDENTITY-REFERENCE-ENABLED-P* NIL
;           LSIP::*SYNTHESIS-SELF-HOST-CONSTRUCTOR-PRIMITIVE-REFERENCE-ENABLED-P*
;             NIL
;           LSIP::*SEMANTIC-CONSTRUCTOR-EXECUTOR-REFERENCE-ENABLED-P* NIL
;           LSIP::*SEMANTIC-CONSTRUCTOR-SYNTHESIZER-REFERENCE-ENABLED-P* NIL
;           LSIP::*SEMANTIC-CONSTRUCTOR-VALIDATOR-REFERENCE-ENABLED-P* NIL
;           ...)
; --> SETF 
; ==>
;   (SETQ LSIP::*SYNTHESIS-SELF-HOST-CONSTRUCTOR-SERVICE-REFERENCE-ENABLED-P* NIL)
; 
; caught WARNING:
;   undefined variable: LSIP::*SYNTHESIS-SELF-HOST-CONSTRUCTOR-SERVICE-REFERENCE-ENABLED-P*

; in: DEFUN LSIP::SYNTHESIS-SELF-HOST-PREDECESSOR-FLAGS-SH20-V1
;     (LIST LSIP::*SYNTHESIS-AUTHORITY-CUTOVER-POLICY-REFERENCE-ENABLED-P*
;           LSIP::*SYNTHESIS-SELF-HOST-PROGRAM-IDENTITY-REFERENCE-ENABLED-P*
;           LSIP::*SYNTHESIS-SELF-HOST-CONSTRUCTOR-PRIMITIVE-REFERENCE-ENABLED-P*
;           LSIP::*SEMANTIC-CONSTRUCTOR-EXECUTOR-REFERENCE-ENABLED-P*
;           LSIP::*SEMANTIC-CONSTRUCTOR-SYNTHESIZER-REFERENCE-ENABLED-P*
;           LSIP::*SEMANTIC-CONSTRUCTOR-VALIDATOR-REFERENCE-ENABLED-P*
;           LSIP::*SYNTHESIS-SELF-HOST-CONSTRUCTOR-SERVICE-REFERENCE-ENABLED-P*
;           LSIP::*SYNTHESIS-PLANNER-V2-REFERENCE-ENABLED-P*
;           LSIP::*SYNTHESIS-CAPABILITY-SELECTION-V2-REFERENCE-ENABLED-P*
;           LSIP::*SYNTHESIS-CAPABILITY-RANKING-REFERENCE-ENABLED-P*
;           LSIP::*SYNTHESIS-PROVIDER-RESOLUTION-REFERENCE-ENABLED-P* ...)
; 
; caught WARNING:
;   undefined variable: LSIP::*SYNTHESIS-SELF-HOST-CONSTRUCTOR-SERVICE-REFERENCE-ENABLED-P*


; file: /home/user0/ORCHESTRATION/worktrees/goggles-vm-feedback-47fe6800/lisp/synthesis_self_host_runtime_closure_v1.lisp
; in: DEFUN LSIP::SYNTHESIS-SELF-HOST-RUNTIME-COMPONENT-ROWS-SH19-V1
;     (LIST :COMPONENT :CONSTRUCTOR-SERVICE :ACTIVE-REF
;           LSIP::*SYNTHESIS-SELF-HOST-CONSTRUCTOR-SERVICE-ACTIVE-COMPONENT-ID*
;           :PREDECESSOR-REF
;           LSIP::+SYNTHESIS-SELF-HOST-CONSTRUCTOR-SERVICE-REFERENCE-ID-V1+
;           :PREDECESSOR-ENABLED-P
;           LSIP::*SYNTHESIS-SELF-HOST-CONSTRUCTOR-SERVICE-REFERENCE-ENABLED-P*)
; 
; caught WARNING:
;   undefined variable: LSIP::*SYNTHESIS-SELF-HOST-CONSTRUCTOR-SERVICE-REFERENCE-ENABLED-P*

; 
; caught WARNING:
;   2 more uses of undefined variable LSIP::*SYNTHESIS-SELF-HOST-CONSTRUCTOR-SERVICE-REFERENCE-ENABLED-P*


; file: /home/user0/ORCHESTRATION/worktrees/goggles-vm-feedback-47fe6800/lisp/synthesis_runtime_hook_activation_v1.lisp
; in: DEFUN LSIP::SYNTHESIS-RUNTIME-HOOK-CURRENT-REF-V1
;     (ECASE LSIP::MUTATION-SURFACE
;       (:PROPOSAL-PROVIDER-HOOK
;        LSIP::*SYNTHESIS-PROPOSAL-PROVIDER-ACTIVE-COMPONENT-ID*)
;       (:PLANNER-HOOK LSIP::*SYNTHESIS-PLANNER-V2-ACTIVE-COMPONENT-ID*)
;       (:EXECUTION-HOOK LSIP::*SYNTHESIS-EXECUTION-V2-ACTIVE-COMPONENT-ID*)
;       (:ORCHESTRATOR-HOOK LSIP::*SYNTHESIS-ORCHESTRATOR-V2-ACTIVE-COMPONENT-ID*)
;       (:PROVIDER-RESOLUTION-HOOK
;        LSIP::*SYNTHESIS-PROVIDER-RESOLUTION-ACTIVE-COMPONENT-ID*)
;       (:CUTOVER-POLICY-HOOK
;        LSIP::*SYNTHESIS-AUTHORITY-CUTOVER-POLICY-ACTIVE-COMPONENT-ID*)
;       (:CONSTRUCTOR-PRIMITIVE-HOOK
;        LSIP::*SYNTHESIS-SELF-HOST-CONSTRUCTOR-PRIMITIVE-ACTIVE-COMPONENT-ID*)
;       (:CONSTRUCTOR-SERVICE-HOOK
;        LSIP::*SYNTHESIS-SELF-HOST-CONSTRUCTOR-SERVICE-ACTIVE-COMPONENT-ID*)
;       (:PROGRAM-IDENTITY-HOOK
;        LSIP::*SYNTHESIS-SELF-HOST-PROGRAM-IDENTITY-ACTIVE-COMPONENT-ID*)
;       (:CONSTRUCTOR-EXECUTOR-HOOK
;        LSIP::*SEMANTIC-CONSTRUCTOR-EXECUTOR-ACTIVE-COMPONENT-ID*)
;       ...)
; --> BLOCK WHEN IF LET WHEN IF RETURN-FROM COND IF IF IF 
; ==>
;   (IF (EQL #:H2 5)
;       LSIP::*SYNTHESIS-SELF-HOST-PROGRAM-IDENTITY-ACTIVE-COMPONENT-ID*
;       (IF (EQL #:H2 6)
;           LSIP::*SYNTHESIS-SELF-HOST-SUCCESSOR-CONTROLLER-ACTIVE-COMPONENT-ID*
;           (IF (EQL #:H2 14)
;               LSIP::*SYNTHESIS-PLANNER-V2-ACTIVE-COMPONENT-ID*
;               (IF (EQL #:H2 22)
;                   LSIP::*SYNTHESIS-PROPOSAL-PROVIDER-ACTIVE-COMPONENT-ID*
;                   (IF #
;                       LSIP::*SYNTHESIS-SELF-HOST-CONSTRUCTOR-SERVICE-ACTIVE-COMPONENT-ID*
;                       #)))))
; 
; caught WARNING:
;   undefined variable: LSIP::*SYNTHESIS-SELF-HOST-PROGRAM-IDENTITY-ACTIVE-COMPONENT-ID*


; file: /home/user0/ORCHESTRATION/worktrees/goggles-vm-feedback-47fe6800/lisp/synthesis_authority_cutover_v1.lisp
; in: DEFUN LSIP:APPLY-SYNTHESIS-AUTHORITY-CUTOVER-COMPATIBILITY-V1
;     (EQUAL LSIP::*SYNTHESIS-SELF-HOST-PROGRAM-IDENTITY-ACTIVE-COMPONENT-ID*
;            LSIP::EXPECTED-CURRENT-REF)
; 
; caught WARNING:
;   undefined variable: LSIP::*SYNTHESIS-SELF-HOST-PROGRAM-IDENTITY-ACTIVE-COMPONENT-ID*

; in: DEFUN LSIP::SYNTHESIS-AUTHORITY-CUTOVER-CURRENT-REF-V1
;     (ECASE (GETF LSIP::COMMAND :MUTATION-SURFACE)
;       (:SELECTOR-HOOK
;        LSIP::*SYNTHESIS-CAPABILITY-SELECTION-V2-ACTIVE-COMPONENT-ID*)
;       (:RANKING-HOOK LSIP::*SYNTHESIS-CAPABILITY-RANKING-ACTIVE-COMPONENT-ID*)
;       (:EVALUATOR-HOOK LSIP::*SYNTHESIS-EVALUATOR-DISPATCH-ACTIVE-COMPONENT-ID*)
;       (:ADMISSION-HOOK LSIP::*SYNTHESIS-ADMISSION-ACTIVE-COMPONENT-ID*)
;       (:PLANNER-HOOK LSIP::*SYNTHESIS-PLANNER-V2-ACTIVE-COMPONENT-ID*)
;       (:PROPOSAL-PROVIDER-HOOK
;        LSIP::*SYNTHESIS-PROPOSAL-PROVIDER-ACTIVE-COMPONENT-ID*)
;       (:EXECUTION-HOOK LSIP::*SYNTHESIS-EXECUTION-V2-ACTIVE-COMPONENT-ID*)
;       (:ORCHESTRATOR-HOOK LSIP::*SYNTHESIS-ORCHESTRATOR-V2-ACTIVE-COMPONENT-ID*)
;       (:PROVIDER-RESOLUTION-HOOK
;        LSIP::*SYNTHESIS-PROVIDER-RESOLUTION-ACTIVE-COMPONENT-ID*)
;       (:CUTOVER-POLICY-HOOK
;        LSIP::*SYNTHESIS-AUTHORITY-CUTOVER-POLICY-ACTIVE-COMPONENT-ID*)
;       ...)
; --> BLOCK WHEN IF LET WHEN IF RETURN-FROM COND IF IF IF IF IF IF IF IF 
; ==>
;   (IF (EQL #:H2 29)
;       LSIP::*SYNTHESIS-SELF-HOST-PROGRAM-IDENTITY-ACTIVE-COMPONENT-ID*
;       (IF (EQL #:H2 32)
;           LSIP::*SYNTHESIS-SELF-HOST-CONSTRUCTOR-SERVICE-ACTIVE-COMPONENT-ID*
;           (IF (EQL #:H2 34)
;               LSIP::*SYNTHESIS-CAPABILITY-RANKING-ACTIVE-COMPONENT-ID*
;               (IF (EQL #:H2 36)
;                   LSIP::*SYNTHESIS-AUTHORITY-CUTOVER-POLICY-ACTIVE-COMPONENT-ID*
;                   (IF #
;                       LSIP::*SEMANTIC-CONSTRUCTOR-SYNTHESIZER-ACTIVE-COMPONENT-ID*
;                       #)))))
; 
; caught WARNING:
;   undefined variable: LSIP::*SYNTHESIS-SELF-HOST-PROGRAM-IDENTITY-ACTIVE-COMPONENT-ID*

; 
; caught WARNING:
;   1 more use of undefined variable LSIP::*SYNTHESIS-SELF-HOST-PROGRAM-IDENTITY-ACTIVE-COMPONENT-ID*


; file: /home/user0/ORCHESTRATION/worktrees/goggles-vm-feedback-47fe6800/lisp/synthesis_self_host_predecessor_lockout_v1.lisp
; in: DEFUN LSIP::LOCKOUT-SYNTHESIS-SELF-HOST-PREDECESSORS-SH20-V1
;     (SETF LSIP::*SYNTHESIS-AUTHORITY-CUTOVER-POLICY-REFERENCE-ENABLED-P* NIL
;           LSIP::*SYNTHESIS-SELF-HOST-PROGRAM-IDENTITY-REFERENCE-ENABLED-P* NIL
;           LSIP::*SYNTHESIS-SELF-HOST-CONSTRUCTOR-PRIMITIVE-REFERENCE-ENABLED-P*
;             NIL
;           LSIP::*SEMANTIC-CONSTRUCTOR-EXECUTOR-REFERENCE-ENABLED-P* NIL
;           LSIP::*SEMANTIC-CONSTRUCTOR-SYNTHESIZER-REFERENCE-ENABLED-P* NIL
;           LSIP::*SEMANTIC-CONSTRUCTOR-VALIDATOR-REFERENCE-ENABLED-P* NIL
;           ...)
; --> SETF 
; ==>
;   (SETQ LSIP::*SYNTHESIS-SELF-HOST-PROGRAM-IDENTITY-REFERENCE-ENABLED-P* NIL)
; 
; caught WARNING:
;   undefined variable: LSIP::*SYNTHESIS-SELF-HOST-PROGRAM-IDENTITY-REFERENCE-ENABLED-P*

; in: DEFUN LSIP::SYNTHESIS-SELF-HOST-PREDECESSOR-FLAGS-SH20-V1
;     (LIST LSIP::*SYNTHESIS-AUTHORITY-CUTOVER-POLICY-REFERENCE-ENABLED-P*
;           LSIP::*SYNTHESIS-SELF-HOST-PROGRAM-IDENTITY-REFERENCE-ENABLED-P*
;           LSIP::*SYNTHESIS-SELF-HOST-CONSTRUCTOR-PRIMITIVE-REFERENCE-ENABLED-P*
;           LSIP::*SEMANTIC-CONSTRUCTOR-EXECUTOR-REFERENCE-ENABLED-P*
;           LSIP::*SEMANTIC-CONSTRUCTOR-SYNTHESIZER-REFERENCE-ENABLED-P*
;           LSIP::*SEMANTIC-CONSTRUCTOR-VALIDATOR-REFERENCE-ENABLED-P*
;           LSIP::*SYNTHESIS-SELF-HOST-CONSTRUCTOR-SERVICE-REFERENCE-ENABLED-P*
;           LSIP::*SYNTHESIS-PLANNER-V2-REFERENCE-ENABLED-P*
;           LSIP::*SYNTHESIS-CAPABILITY-SELECTION-V2-REFERENCE-ENABLED-P*
;           LSIP::*SYNTHESIS-CAPABILITY-RANKING-REFERENCE-ENABLED-P*
;           LSIP::*SYNTHESIS-PROVIDER-RESOLUTION-REFERENCE-ENABLED-P* ...)
; 
; caught WARNING:
;   undefined variable: LSIP::*SYNTHESIS-SELF-HOST-PROGRAM-IDENTITY-REFERENCE-ENABLED-P*


; file: /home/user0/ORCHESTRATION/worktrees/goggles-vm-feedback-47fe6800/lisp/synthesis_self_host_runtime_closure_v1.lisp
; in: DEFUN LSIP::SYNTHESIS-SELF-HOST-RUNTIME-COMPONENT-ROWS-SH19-V1
;     (LIST :COMPONENT :PROGRAM-IDENTITY :ACTIVE-REF
;           LSIP::*SYNTHESIS-SELF-HOST-PROGRAM-IDENTITY-ACTIVE-COMPONENT-ID*
;           :PREDECESSOR-REF
;           LSIP::+SYNTHESIS-SELF-HOST-PROGRAM-IDENTITY-REFERENCE-ID-V1+
;           :PREDECESSOR-ENABLED-P
;           LSIP::*SYNTHESIS-SELF-HOST-PROGRAM-IDENTITY-REFERENCE-ENABLED-P*)
; 
; caught WARNING:
;   undefined variable: LSIP::*SYNTHESIS-SELF-HOST-PROGRAM-IDENTITY-REFERENCE-ENABLED-P*


; file: /home/user0/ORCHESTRATION/worktrees/goggles-vm-feedback-47fe6800/lisp/synthesis_runtime_hook_activation_v1.lisp
; in: DEFUN LSIP::SYNTHESIS-RUNTIME-HOOK-CURRENT-REF-V1
;     (ECASE LSIP::MUTATION-SURFACE
;       (:PROPOSAL-PROVIDER-HOOK
;        LSIP::*SYNTHESIS-PROPOSAL-PROVIDER-ACTIVE-COMPONENT-ID*)
;       (:PLANNER-HOOK LSIP::*SYNTHESIS-PLANNER-V2-ACTIVE-COMPONENT-ID*)
;       (:EXECUTION-HOOK LSIP::*SYNTHESIS-EXECUTION-V2-ACTIVE-COMPONENT-ID*)
;       (:ORCHESTRATOR-HOOK LSIP::*SYNTHESIS-ORCHESTRATOR-V2-ACTIVE-COMPONENT-ID*)
;       (:PROVIDER-RESOLUTION-HOOK
;        LSIP::*SYNTHESIS-PROVIDER-RESOLUTION-ACTIVE-COMPONENT-ID*)
;       (:CUTOVER-POLICY-HOOK
;        LSIP::*SYNTHESIS-AUTHORITY-CUTOVER-POLICY-ACTIVE-COMPONENT-ID*)
;       (:CONSTRUCTOR-PRIMITIVE-HOOK
;        LSIP::*SYNTHESIS-SELF-HOST-CONSTRUCTOR-PRIMITIVE-ACTIVE-COMPONENT-ID*)
;       (:CONSTRUCTOR-SERVICE-HOOK
;        LSIP::*SYNTHESIS-SELF-HOST-CONSTRUCTOR-SERVICE-ACTIVE-COMPONENT-ID*)
;       (:PROGRAM-IDENTITY-HOOK
;        LSIP::*SYNTHESIS-SELF-HOST-PROGRAM-IDENTITY-ACTIVE-COMPONENT-ID*)
;       (:CONSTRUCTOR-EXECUTOR-HOOK
;        LSIP::*SEMANTIC-CONSTRUCTOR-EXECUTOR-ACTIVE-COMPONENT-ID*)
;       ...)
; --> BLOCK WHEN IF LET WHEN IF RETURN-FROM COND IF IF IF IF 
; ==>
;   (IF (EQL #:H2 6)
;       LSIP::*SYNTHESIS-SELF-HOST-SUCCESSOR-CONTROLLER-ACTIVE-COMPONENT-ID*
;       (IF (EQL #:H2 14)
;           LSIP::*SYNTHESIS-PLANNER-V2-ACTIVE-COMPONENT-ID*
;           (IF (EQL #:H2 22)
;               LSIP::*SYNTHESIS-PROPOSAL-PROVIDER-ACTIVE-COMPONENT-ID*
;               (IF (EQL #:H2 24)
;                   LSIP::*SYNTHESIS-SELF-HOST-CONSTRUCTOR-SERVICE-ACTIVE-COMPONENT-ID*
;                   (IF #
;                       LSIP::*SYNTHESIS-ORCHESTRATOR-V2-ACTIVE-COMPONENT-ID*
;                       #)))))
; 
; caught WARNING:
;   undefined variable: LSIP::*SYNTHESIS-SELF-HOST-SUCCESSOR-CONTROLLER-ACTIVE-COMPONENT-ID*


; file: /home/user0/ORCHESTRATION/worktrees/goggles-vm-feedback-47fe6800/lisp/synthesis_authority_cutover_v1.lisp
; in: DEFUN LSIP:APPLY-SYNTHESIS-AUTHORITY-CUTOVER-COMPATIBILITY-V1
;     (EQUAL LSIP::*SYNTHESIS-SELF-HOST-SUCCESSOR-CONTROLLER-ACTIVE-COMPONENT-ID*
;            LSIP::EXPECTED-CURRENT-REF)
; 
; caught WARNING:
;   undefined variable: LSIP::*SYNTHESIS-SELF-HOST-SUCCESSOR-CONTROLLER-ACTIVE-COMPONENT-ID*

; in: DEFUN LSIP::SYNTHESIS-AUTHORITY-CUTOVER-CURRENT-REF-V1
;     (ECASE (GETF LSIP::COMMAND :MUTATION-SURFACE)
;       (:SELECTOR-HOOK
;        LSIP::*SYNTHESIS-CAPABILITY-SELECTION-V2-ACTIVE-COMPONENT-ID*)
;       (:RANKING-HOOK LSIP::*SYNTHESIS-CAPABILITY-RANKING-ACTIVE-COMPONENT-ID*)
;       (:EVALUATOR-HOOK LSIP::*SYNTHESIS-EVALUATOR-DISPATCH-ACTIVE-COMPONENT-ID*)
;       (:ADMISSION-HOOK LSIP::*SYNTHESIS-ADMISSION-ACTIVE-COMPONENT-ID*)
;       (:PLANNER-HOOK LSIP::*SYNTHESIS-PLANNER-V2-ACTIVE-COMPONENT-ID*)
;       (:PROPOSAL-PROVIDER-HOOK
;        LSIP::*SYNTHESIS-PROPOSAL-PROVIDER-ACTIVE-COMPONENT-ID*)
;       (:EXECUTION-HOOK LSIP::*SYNTHESIS-EXECUTION-V2-ACTIVE-COMPONENT-ID*)
;       (:ORCHESTRATOR-HOOK LSIP::*SYNTHESIS-ORCHESTRATOR-V2-ACTIVE-COMPONENT-ID*)
;       (:PROVIDER-RESOLUTION-HOOK
;        LSIP::*SYNTHESIS-PROVIDER-RESOLUTION-ACTIVE-COMPONENT-ID*)
;       (:CUTOVER-POLICY-HOOK
;        LSIP::*SYNTHESIS-AUTHORITY-CUTOVER-POLICY-ACTIVE-COMPONENT-ID*)
;       ...)
; --> BLOCK WHEN IF LET WHEN IF RETURN-FROM COND 
; ==>
;   (IF (EQL #:H2 4)
;       LSIP::*SYNTHESIS-SELF-HOST-SUCCESSOR-CONTROLLER-ACTIVE-COMPONENT-ID*
;       (IF (EQL #:H2 5)
;           LSIP::*SYNTHESIS-PROPOSAL-PROVIDER-ACTIVE-COMPONENT-ID*
;           (IF (EQL #:H2 11)
;               LSIP::*SYNTHESIS-ORCHESTRATOR-V2-ACTIVE-COMPONENT-ID*
;               (IF (EQL #:H2 13)
;                   LSIP::*SYNTHESIS-CAPABILITY-SELECTION-V2-ACTIVE-COMPONENT-ID*
;                   (IF #
;                       LSIP::*SYNTHESIS-ADMISSION-ACTIVE-COMPONENT-ID*
;                       #)))))
; 
; caught WARNING:
;   undefined variable: LSIP::*SYNTHESIS-SELF-HOST-SUCCESSOR-CONTROLLER-ACTIVE-COMPONENT-ID*

; 
; caught WARNING:
;   2 more uses of undefined variable LSIP::*SYNTHESIS-SELF-HOST-SUCCESSOR-CONTROLLER-ACTIVE-COMPONENT-ID*


; file: /home/user0/ORCHESTRATION/worktrees/goggles-vm-feedback-47fe6800/lisp/synthesis_self_host_predecessor_lockout_v1.lisp
; in: DEFUN LSIP::LOCKOUT-SYNTHESIS-SELF-HOST-PREDECESSORS-SH20-V1
;     (SETF LSIP::*SYNTHESIS-AUTHORITY-CUTOVER-POLICY-REFERENCE-ENABLED-P* NIL
;           LSIP::*SYNTHESIS-SELF-HOST-PROGRAM-IDENTITY-REFERENCE-ENABLED-P* NIL
;           LSIP::*SYNTHESIS-SELF-HOST-CONSTRUCTOR-PRIMITIVE-REFERENCE-ENABLED-P*
;             NIL
;           LSIP::*SEMANTIC-CONSTRUCTOR-EXECUTOR-REFERENCE-ENABLED-P* NIL
;           LSIP::*SEMANTIC-CONSTRUCTOR-SYNTHESIZER-REFERENCE-ENABLED-P* NIL
;           LSIP::*SEMANTIC-CONSTRUCTOR-VALIDATOR-REFERENCE-ENABLED-P* NIL
;           ...)
; --> SETF 
; ==>
;   (SETQ LSIP::*SYNTHESIS-SELF-HOST-SUCCESSOR-CONTROLLER-REFERENCE-ENABLED-P*
;           NIL)
; 
; caught WARNING:
;   undefined variable: LSIP::*SYNTHESIS-SELF-HOST-SUCCESSOR-CONTROLLER-REFERENCE-ENABLED-P*

; in: DEFUN LSIP::SYNTHESIS-SELF-HOST-PREDECESSOR-FLAGS-SH20-V1
;     (LIST LSIP::*SYNTHESIS-AUTHORITY-CUTOVER-POLICY-REFERENCE-ENABLED-P*
;           LSIP::*SYNTHESIS-SELF-HOST-PROGRAM-IDENTITY-REFERENCE-ENABLED-P*
;           LSIP::*SYNTHESIS-SELF-HOST-CONSTRUCTOR-PRIMITIVE-REFERENCE-ENABLED-P*
;           LSIP::*SEMANTIC-CONSTRUCTOR-EXECUTOR-REFERENCE-ENABLED-P*
;           LSIP::*SEMANTIC-CONSTRUCTOR-SYNTHESIZER-REFERENCE-ENABLED-P*
;           LSIP::*SEMANTIC-CONSTRUCTOR-VALIDATOR-REFERENCE-ENABLED-P*
;           LSIP::*SYNTHESIS-SELF-HOST-CONSTRUCTOR-SERVICE-REFERENCE-ENABLED-P*
;           LSIP::*SYNTHESIS-PLANNER-V2-REFERENCE-ENABLED-P*
;           LSIP::*SYNTHESIS-CAPABILITY-SELECTION-V2-REFERENCE-ENABLED-P*
;           LSIP::*SYNTHESIS-CAPABILITY-RANKING-REFERENCE-ENABLED-P*
;           LSIP::*SYNTHESIS-PROVIDER-RESOLUTION-REFERENCE-ENABLED-P* ...)
; 
; caught WARNING:
;   undefined variable: LSIP::*SYNTHESIS-SELF-HOST-SUCCESSOR-CONTROLLER-REFERENCE-ENABLED-P*


; file: /home/user0/ORCHESTRATION/worktrees/goggles-vm-feedback-47fe6800/lisp/synthesis_self_host_runtime_closure_v1.lisp
; in: DEFUN LSIP::SYNTHESIS-SELF-HOST-RUNTIME-COMPONENT-ROWS-SH19-V1
;     (LIST :COMPONENT :SUCCESSOR-CONTROLLER :ACTIVE-REF
;           LSIP::*SYNTHESIS-SELF-HOST-SUCCESSOR-CONTROLLER-ACTIVE-COMPONENT-ID*
;           :PREDECESSOR-REF
;           LSIP::+SYNTHESIS-SELF-HOST-SUCCESSOR-CONTROLLER-REFERENCE-ID-V1+
;           :PREDECESSOR-ENABLED-P
;           LSIP::*SYNTHESIS-SELF-HOST-SUCCESSOR-CONTROLLER-REFERENCE-ENABLED-P*)
; 
; caught WARNING:
;   undefined variable: LSIP::*SYNTHESIS-SELF-HOST-SUCCESSOR-CONTROLLER-REFERENCE-ENABLED-P*

; 
; caught WARNING:
;   8 more uses of undefined variable LSIP::*SYNTHESIS-SELF-HOST-SUCCESSOR-CONTROLLER-REFERENCE-ENABLED-P*


; file: /home/user0/ORCHESTRATION/worktrees/goggles-vm-feedback-47fe6800/lisp/synthesis_self_host_runtime_closure_v1.lisp
; in: DEFUN LSIP::SYNTHESIS-SELF-HOST-RUNTIME-COMPONENT-ROWS-SH19-V1
;     (LIST :COMPONENT :CONSTRUCTOR-EXECUTOR :ACTIVE-REF
;           LSIP::*SEMANTIC-CONSTRUCTOR-EXECUTOR-ACTIVE-COMPONENT-ID*
;           :PREDECESSOR-REF LSIP::+SEMANTIC-CONSTRUCTOR-EXECUTOR-REFERENCE-ID-V1+
;           :PREDECESSOR-ENABLED-P
;           LSIP::*SEMANTIC-CONSTRUCTOR-EXECUTOR-REFERENCE-ENABLED-P*)
; 
; caught WARNING:
;   undefined variable: LSIP::+SEMANTIC-CONSTRUCTOR-EXECUTOR-REFERENCE-ID-V1+


; file: /home/user0/ORCHESTRATION/worktrees/goggles-vm-feedback-47fe6800/lisp/synthesis_reconstruction_grant_v1.lisp
; in: DEFUN LSIP::VALIDATE-SYNTHESIS-RECONSTRUCTION-GRANT-SHAPE-V1
;     (EQUAL (GETF LSIP::GRANT :TARGET-ID)
;            LSIP::+SEMANTIC-CONSTRUCTOR-EXECUTOR-TARGET-ID-V1+)
; 
; caught WARNING:
;   undefined variable: LSIP::+SEMANTIC-CONSTRUCTOR-EXECUTOR-TARGET-ID-V1+

; in: DEFUN LSIP::VALIDATE-SYNTHESIS-RECONSTRUCTION-INTENT-SHAPE-V1
;     (EQUAL (GETF LSIP::INTENT :TARGET-ID)
;            LSIP::+SEMANTIC-CONSTRUCTOR-EXECUTOR-TARGET-ID-V1+)
; 
; caught WARNING:
;   undefined variable: LSIP::+SEMANTIC-CONSTRUCTOR-EXECUTOR-TARGET-ID-V1+


; file: /home/user0/ORCHESTRATION/worktrees/goggles-vm-feedback-47fe6800/lisp/synthesis_self_host_runtime_closure_v1.lisp
; in: DEFUN LSIP::SYNTHESIS-SELF-HOST-RUNTIME-COMPONENT-ROWS-SH19-V1
;     (LIST :COMPONENT :CONSTRUCTOR-SYNTHESIZER :ACTIVE-REF
;           LSIP::*SEMANTIC-CONSTRUCTOR-SYNTHESIZER-ACTIVE-COMPONENT-ID*
;           :PREDECESSOR-REF
;           LSIP::+SEMANTIC-CONSTRUCTOR-SYNTHESIZER-REFERENCE-ID-V1+
;           :PREDECESSOR-ENABLED-P
;           LSIP::*SEMANTIC-CONSTRUCTOR-SYNTHESIZER-REFERENCE-ENABLED-P*)
; 
; caught WARNING:
;   undefined variable: LSIP::+SEMANTIC-CONSTRUCTOR-SYNTHESIZER-REFERENCE-ID-V1+


; file: /home/user0/ORCHESTRATION/worktrees/goggles-vm-feedback-47fe6800/lisp/synthesis_reconstruction_grant_v1.lisp
; in: DEFUN LSIP::VALIDATE-SYNTHESIS-RECONSTRUCTION-GRANT-SHAPE-V1
;     (EQUAL (GETF LSIP::GRANT :TARGET-ID)
;            LSIP::+SEMANTIC-CONSTRUCTOR-SYNTHESIZER-TARGET-ID-V1+)
; 
; caught WARNING:
;   undefined variable: LSIP::+SEMANTIC-CONSTRUCTOR-SYNTHESIZER-TARGET-ID-V1+

; in: DEFUN LSIP::VALIDATE-SYNTHESIS-RECONSTRUCTION-INTENT-SHAPE-V1
;     (EQUAL (GETF LSIP::INTENT :TARGET-ID)
;            LSIP::+SEMANTIC-CONSTRUCTOR-SYNTHESIZER-TARGET-ID-V1+)
; 
; caught WARNING:
;   undefined variable: LSIP::+SEMANTIC-CONSTRUCTOR-SYNTHESIZER-TARGET-ID-V1+


; file: /home/user0/ORCHESTRATION/worktrees/goggles-vm-feedback-47fe6800/lisp/synthesis_self_host_runtime_closure_v1.lisp
; in: DEFUN LSIP::SYNTHESIS-SELF-HOST-RUNTIME-COMPONENT-ROWS-SH19-V1
;     (LIST :COMPONENT :CONSTRUCTOR-VALIDATOR :ACTIVE-REF
;           LSIP::*SEMANTIC-CONSTRUCTOR-VALIDATOR-ACTIVE-COMPONENT-ID*
;           :PREDECESSOR-REF LSIP::+SEMANTIC-CONSTRUCTOR-VALIDATOR-REFERENCE-ID-V1+
;           :PREDECESSOR-ENABLED-P
;           LSIP::*SEMANTIC-CONSTRUCTOR-VALIDATOR-REFERENCE-ENABLED-P*)
; 
; caught WARNING:
;   undefined variable: LSIP::+SEMANTIC-CONSTRUCTOR-VALIDATOR-REFERENCE-ID-V1+


; file: /home/user0/ORCHESTRATION/worktrees/goggles-vm-feedback-47fe6800/lisp/synthesis_reconstruction_grant_v1.lisp
; in: DEFUN LSIP::VALIDATE-SYNTHESIS-RECONSTRUCTION-GRANT-SHAPE-V1
;     (EQUAL (GETF LSIP::GRANT :TARGET-ID)
;            LSIP::+SEMANTIC-CONSTRUCTOR-VALIDATOR-TARGET-ID-V1+)
; 
; caught WARNING:
;   undefined variable: LSIP::+SEMANTIC-CONSTRUCTOR-VALIDATOR-TARGET-ID-V1+

; in: DEFUN LSIP::VALIDATE-SYNTHESIS-RECONSTRUCTION-INTENT-SHAPE-V1
;     (EQUAL (GETF LSIP::INTENT :TARGET-ID)
;            LSIP::+SEMANTIC-CONSTRUCTOR-VALIDATOR-TARGET-ID-V1+)
; 
; caught WARNING:
;   undefined variable: LSIP::+SEMANTIC-CONSTRUCTOR-VALIDATOR-TARGET-ID-V1+

; in: DEFUN LSIP::VALIDATE-SYNTHESIS-RECONSTRUCTION-GRANT-SHAPE-V1
;     (EQUAL (GETF LSIP::GRANT :TARGET-ID)
;            LSIP:+SYNTHESIS-ADMISSION-SH13-TARGET-ID-V1+)
; 
; caught WARNING:
;   undefined variable: LSIP:+SYNTHESIS-ADMISSION-SH13-TARGET-ID-V1+

; in: DEFUN LSIP::VALIDATE-SYNTHESIS-RECONSTRUCTION-INTENT-SHAPE-V1
;     (EQUAL (GETF LSIP::INTENT :TARGET-ID)
;            LSIP:+SYNTHESIS-ADMISSION-SH13-TARGET-ID-V1+)
; 
; caught WARNING:
;   undefined variable: LSIP:+SYNTHESIS-ADMISSION-SH13-TARGET-ID-V1+

; in: DEFUN LSIP::VALIDATE-SYNTHESIS-RECONSTRUCTION-GRANT-SHAPE-V1
;     (EQUAL (GETF LSIP::GRANT :TARGET-ID)
;            LSIP::+SYNTHESIS-AUTHORITY-CUTOVER-POLICY-TARGET-ID-V1+)
; 
; caught WARNING:
;   undefined variable: LSIP::+SYNTHESIS-AUTHORITY-CUTOVER-POLICY-TARGET-ID-V1+

; in: DEFUN LSIP::VALIDATE-SYNTHESIS-RECONSTRUCTION-INTENT-SHAPE-V1
;     (EQUAL (GETF LSIP::INTENT :TARGET-ID)
;            LSIP::+SYNTHESIS-AUTHORITY-CUTOVER-POLICY-TARGET-ID-V1+)
; 
; caught WARNING:
;   undefined variable: LSIP::+SYNTHESIS-AUTHORITY-CUTOVER-POLICY-TARGET-ID-V1+

; in: DEFUN LSIP::VALIDATE-SYNTHESIS-RECONSTRUCTION-GRANT-SHAPE-V1
;     (EQUAL (GETF LSIP::GRANT :TARGET-ID)
;            LSIP:+SYNTHESIS-CAPABILITY-RANKING-SH11-TARGET-ID-V1+)
; 
; caught WARNING:
;   undefined variable: LSIP:+SYNTHESIS-CAPABILITY-RANKING-SH11-TARGET-ID-V1+

; in: DEFUN LSIP::VALIDATE-SYNTHESIS-RECONSTRUCTION-INTENT-SHAPE-V1
;     (EQUAL (GETF LSIP::INTENT :TARGET-ID)
;            LSIP:+SYNTHESIS-CAPABILITY-RANKING-SH11-TARGET-ID-V1+)
; 
; caught WARNING:
;   undefined variable: LSIP:+SYNTHESIS-CAPABILITY-RANKING-SH11-TARGET-ID-V1+

; in: DEFUN LSIP::VALIDATE-SYNTHESIS-RECONSTRUCTION-GRANT-SHAPE-V1
;     (EQUAL (GETF LSIP::GRANT :TARGET-ID)
;            LSIP:+SYNTHESIS-CAPABILITY-SELECTOR-SH5-TARGET-ID-V1+)
; 
; caught WARNING:
;   undefined variable: LSIP:+SYNTHESIS-CAPABILITY-SELECTOR-SH5-TARGET-ID-V1+

; in: DEFUN LSIP::VALIDATE-SYNTHESIS-RECONSTRUCTION-INTENT-SHAPE-V1
;     (EQUAL (GETF LSIP::INTENT :TARGET-ID)
;            LSIP:+SYNTHESIS-CAPABILITY-SELECTOR-SH5-TARGET-ID-V1+)
; 
; caught WARNING:
;   undefined variable: LSIP:+SYNTHESIS-CAPABILITY-SELECTOR-SH5-TARGET-ID-V1+

; in: DEFUN LSIP::VALIDATE-SYNTHESIS-RECONSTRUCTION-GRANT-SHAPE-V1
;     (EQUAL (GETF LSIP::GRANT :TARGET-ID)
;            LSIP:+SYNTHESIS-EVALUATOR-DISPATCH-SH12-TARGET-ID-V1+)
; 
; caught WARNING:
;   undefined variable: LSIP:+SYNTHESIS-EVALUATOR-DISPATCH-SH12-TARGET-ID-V1+

; in: DEFUN LSIP::VALIDATE-SYNTHESIS-RECONSTRUCTION-INTENT-SHAPE-V1
;     (EQUAL (GETF LSIP::INTENT :TARGET-ID)
;            LSIP:+SYNTHESIS-EVALUATOR-DISPATCH-SH12-TARGET-ID-V1+)
; 
; caught WARNING:
;   undefined variable: LSIP:+SYNTHESIS-EVALUATOR-DISPATCH-SH12-TARGET-ID-V1+

; in: DEFUN LSIP::VALIDATE-SYNTHESIS-RECONSTRUCTION-GRANT-SHAPE-V1
;     (EQUAL (GETF LSIP::GRANT :TARGET-ID)
;            LSIP::+SYNTHESIS-EXECUTION-SH16-TARGET-ID-V1+)
; 
; caught WARNING:
;   undefined variable: LSIP::+SYNTHESIS-EXECUTION-SH16-TARGET-ID-V1+

; in: DEFUN LSIP::VALIDATE-SYNTHESIS-RECONSTRUCTION-INTENT-SHAPE-V1
;     (EQUAL (GETF LSIP::INTENT :TARGET-ID)
;            LSIP::+SYNTHESIS-EXECUTION-SH16-TARGET-ID-V1+)
; 
; caught WARNING:
;   undefined variable: LSIP::+SYNTHESIS-EXECUTION-SH16-TARGET-ID-V1+

; in: DEFUN LSIP::VALIDATE-SYNTHESIS-RECONSTRUCTION-GRANT-SHAPE-V1
;     (EQUAL (GETF LSIP::GRANT :TARGET-ID)
;            LSIP::+SYNTHESIS-ORCHESTRATOR-SH17-TARGET-ID-V1+)
; 
; caught WARNING:
;   undefined variable: LSIP::+SYNTHESIS-ORCHESTRATOR-SH17-TARGET-ID-V1+

; in: DEFUN LSIP::VALIDATE-SYNTHESIS-RECONSTRUCTION-INTENT-SHAPE-V1
;     (EQUAL (GETF LSIP::INTENT :TARGET-ID)
;            LSIP::+SYNTHESIS-ORCHESTRATOR-SH17-TARGET-ID-V1+)
; 
; caught WARNING:
;   undefined variable: LSIP::+SYNTHESIS-ORCHESTRATOR-SH17-TARGET-ID-V1+

; in: DEFUN LSIP::VALIDATE-SYNTHESIS-RECONSTRUCTION-GRANT-SHAPE-V1
;     (EQUAL (GETF LSIP::GRANT :TARGET-ID)
;            LSIP::+SYNTHESIS-PLANNER-SH15-TARGET-ID-V1+)
; 
; caught WARNING:
;   undefined variable: LSIP::+SYNTHESIS-PLANNER-SH15-TARGET-ID-V1+

; in: DEFUN LSIP::VALIDATE-SYNTHESIS-RECONSTRUCTION-INTENT-SHAPE-V1
;     (EQUAL (GETF LSIP::INTENT :TARGET-ID)
;            LSIP::+SYNTHESIS-PLANNER-SH15-TARGET-ID-V1+)
; 
; caught WARNING:
;   undefined variable: LSIP::+SYNTHESIS-PLANNER-SH15-TARGET-ID-V1+

; in: DEFUN LSIP::VALIDATE-SYNTHESIS-RECONSTRUCTION-GRANT-SHAPE-V1
;     (EQUAL (GETF LSIP::GRANT :TARGET-ID)
;            LSIP::+SYNTHESIS-PROPOSAL-PROVIDER-SH14-TARGET-ID-V1+)
; 
; caught WARNING:
;   undefined variable: LSIP::+SYNTHESIS-PROPOSAL-PROVIDER-SH14-TARGET-ID-V1+

; in: DEFUN LSIP::VALIDATE-SYNTHESIS-RECONSTRUCTION-INTENT-SHAPE-V1
;     (EQUAL (GETF LSIP::INTENT :TARGET-ID)
;            LSIP::+SYNTHESIS-PROPOSAL-PROVIDER-SH14-TARGET-ID-V1+)
; 
; caught WARNING:
;   undefined variable: LSIP::+SYNTHESIS-PROPOSAL-PROVIDER-SH14-TARGET-ID-V1+

; in: DEFUN LSIP::VALIDATE-SYNTHESIS-RECONSTRUCTION-GRANT-SHAPE-V1
;     (EQUAL (GETF LSIP::GRANT :TARGET-ID)
;            LSIP::+SYNTHESIS-PROVIDER-RESOLUTION-SH18-TARGET-ID-V1+)
; 
; caught WARNING:
;   undefined variable: LSIP::+SYNTHESIS-PROVIDER-RESOLUTION-SH18-TARGET-ID-V1+

; in: DEFUN LSIP::VALIDATE-SYNTHESIS-RECONSTRUCTION-INTENT-SHAPE-V1
;     (EQUAL (GETF LSIP::INTENT :TARGET-ID)
;            LSIP::+SYNTHESIS-PROVIDER-RESOLUTION-SH18-TARGET-ID-V1+)
; 
; caught WARNING:
;   undefined variable: LSIP::+SYNTHESIS-PROVIDER-RESOLUTION-SH18-TARGET-ID-V1+


; file: /home/user0/ORCHESTRATION/worktrees/goggles-vm-feedback-47fe6800/lisp/synthesis_self_host_semantic_frontend_v1.lisp
; in:
;      DEFUN LSIP:SYNTHESIS-SELF-HOST-COMPONENT-BLUEPRINT-THROUGH-SEMANTIC-FRONT-V1
;     (LIST :SCHEMA :SYNTHESIS-SELF-HOST-COMPONENT-BLUEPRINT-SH35-V1 :VERSION
;           LSIP::+SYNTHESIS-SELF-HOST-COMPONENT-CONSTRUCTOR-SH35-VERSION-V1+
;           :COMPONENT LSIP::COMPONENT :SOURCE-REF
;           (GETF LSIP::COMPAT-SOURCE :SOURCE-REF) :SOURCE LSIP::COMPAT-SOURCE
;           :PROGRAM-REF ...)
; 
; caught WARNING:
;   undefined variable: LSIP::+SYNTHESIS-SELF-HOST-COMPONENT-CONSTRUCTOR-SH35-VERSION-V1+

; in: DEFUN LSIP::SYNTHESIS-SELF-HOST-SEMANTIC-COMPAT-SOURCE-V1
;     (LIST :SCHEMA :SYNTHESIS-SELF-HOST-COMPONENT-SOURCE-SH35-V1 :VERSION
;           LSIP::+SYNTHESIS-SELF-HOST-COMPONENT-CONSTRUCTOR-SH35-VERSION-V1+
;           :COMPONENT LSIP::COMPONENT :FIELD-ORDER (COPY-LIST LSIP::KEYS)
;           :PROGRAM-FIELDS LSIP::FIELDS :EXECUTABLE-SOURCE ...)
; 
; caught WARNING:
;   undefined variable: LSIP::+SYNTHESIS-SELF-HOST-COMPONENT-CONSTRUCTOR-SH35-VERSION-V1+


; file: /home/user0/ORCHESTRATION/worktrees/goggles-vm-feedback-47fe6800/lisp/synthesis_self_host_runtime_closure_v1.lisp
; in: DEFUN LSIP::SYNTHESIS-SELF-HOST-RUNTIME-COMPONENT-ROWS-SH19-V1
;     (LIST :COMPONENT :CONSTRUCTOR-PRIMITIVE :ACTIVE-REF
;           LSIP::*SYNTHESIS-SELF-HOST-CONSTRUCTOR-PRIMITIVE-ACTIVE-COMPONENT-ID*
;           :PREDECESSOR-REF
;           LSIP::+SYNTHESIS-SELF-HOST-CONSTRUCTOR-PRIMITIVE-REFERENCE-ID-V1+
;           :PREDECESSOR-ENABLED-P
;           LSIP::*SYNTHESIS-SELF-HOST-CONSTRUCTOR-PRIMITIVE-REFERENCE-ENABLED-P*)
; 
; caught WARNING:
;   undefined variable: LSIP::+SYNTHESIS-SELF-HOST-CONSTRUCTOR-PRIMITIVE-REFERENCE-ID-V1+


; file: /home/user0/ORCHESTRATION/worktrees/goggles-vm-feedback-47fe6800/lisp/synthesis_reconstruction_grant_v1.lisp
; in: DEFUN LSIP::VALIDATE-SYNTHESIS-RECONSTRUCTION-GRANT-SHAPE-V1
;     (EQUAL (GETF LSIP::GRANT :TARGET-ID)
;            LSIP::+SYNTHESIS-SELF-HOST-CONSTRUCTOR-PRIMITIVE-TARGET-ID-V1+)
; 
; caught WARNING:
;   undefined variable: LSIP::+SYNTHESIS-SELF-HOST-CONSTRUCTOR-PRIMITIVE-TARGET-ID-V1+

; in: DEFUN LSIP::VALIDATE-SYNTHESIS-RECONSTRUCTION-INTENT-SHAPE-V1
;     (EQUAL (GETF LSIP::INTENT :TARGET-ID)
;            LSIP::+SYNTHESIS-SELF-HOST-CONSTRUCTOR-PRIMITIVE-TARGET-ID-V1+)
; 
; caught WARNING:
;   undefined variable: LSIP::+SYNTHESIS-SELF-HOST-CONSTRUCTOR-PRIMITIVE-TARGET-ID-V1+


; file: /home/user0/ORCHESTRATION/worktrees/goggles-vm-feedback-47fe6800/lisp/synthesis_self_host_runtime_closure_v1.lisp
; in: DEFUN LSIP::SYNTHESIS-SELF-HOST-RUNTIME-COMPONENT-ROWS-SH19-V1
;     (LIST :COMPONENT :CONSTRUCTOR-SERVICE :ACTIVE-REF
;           LSIP::*SYNTHESIS-SELF-HOST-CONSTRUCTOR-SERVICE-ACTIVE-COMPONENT-ID*
;           :PREDECESSOR-REF
;           LSIP::+SYNTHESIS-SELF-HOST-CONSTRUCTOR-SERVICE-REFERENCE-ID-V1+
;           :PREDECESSOR-ENABLED-P
;           LSIP::*SYNTHESIS-SELF-HOST-CONSTRUCTOR-SERVICE-REFERENCE-ENABLED-P*)
; 
; caught WARNING:
;   undefined variable: LSIP::+SYNTHESIS-SELF-HOST-CONSTRUCTOR-SERVICE-REFERENCE-ID-V1+


; file: /home/user0/ORCHESTRATION/worktrees/goggles-vm-feedback-47fe6800/lisp/synthesis_reconstruction_grant_v1.lisp
; in: DEFUN LSIP::VALIDATE-SYNTHESIS-RECONSTRUCTION-GRANT-SHAPE-V1
;     (EQUAL (GETF LSIP::GRANT :TARGET-ID)
;            LSIP::+SYNTHESIS-SELF-HOST-CONSTRUCTOR-SERVICE-TARGET-ID-V1+)
; 
; caught WARNING:
;   undefined variable: LSIP::+SYNTHESIS-SELF-HOST-CONSTRUCTOR-SERVICE-TARGET-ID-V1+

; in: DEFUN LSIP::VALIDATE-SYNTHESIS-RECONSTRUCTION-INTENT-SHAPE-V1
;     (EQUAL (GETF LSIP::INTENT :TARGET-ID)
;            LSIP::+SYNTHESIS-SELF-HOST-CONSTRUCTOR-SERVICE-TARGET-ID-V1+)
; 
; caught WARNING:
;   undefined variable: LSIP::+SYNTHESIS-SELF-HOST-CONSTRUCTOR-SERVICE-TARGET-ID-V1+


; file: /home/user0/ORCHESTRATION/worktrees/goggles-vm-feedback-47fe6800/lisp/synthesis_self_host_runtime_closure_v1.lisp
; in: DEFUN LSIP::SYNTHESIS-SELF-HOST-RUNTIME-COMPONENT-ROWS-SH19-V1
;     (LIST :COMPONENT :PROGRAM-IDENTITY :ACTIVE-REF
;           LSIP::*SYNTHESIS-SELF-HOST-PROGRAM-IDENTITY-ACTIVE-COMPONENT-ID*
;           :PREDECESSOR-REF
;           LSIP::+SYNTHESIS-SELF-HOST-PROGRAM-IDENTITY-REFERENCE-ID-V1+
;           :PREDECESSOR-ENABLED-P
;           LSIP::*SYNTHESIS-SELF-HOST-PROGRAM-IDENTITY-REFERENCE-ENABLED-P*)
; 
; caught WARNING:
;   undefined variable: LSIP::+SYNTHESIS-SELF-HOST-PROGRAM-IDENTITY-REFERENCE-ID-V1+


; file: /home/user0/ORCHESTRATION/worktrees/goggles-vm-feedback-47fe6800/lisp/synthesis_reconstruction_grant_v1.lisp
; in: DEFUN LSIP::VALIDATE-SYNTHESIS-RECONSTRUCTION-GRANT-SHAPE-V1
;     (EQUAL (GETF LSIP::GRANT :TARGET-ID)
;            LSIP::+SYNTHESIS-SELF-HOST-PROGRAM-IDENTITY-TARGET-ID-V1+)
; 
; caught WARNING:
;   undefined variable: LSIP::+SYNTHESIS-SELF-HOST-PROGRAM-IDENTITY-TARGET-ID-V1+

; in: DEFUN LSIP::VALIDATE-SYNTHESIS-RECONSTRUCTION-INTENT-SHAPE-V1
;     (EQUAL (GETF LSIP::INTENT :TARGET-ID)
;            LSIP::+SYNTHESIS-SELF-HOST-PROGRAM-IDENTITY-TARGET-ID-V1+)
; 
; caught WARNING:
;   undefined variable: LSIP::+SYNTHESIS-SELF-HOST-PROGRAM-IDENTITY-TARGET-ID-V1+


; file: /home/user0/ORCHESTRATION/worktrees/goggles-vm-feedback-47fe6800/lisp/synthesis_self_host_successor_controller_self_host_v1.lisp
; in:
;      DEFUN LSIP::VALIDATE-SYNTHESIS-SELF-HOST-SUCCESSOR-CONTROLLER-SH42-DESCRIPTION-V1
;     (EQUAL (GETF LSIP::DESCRIPTION :PREDECESSOR-REF)
;            LSIP::+SYNTHESIS-SELF-HOST-SUCCESSOR-CONTROLLER-REFERENCE-ID-V1+)
; 
; caught WARNING:
;   undefined variable: LSIP::+SYNTHESIS-SELF-HOST-SUCCESSOR-CONTROLLER-REFERENCE-ID-V1+

; in:
;      DEFUN LSIP::SYNTHESIS-SELF-HOST-SUCCESSOR-CONTROLLER-SH42-DESCRIPTION-V1
;     (LIST :SCHEMA :SYNTHESIS-SELF-HOST-SUCCESSOR-CONTROLLER-DESCRIPTION-V1
;           :VERSION 1 :COMPONENT-ID
;           LSIP::+SYNTHESIS-SELF-HOST-SUCCESSOR-CONTROLLER-TARGET-ID-V1+
;           :COMPONENT-KIND :SELF-HOST-SUCCESSOR-CONTROLLER :PREDECESSOR-REF
;           LSIP::+SYNTHESIS-SELF-HOST-SUCCESSOR-CONTROLLER-REFERENCE-ID-V1+
;           :INPUT-KIND ...)
; 
; caught WARNING:
;   undefined variable: LSIP::+SYNTHESIS-SELF-HOST-SUCCESSOR-CONTROLLER-REFERENCE-ID-V1+


; file: /home/user0/ORCHESTRATION/worktrees/goggles-vm-feedback-47fe6800/lisp/synthesis_self_host_runtime_closure_v1.lisp
; in: DEFUN LSIP::SYNTHESIS-SELF-HOST-RUNTIME-COMPONENT-ROWS-SH19-V1
;     (LIST :COMPONENT :SUCCESSOR-CONTROLLER :ACTIVE-REF
;           LSIP::*SYNTHESIS-SELF-HOST-SUCCESSOR-CONTROLLER-ACTIVE-COMPONENT-ID*
;           :PREDECESSOR-REF
;           LSIP::+SYNTHESIS-SELF-HOST-SUCCESSOR-CONTROLLER-REFERENCE-ID-V1+
;           :PREDECESSOR-ENABLED-P
;           LSIP::*SYNTHESIS-SELF-HOST-SUCCESSOR-CONTROLLER-REFERENCE-ENABLED-P*)
; 
; caught WARNING:
;   undefined variable: LSIP::+SYNTHESIS-SELF-HOST-SUCCESSOR-CONTROLLER-REFERENCE-ID-V1+

; 
; caught WARNING:
;   4 more uses of undefined variable LSIP::+SYNTHESIS-SELF-HOST-SUCCESSOR-CONTROLLER-REFERENCE-ID-V1+


; file: /home/user0/ORCHESTRATION/worktrees/goggles-vm-feedback-47fe6800/lisp/synthesis_self_host_successor_controller_self_host_v1.lisp
; in:
;      DEFUN LSIP::SYNTHESIS-SELF-HOST-SUCCESSOR-CONTROLLER-SH42-DESCRIPTION-V1
;     (LIST :SCHEMA :SYNTHESIS-SELF-HOST-SUCCESSOR-CONTROLLER-DESCRIPTION-V1
;           :VERSION 1 :COMPONENT-ID
;           LSIP::+SYNTHESIS-SELF-HOST-SUCCESSOR-CONTROLLER-TARGET-ID-V1+
;           :COMPONENT-KIND :SELF-HOST-SUCCESSOR-CONTROLLER :PREDECESSOR-REF
;           LSIP::+SYNTHESIS-SELF-HOST-SUCCESSOR-CONTROLLER-REFERENCE-ID-V1+
;           :INPUT-KIND ...)
; 
; caught WARNING:
;   undefined variable: LSIP::+SYNTHESIS-SELF-HOST-SUCCESSOR-CONTROLLER-TARGET-ID-V1+


; file: /home/user0/ORCHESTRATION/worktrees/goggles-vm-feedback-47fe6800/lisp/synthesis_reconstruction_grant_v1.lisp
; in: DEFUN LSIP::VALIDATE-SYNTHESIS-RECONSTRUCTION-GRANT-SHAPE-V1
;     (EQUAL (GETF LSIP::GRANT :TARGET-ID)
;            LSIP::+SYNTHESIS-SELF-HOST-SUCCESSOR-CONTROLLER-TARGET-ID-V1+)
; 
; caught WARNING:
;   undefined variable: LSIP::+SYNTHESIS-SELF-HOST-SUCCESSOR-CONTROLLER-TARGET-ID-V1+

; in: DEFUN LSIP::VALIDATE-SYNTHESIS-RECONSTRUCTION-INTENT-SHAPE-V1
;     (EQUAL (GETF LSIP::INTENT :TARGET-ID)
;            LSIP::+SYNTHESIS-SELF-HOST-SUCCESSOR-CONTROLLER-TARGET-ID-V1+)
; 
; caught WARNING:
;   undefined variable: LSIP::+SYNTHESIS-SELF-HOST-SUCCESSOR-CONTROLLER-TARGET-ID-V1+

; 
; caught WARNING:
;   5 more uses of undefined variable LSIP::+SYNTHESIS-SELF-HOST-SUCCESSOR-CONTROLLER-TARGET-ID-V1+


; file: /home/user0/ORCHESTRATION/worktrees/goggles-vm-feedback-47fe6800/lisp/synthesis_capability_selection_bootstrap_v1.lisp
; in: DEFUN LSIP:GENERATE-SYNTHESIS-CAPABILITY-SELECTOR-SH6-SUCCESSOR-V1
;     (VALUES LSIP::ACCEPTED LSIP::OUTPUT LSIP::OBLIGATION LSIP::PLAN LSIP::PROGRAM
;             LSIP::SUCCESSOR-INSTANCE-REF LSIP::WITNESS)
; 
; caught WARNING:
;   undefined variable: LSIP::ACCEPTED

;     (LSIP::RPB-ID LSIP::ACCEPTED)
; 
; caught WARNING:
;   undefined variable: LSIP::ACCEPTED

;     (VALUES LSIP::ACCEPTED LSIP::OUTPUT LSIP::OBLIGATION LSIP::PLAN LSIP::PROGRAM
;             LSIP::SUCCESSOR-INSTANCE-REF LSIP::WITNESS)
; 
; caught WARNING:
;   undefined variable: LSIP::OUTPUT

;     (LSIP::SYNTHESIS-CAPABILITY-SELECTOR-SH6-MAKE-WITNESS-V1 :GENERATION
;                                                              LSIP::GENERATION
;                                                              :PARENT-INSTANCE-REF
;                                                              LSIP::PARENT-INSTANCE-REF
;                                                              :SUCCESSOR-INSTANCE-REF
;                                                              LSIP::SUCCESSOR-INSTANCE-REF
;                                                              :PROGRAM-REF
;                                                              LSIP::PROGRAM-REF
;                                                              :OBLIGATION-REF
;                                                              (LSIP::RPB-OBLIGATION-ID
;                                                               LSIP::OBLIGATION)
;                                                              :PLAN-REF ...)
; 
; caught WARNING:
;   undefined variable: LSIP::OUTPUT-REF

;     (LSIP::SYNTHESIS-CAPABILITY-SELECTOR-SH6-INSTANCE-REF-V1 LSIP::PROGRAM-REF
;                                                              LSIP::GENERATION
;                                                              LSIP::PARENT-INSTANCE-REF
;                                                              LSIP::OUTPUT-REF)
; 
; caught WARNING:
;   undefined variable: LSIP::OUTPUT-REF

;     (VALUES LSIP::ACCEPTED LSIP::OUTPUT LSIP::OBLIGATION LSIP::PLAN LSIP::PROGRAM
;             LSIP::SUCCESSOR-INSTANCE-REF LSIP::WITNESS)
; 
; caught WARNING:
;   undefined variable: LSIP::PROGRAM

;     (LIST :GENERATION LSIP::GENERATION :PARENT-INSTANCE-REF
;           LSIP::PARENT-INSTANCE-REF :PROGRAM-REF LSIP::PROGRAM-REF :PLAN-REF
;           (LSIP::RPB-PLAN-ID LSIP::PLAN) :ACCEPTED-PRODUCT-REF
;           (LSIP::RPB-ID LSIP::ACCEPTED))
; 
; caught WARNING:
;   undefined variable: LSIP::PROGRAM-REF

;     (EQUAL LSIP::PROGRAM-REF LSIP::SEMANTIC-PROGRAM-REF)
; 
; caught WARNING:
;   undefined variable: LSIP::PROGRAM-REF
; 
; caught WARNING:
;   undefined variable: LSIP::SEMANTIC-PROGRAM-REF

;     (VALUES LSIP::ACCEPTED LSIP::OUTPUT LSIP::OBLIGATION LSIP::PLAN LSIP::PROGRAM
;             LSIP::SUCCESSOR-INSTANCE-REF LSIP::WITNESS)
; 
; caught WARNING:
;   undefined variable: LSIP::SUCCESSOR-INSTANCE-REF

;     (LSIP::RECORD-SYNTHESIS-CAPABILITY-SELECTOR-SH5-STATE-V1 :SUCCESSOR-PROVEN
;                                                              :IMPLEMENTATION-REF
;                                                              LSIP::SUCCESSOR-INSTANCE-REF
;                                                              :EVIDENCE-REF
;                                                              (GETF LSIP::WITNESS
;                                                                    :WITNESS-IDENTITY)
;                                                              :DETAILS
;                                                              (LIST :GENERATION
;                                                                    LSIP::GENERATION
;                                                                    :PARENT-INSTANCE-REF
;                                                                    LSIP::PARENT-INSTANCE-REF
;                                                                    :PROGRAM-REF
;                                                                    LSIP::PROGRAM-REF
;                                                                    :PLAN-REF
;                                                                    (LSIP::RPB-PLAN-ID
;                                                                     LSIP::PLAN)
;                                                                    :ACCEPTED-PRODUCT-REF
;                                                                    (LSIP::RPB-ID
;                                                                     LSIP::ACCEPTED)))
; 
; caught WARNING:
;   undefined variable: LSIP::SUCCESSOR-INSTANCE-REF

;     (LSIP::SYNTHESIS-CAPABILITY-SELECTOR-SH6-MAKE-WITNESS-V1 :GENERATION
;                                                              LSIP::GENERATION
;                                                              :PARENT-INSTANCE-REF
;                                                              LSIP::PARENT-INSTANCE-REF
;                                                              :SUCCESSOR-INSTANCE-REF
;                                                              LSIP::SUCCESSOR-INSTANCE-REF
;                                                              :PROGRAM-REF
;                                                              LSIP::PROGRAM-REF
;                                                              :OBLIGATION-REF
;                                                              (LSIP::RPB-OBLIGATION-ID
;                                                               LSIP::OBLIGATION)
;                                                              :PLAN-REF ...)
; 
; caught WARNING:
;   undefined variable: LSIP::SUCCESSOR-INSTANCE-REF

;     (LSIP::SYNTHESIS-CAPABILITY-SELECTOR-SH6-REGISTER-WITNESS-V1 LSIP::WITNESS)
; 
; caught WARNING:
;   undefined variable: LSIP::WITNESS

;     (GETF LSIP::WITNESS :HANDWRITTEN-PREDECESSOR-ENABLED-P)
; 
; caught WARNING:
;   undefined variable: LSIP::WITNESS

;     (GETF LSIP::WITNESS :SELECTOR-COMPONENT-REF)
; 
; caught WARNING:
;   undefined variable: LSIP::WITNESS

; 
; caught WARNING:
;   2 more uses of undefined variable LSIP::WITNESS
; 
; compilation unit finished
;   Undefined functions:
;     (SETF LSIP::RPB-GET) LSIP::COMPILER-IR-EVAL-RUNTIME-STATE-SEED-V1 LSIP::FORMAL-SMT-MODEL-PROVIDER-SELECTION-V1-FORM LSIP::FORMAL-SMT-MODEL-PROVIDER-V1-PROVIDER-REF LSIP::FORMAL-SMT-MODEL-QUERY-V1-FORM LSIP::FORMAL-SMT-MODEL-QUERY-V1-METADATA LSIP::FORMAL-SMT-MODEL-QUERY-V1-PROVIDER-REF LSIP::FORMAL-SMT-MODEL-QUERY-V1-QUERY-ID LSIP::FORMAL-SMT-MODEL-RECEIPT-V1-FORM LSIP::FORMAL-SMT-MODEL-RECEIPT-V1-MODELS LSIP::FORMAL-SMT-MODEL-RECEIPT-V1-PROVIDER-REF LSIP::FORMAL-SMT-MODEL-RECEIPT-V1-RECEIPT-ID LSIP::FORMAL-SMT-MODEL-RECEIPT-V1-STATUS LSIP::MAKE-FORMAL-SMT-MODEL-QUERY-V1 LSIP::MAKE-FORMAL-SMT-MODEL-RECEIPT-V1 LSIP::OUTPUT-REF LSIP::SELECT-FORMAL-SMT-MODEL-PROVIDER-V1 LSIP::SUCCESSOR-INSTANCE-REF LSIP::SYMBOLIC-CANONICAL-FORM-V1 LSIP::VALIDATE-FORMAL-SMT-MODEL-RECEIPT-V1 LSIP::WITNESS
;   Undefined variables:
;     LSIP::*SEARCH-MESO-ALGEBRA-QUOTIENT-WITNESS-KIND-V1* LSIP::*SEARCH-MESO-ALGEBRA-STATE-CANONICALIZER-ID-V1* LSIP::*SEMANTIC-CONSTRUCTOR-EXECUTOR-ACTIVE-COMPONENT-ID* LSIP::*SEMANTIC-CONSTRUCTOR-EXECUTOR-REFERENCE-ENABLED-P* LSIP::*SEMANTIC-CONSTRUCTOR-SYNTHESIZER-ACTIVE-COMPONENT-ID* LSIP::*SEMANTIC-CONSTRUCTOR-SYNTHESIZER-REFERENCE-ENABLED-P* LSIP::*SEMANTIC-CONSTRUCTOR-VALIDATOR-ACTIVE-COMPONENT-ID* LSIP::*SEMANTIC-CONSTRUCTOR-VALIDATOR-REFERENCE-ENABLED-P* LSIP::*SYNTHESIS-REALIZATION-BINDINGS-V1* LSIP::*SYNTHESIS-SELF-HOST-COMPONENT-CONSTRUCTOR-SH35-CAPABILITY-V1* LSIP::*SYNTHESIS-SELF-HOST-CONSTRUCTOR-PRIMITIVE-ACTIVE-COMPONENT-ID* LSIP::*SYNTHESIS-SELF-HOST-CONSTRUCTOR-PRIMITIVE-REFERENCE-ENABLED-P* LSIP::*SYNTHESIS-SELF-HOST-CONSTRUCTOR-SERVICE-ACTIVE-COMPONENT-ID* LSIP::*SYNTHESIS-SELF-HOST-CONSTRUCTOR-SERVICE-REFERENCE-ENABLED-P* LSIP::*SYNTHESIS-SELF-HOST-PROGRAM-IDENTITY-ACTIVE-COMPONENT-ID* LSIP::*SYNTHESIS-SELF-HOST-PROGRAM-IDENTITY-REFERENCE-ENABLED-P* LSIP::*SYNTHESIS-SELF-HOST-SUCCESSOR-CONTROLLER-ACTIVE-COMPONENT-ID* LSIP::*SYNTHESIS-SELF-HOST-SUCCESSOR-CONTROLLER-REFERENCE-ENABLED-P* LSIP::+SEMANTIC-CONSTRUCTOR-EXECUTOR-REFERENCE-ID-V1+ LSIP::+SEMANTIC-CONSTRUCTOR-EXECUTOR-TARGET-ID-V1+ LSIP::+SEMANTIC-CONSTRUCTOR-SYNTHESIZER-REFERENCE-ID-V1+ LSIP::+SEMANTIC-CONSTRUCTOR-SYNTHESIZER-TARGET-ID-V1+ LSIP::+SEMANTIC-CONSTRUCTOR-VALIDATOR-REFERENCE-ID-V1+ LSIP::+SEMANTIC-CONSTRUCTOR-VALIDATOR-TARGET-ID-V1+ LSIP:+SYNTHESIS-ADMISSION-SH13-TARGET-ID-V1+ LSIP::+SYNTHESIS-AUTHORITY-CUTOVER-POLICY-TARGET-ID-V1+ LSIP:+SYNTHESIS-CAPABILITY-RANKING-SH11-TARGET-ID-V1+ LSIP:+SYNTHESIS-CAPABILITY-SELECTOR-SH5-TARGET-ID-V1+ LSIP:+SYNTHESIS-EVALUATOR-DISPATCH-SH12-TARGET-ID-V1+ LSIP::+SYNTHESIS-EXECUTION-SH16-TARGET-ID-V1+ LSIP::+SYNTHESIS-ORCHESTRATOR-SH17-TARGET-ID-V1+ LSIP::+SYNTHESIS-PLANNER-SH15-TARGET-ID-V1+ LSIP::+SYNTHESIS-PROPOSAL-PROVIDER-SH14-TARGET-ID-V1+ LSIP::+SYNTHESIS-PROVIDER-RESOLUTION-SH18-TARGET-ID-V1+ LSIP::+SYNTHESIS-SELF-HOST-COMPONENT-CONSTRUCTOR-SH35-VERSION-V1+ LSIP::+SYNTHESIS-SELF-HOST-CONSTRUCTOR-PRIMITIVE-REFERENCE-ID-V1+ LSIP::+SYNTHESIS-SELF-HOST-CONSTRUCTOR-PRIMITIVE-TARGET-ID-V1+ LSIP::+SYNTHESIS-SELF-HOST-CONSTRUCTOR-SERVICE-REFERENCE-ID-V1+ LSIP::+SYNTHESIS-SELF-HOST-CONSTRUCTOR-SERVICE-TARGET-ID-V1+ LSIP::+SYNTHESIS-SELF-HOST-PROGRAM-IDENTITY-REFERENCE-ID-V1+ LSIP::+SYNTHESIS-SELF-HOST-PROGRAM-IDENTITY-TARGET-ID-V1+ LSIP::+SYNTHESIS-SELF-HOST-SUCCESSOR-CONTROLLER-REFERENCE-ID-V1+ LSIP::+SYNTHESIS-SELF-HOST-SUCCESSOR-CONTROLLER-TARGET-ID-V1+ LSIP::ACCEPTED LSIP::OUTPUT LSIP::OUTPUT-REF LSIP::PROGRAM LSIP::PROGRAM-REF LSIP::SEMANTIC-PROGRAM-REF LSIP::SUCCESSOR-INSTANCE-REF LSIP::WITNESS
;   caught 124 WARNING conditions
Unhandled SIMPLE-ERROR in thread #<SB-THREAD:THREAD "main thread" RUNNING
                                    {1001388003}>:
  SHG generated product differs from native declaration replay

Backtrace for: #<SB-THREAD:THREAD "main thread" RUNNING {1001388003}>
0: (SB-DEBUG::DEBUGGER-DISABLED-HOOK #<SIMPLE-ERROR "SHG generated product differs from native declaration replay" {1007AEF0A3}> #<unused argument> :QUIT T)
1: (SB-DEBUG::RUN-HOOK SB-EXT:*INVOKE-DEBUGGER-HOOK* #<SIMPLE-ERROR "SHG generated product differs from native declaration replay" {1007AEF0A3}>)
2: (INVOKE-DEBUGGER #<SIMPLE-ERROR "SHG generated product differs from native declaration replay" {1007AEF0A3}>)
3: (ERROR "SHG generated product differs from native declaration replay")
4: (VALIDATE-SEMANTIC-HYPERGRAPH-V1 #S(SEMANTIC-HYPERGRAPH-V1 :ID :CYCLE-GRAPH-019AA2F4A950221AEA6D24337B6CC5A7EC9AC81FC62AE71AB8740E97AF2F54D4 :VERSION (0 1) :GENERATION 1 :ROOT (:SHG-ADDRESS-V1 :CYCLE-GRAPH-019AA2F4A950221AEA6D24337B6CC5A7EC9AC81FC62AE71AB8740E97AF2F54D4 1 #1=(:GRAPH :VM-FEEDBACK :CHILD :CYCLE-GRAPH-019AA2F4A950221AEA6D24337B6CC5A7EC9AC81FC62AE71AB8740E97AF2F54D4) :SEMANTIC-HYPERGRAPH :CYCLE-GRAPH-019AA2F4A950221AEA6D24337B6CC5A7EC9AC81FC62AE71AB8740E97AF2F54D4) :UNIVERSE (:TYPES (#S(SHG-OBJECT-V1 :KIND :TYPE :ID :VM-STATE :FIELDS (:SCHEMA # :REFINEMENTS NIL) :IDENTITY "f3d8f62143dc82442844561525da701e2e242269e2e59b5da45dc839f076559a") #S(SHG-OBJECT-V1 :KIND :TYPE :ID :RUN-OUTCOME :FIELDS (:SCHEMA # :REFINEMENTS NIL) :IDENTITY "354edc4e6fac0a539e683f5a60303a5ed5a465e148fd4cfb3e978c92dbcac4ea") #S(SHG-OBJECT-V1 :KIND :TYPE :ID :ACTIVATION-KEY :FIELDS (:SCHEMA # :REFINEMENTS NIL) :IDENTITY "0113fbfa06923cedc5c82e24b0d516c5c059621146a3cf6fb4d3fec5dda8f295") #S(SHG-OBJECT-V1 :KIND :TYPE :ID :ACTIVATION-REQUEST :FIELDS (:SCHEMA # :REFINEMENTS NIL) :IDENTITY "ecef25c8d6d26c8984dfb06ddc1310c485ea272e8985e7a4f57c8847a6093604") #S(SHG-OBJECT-V1 :KIND :TYPE :ID :STEP-COMPLETION :FIELDS (:SCHEMA # :REFINEMENTS NIL) :IDENTITY "2aed207d9816d0107db2a2daa2ea43a5bb2af813a68b0c8365707e26c36736ef") #S(SHG-OBJECT-V1 :KIND :TYPE :ID :CONTROLLER-STATE :FIELDS (:SCHEMA # :REFINEMENTS NIL) :IDENTITY "b211f7932aaf3b8c167e43f5e7865286994f8a64e429799778ae41a71e95a0e9") #S(SHG-OBJECT-V1 :KIND :TYPE :ID :POSITIVE-BUDGET :FIELDS (:SCHEMA # :REFINEMENTS NIL) :IDENTITY "5ecac860381abbc2cbaf4bdf33a71b8d67b220f21b15b7191cf657ea9fba19fe") #S(SHG-OBJECT-V1 :KIND :TYPE :ID :ZERO-BUDGET :FIELDS (:SCHEMA # :REFINEMENTS NIL) :IDENTITY "7a9df0e08558abb2b2c918f223f7878ea04b73fa9466f37ba272270ce8f83b09") #S(SHG-OBJECT-V1 :KIND :TYPE :ID :CONTINUE :FIELDS (:SCHEMA # :REFINEMENTS NIL) :IDENTITY "c74dcc1a8b8e440ae0a51ccd06c9c66e429692d4d372a31e64e9d1945a25861c") #S(SHG-OBJECT-V1 :KIND :TYPE :ID :STOP :FIELDS (:SCHEMA # :REFINEMENTS NIL) :IDENTITY "69017f28479a57fdaa6646e454870d720fa948c8a314034afb4eed4bc35b014b") #S(SHG-OBJECT-V1 :KIND :TYPE :ID :HALT :FIELDS (:SCHEMA # :REFINEMENTS NIL) :IDENTITY "28282b97c8f21dc83b2a25c8d040d3bf9b2439618441e68f1bd452bd9ce431ec") #S(SHG-OBJECT-V1 :KIND :TYPE :ID :TRAP :FIELDS (:SCHEMA # :REFINEMENTS NIL) :IDENTITY "a4ae861f954d029cc5098de066e52668be74dcf0efddc91284c7a398b07c1d65") ...) :EFFECTS (#S(SHG-OBJECT-V1 :KIND :EFFECT :ID :ACTIVATE :FIELDS (:INPUT :VM-STATE :OUTPUT :ACTIVATION-REQUEST :CONSTRAINTS NIL) :IDENTITY "1e20e0911b2dbdfa47bb6b3ae441286e64357b9c33cdfb1144e9a27ddfbf8008") #S(SHG-OBJECT-V1 :KIND :EFFECT :ID :AWAIT :FIELDS (:INPUT :STEP-COMPLETION :OUTPUT :STEP-COMPLETION :CONSTRAINTS NIL) :IDENTITY "0c44a717955512298715a922f7f4e48b4ac726faed0460813689a01b963986b7") #S(SHG-OBJECT-V1 :KIND :EFFECT :ID :PUBLISH :FIELDS (:INPUT :STEP-COMPLETION :OUTPUT :VM-STATE :CONSTRAINTS NIL) :IDENTITY "1df26e7f49443f8110376d4ff01d43c31d53b1676ab40ef726be9d3eb2031763") #S(SHG-OBJECT-V1 :KIND :EFFECT :ID :TERMINATE :FIELDS (:INPUT :STEP-COMPLETION :OUTPUT :RUN-OUTCOME :CONSTRAINTS NIL) :IDENTITY "ecc8c08240aca8bc400c5fe2bad8dd609983a5036a84a82ec7677d9aa7cc3b5e")) :CONTRACTS (#S(SHG-OBJECT-V1 :KIND :CONTRACT :ID :CYCLE-CONTRACT :FIELDS (:ASSUME # :GUARANTEE # :INVARIANTS # :EFFECTS # :DEPENDENCIES NIL) :IDENTITY "69c59077e9106794cd893c5d0ea4891de9bfd554df3cd73cb580dd93b28baa33")) :PORTS (#S(SHG-OBJECT-V1 :KIND :PORT :ID :RESULT-PORT-880FA6FD38F82A25EE6EE4568C024591D29077C2DDA57CDE2F258F153476CFB8 :FIELDS (:OWNER :DEFINITION :DIRECTION :OUT :VALUE-TYPE :STEP-COMPLETION :EFFECTS # :CONTRACT :CYCLE-CONTRACT) :IDENTITY "35ec19e3630ae43b04101770a061adda76230dbccf8d37497f8599adfdbc65b5") #S(SHG-OBJECT-V1 :KIND :PORT :ID :ARGUMENT-PORT-9326089005B8239A212F857227C48494B6441AB3B61767B2784A194FC08DBDA9 :FIELDS (:OWNER :DEFINITION :DIRECTION :IN :VALUE-TYPE :ACTIVATION-REQUEST :EFFECTS # :CONTRACT :CYCLE-CONTRACT) :IDENTITY "57faf8592493de77b84d8c17bcaaaf2aff2c820746d0572dd7a61b09a789c912") #S(SHG-OBJECT-V1 :KIND :PORT :ID :RECEIVE-PORT-32CEC441E236140BEF410B858D90F0BF8AF65E2C43B621742E13910A84E20F5B :FIELDS (:OWNER :DEFINITION :DIRECTION :IN :VALUE-TYPE :STEP-COMPLETION :EFFECTS # :CONTRACT :CYCLE-CONTRACT) :IDENTITY "439928261e821ac247d5e05520150599e781d882aeff65fd58d3eb08f3463a2c") #S(SHG-OBJECT-V1 :KIND :PORT :ID :REQUEST-PORT-AF623B80556EB8DD7794E7F694FC39E1AC26C5178B73B7E6F4A968816AC4D028 :FIELDS (:OWNER :DEFINITION :DIRECTION :OUT :VALUE-TYPE :ACTIVATION-REQUEST :EFFECTS # :CONTRACT :CYCLE-CONTRACT) :IDENTITY "8fcb19960a572a31d4dd1c4f526871c07ac5fbb3b74e3b9bfa023c152f84fcb5") #S(SHG-OBJECT-V1 :KIND :PORT :ID :OUTCOME-PORT-6D529236A5A4ED80543B10657457D6EA6FFAB9090A737A02E1C5DC59C7DFFE6D :FIELDS (:OWNER :DEFINITION :DIRECTION :OUT :VALUE-TYPE :RUN-OUTCOME :EFFECTS # :CONTRACT :CYCLE-CONTRACT) :IDENTITY "626fb5eb45d794c22453c61d2800fafc57210b37be58c4d316e3dc75e95ad081") #S(SHG-OBJECT-V1 :KIND :PORT :ID :SEED-PORT-3583CE64D551ABFF2BFE5D9BC8D3D86601F7E9F37C07FB45F76504962E37E1DE :FIELDS (:OWNER :DEFINITION :DIRECTION :IN :VALUE-TYPE :VM-STATE :EFFECTS # :CONTRACT :CYCLE-CONTRACT) :IDENTITY "3d8f89da8dac2b8cf426b9507f5d68044d8567c75029b57fb5cf4a4f3bece804") #S(SHG-OBJECT-V1 :KIND :PORT :ID (:PORT #2=# :RESULT-PORT-880FA6FD38F82A25EE6EE4568C024591D29077C2DDA57CDE2F258F153476CFB8) :FIELDS (:OWNER # :DEFINITION :RESULT-PORT-880FA6FD38F82A25EE6EE4568C024591D29077C2DDA57CDE2F258F153476CFB8 :DIRECTION :OUT :VALUE-TYPE :STEP-COMPLETION :EFFECTS # :CONTRACT :CYCLE-CONTRACT) :IDENTITY "5a47c1be3228f8c8b3e2ad419b98c8b2f7193c98814d6297dce9dfb14f7c0c0d") #S(SHG-OBJECT-V1 :KIND :PORT :ID (:PORT #2# :ARGUMENT-PORT-9326089005B8239A212F857227C48494B6441AB3B61767B2784A194FC08DBDA9) :FIELDS (:OWNER # :DEFINITION :ARGUMENT-PORT-9326089005B8239A212F857227C48494B6441AB3B61767B2784A194FC08DBDA9 :DIRECTION :IN :VALUE-TYPE :ACTIVATION-REQUEST :EFFECTS # :CONTRACT :CYCLE-CONTRACT) :IDENTITY "065604d1677dfee61b5f72462cf92851a7bf4793bc7b6873d005c397bcaa05e5") #S(SHG-OBJECT-V1 :KIND :PORT :ID (:PORT #3=# :RECEIVE-PORT-32CEC441E236140BEF410B858D90F0BF8AF65E2C43B621742E13910A84E20F5B) :FIELDS (:OWNER # :DEFINITION :RECEIVE-PORT-32CEC441E236140BEF410B858D90F0BF8AF65E2C43B621742E13910A84E20F5B :DIRECTION :IN :VALUE-TYPE :STEP-COMPLETION :EFFECTS # :CONTRACT :CYCLE-CONTRACT) :IDENTITY "60c75e7ea7eb967ab54a258d1b3ecd01412ea21dc520cdb77a70e9b168a00dbe") #S(SHG-OBJECT-V1 :KIND :PORT :ID (:PORT #3# :REQUEST-PORT-AF623B80556EB8DD7794E7F694FC39E1AC26C5178B73B7E6F4A968816AC4D028) :FIELDS (:OWNER # :DEFINITION :REQUEST-PORT-AF623B80556EB8DD7794E7F694FC39E1AC26C5178B73B7E6F4A968816AC4D028 :DIRECTION :OUT :VALUE-TYPE :ACTIVATION-REQUEST :EFFECTS # :CONTRACT :CYCLE-CONTRACT) :IDENTITY "a3637236bc98fb71a70819e5473802637e34a7ff63a0a1049a61c42fdecc26d8") #S(SHG-OBJECT-V1 :KIND :PORT :ID (:PORT #3# :OUTCOME-PORT-6D529236A5A4ED80543B10657457D6EA6FFAB9090A737A02E1C5DC59C7DFFE6D) :FIELDS (:OWNER # :DEFINITION :OUTCOME-PORT-6D529236A5A4ED80543B10657457D6EA6FFAB9090A737A02E1C5DC59C7DFFE6D :DIRECTION :OUT :VALUE-TYPE :RUN-OUTCOME :EFFECTS # :CONTRACT :CYCLE-CONTRACT) :IDENTITY "d67ab4c007e2df720c7895233c13b2773859f89cf85f073d15307c1f3d253cae") #S(SHG-OBJECT-V1 :KIND :PORT :ID (:PORT #3# :SEED-PORT-3583CE64D551ABFF2BFE5D9BC8D3D86601F7E9F37C07FB45F76504962E37E1DE) :FIELDS (:OWNER # :DEFINITION :SEED-PORT-3583CE64D551ABFF2BFE5D9BC8D3D86601F7E9F37C07FB45F76504962E37E1DE :DIRECTION :IN :VALUE-TYPE :VM-STATE :EFFECTS # :CONTRACT :CYCLE-CONTRACT) :IDENTITY "7a7a9472c767e30ea392714c98f06b3b7c9e42ad174f8d5615f817b55c2ece92")) :NODE-TYPES (#S(SHG-OBJECT-V1 :KIND :NODE-TYPE :ID :CONTROLLER-NODE-3898DA9D62C3C1AB274A322288942EA8CCBAC4DD5B455E54B4C7A672E16369A5 :FIELDS (:PORTS # :OPERATIONS # :MACHINE :MACHINE-8BA1D0708E88660BD1353E41CE835C3330F3D2C45FFF9F3DF5441DEADCDA1486 :CONTRACT :CYCLE-CONTRACT) :IDENTITY "68d265082d9db627d3d37786ed030c5160471295919510ac79f6e01fa535ed83") #S(SHG-OBJECT-V1 :KIND :NODE-TYPE :ID :WORKER-NODE-93EE982B37019441971337173FE449FEBF871B8EBD4CD20DED30B4D508206BFB :FIELDS (:PORTS # :OPERATIONS # :MACHINE :UNBOUND :CONTRACT :CYCLE-CONTRACT) :IDENTITY "a840e1a68bf590bff94e385bbe473164c5e013bfa87238e2d0bd5403d4d14fad")) :OCCURRENCES (#S(SHG-OBJECT-V1 :KIND :OCCURRENCE :ID #2# :FIELDS (:TYPE :WORKER-NODE-93EE982B37019441971337173FE449FEBF871B8EBD4CD20DED30B4D508206BFB :PARENT :NONE :GENERATION 1 :STATE :UNBOUND :MEMORY :UNBOUND :PROVIDER :UNBOUND ...) :IDENTITY "5ff35a182c92741b54b15d82a36332e10a33041cd70d31ed6de36276f3fb5685") #S(SHG-OBJECT-V1 :KIND :OCCURRENCE :ID #3# :FIELDS (:TYPE :CONTROLLER-NODE-3898DA9D62C3C1AB274A322288942EA8CCBAC4DD5B455E54B4C7A672E16369A5 :PARENT :NONE :GENERATION 1 :STATE :READY :MEMORY :UNBOUND :PROVIDER :UNBOUND ...) :IDENTITY "447de197c39465eeaa6534b00f534c8c1a516abb79c8d78bf5ce059abf549f08")) ...) :TRANSFORMATIONS ((:INSTANTIATE (:VALID-NODE-TYPE :LAWFUL-PLACEMENT) (:DISTINCT-OCCURRENCE :DECLARED-PORTS)) (:OPEN-BODY (:DECLARED-OPERATION-BOUNDARY) (:TYPED-HOLE :REFINEMENT-OBLIGATIONS)) (:NEST (:COMPATIBLE-CHILD-BOUNDARY) (:PARENT-CHILD-CORRESPONDENCE)) (:RELATE (:VALID-RELATION-CONSTITUTION) (:RELATION :ROLE-BEARING-INCIDENCES)) (:DERIVE-DEPENDENCY (:REFERENCED-CONTRACT-OR-TYPE) (:DEPENDENCY-RELATION)) (:REFINE (:BOUNDARY-PRESERVATION :STATE-EFFECT-PRESERVATION :BEHAVIORAL-REFINEMENT) (:SUCCESSOR-BODY :PROOF-OBLIGATIONS)) (:REVISE (:IDENTIFIED-GENERATION :EXPLICIT-GRAPH-DELTA) (:SUCCESSOR-GENERATION :REVISION-RECORD)) (:ADMIT (:VERIFIED-OBLIGATIONS :VALID-CONTRACTS :CONSISTENT-ADDRESSES) (:ADMITTED-GENERATION))) :PROJECTIONS ((:STRUCTURAL :OCCURRENCES :PORTS :RELATIONS :ADDRESSES) (:OPERATIONAL :MACHINES :OPERATIONS :EFFECTS :MEMORY) (:DEPENDENCY :CONTRACTS :DEPENDENCY-RELATIONS) (:VERIFICATION :INVARIANTS :OBLIGATIONS :EVIDENCE) (:SYNTHESIS :OPERATIONS :MACHINES :BINDINGS :TARGET :TRANSITION-IR :STACK-SYNTH) (:ROUTING :BINDINGS :ADDRESSES :CONTRACTS :TARGET :ROUTE-REGISTRY) (:EVOLUTION :TRANSFORMATIONS :REVISIONS :HISTORY)) :INVARIANTS (:UNIQUE-OCCURRENCE-IDENTITIES :WELL-TYPED-PORT-INCIDENCES :WELL-FORMED-ROLE-ASSIGNMENTS :VALID-PARENT-CHILD-BOUNDARIES :STABLE-GENERATION-ADDRESSING :DECLARED-EFFECTS-ONLY :TRANSITION-CONTRACT-CONSISTENCY :REFINEMENT-PRESERVES-EXTERNAL-CONTRACT :ADMISSION-REQUIRES-VERIFICATION) :LIFECYCLE :INSTANTIATED :LIFECYCLE-STATES (:DECLARED :INSTANTIATED :REFINED :VERIFIED :ADMITTED :BOUND :EXECUTABLE :SUPERSEDED) :ENVELOPE (:SCHEMA :SEMANTIC-BUNDLE-PERSISTENCE-ENVELOPE-V1 :BUNDLE #S(RECURSIVE-SEMANTIC-BUNDLE-V1 :BUNDLE-SCHEMA-VERSION 1 :BUNDLE-KIND :GENERIC-SEMANTIC-BUNDLE :SUBJECT-SEMANTIC-REF (:SEMANTIC-HYPERGRAPH :CYCLE-GRAPH-019AA2F4A950221AEA6D24337B6CC5A7EC9AC81FC62AE71AB8740E97AF2F54D4 1 #4="f6d1683c09d15e3afff16d58ed5890c0f0ae0592e90c9f2bf8ffc58ce4d76b08") :SURFACE-REF NIL :PARENT-INDEPENDENT-REFINEMENT-REF NIL :BASE-REGISTRY-SET-REF #S(SEMANTIC-BUNDLE-BASE-REGISTRY-SET-V1 :MEMBER-REGISTRY-REF #S(SEMANTIC-REGISTRY-ROOT-V1 :REGISTRY-KIND :MEMBER-REGISTRY-V1 :SCHEMA-VERSION 1 :ROWS # :ROW-REFS # :ROW-COUNT 123 :REGISTRY-DIGEST "77b41741b4e24e1363fecb3befb132d870b95e228bcbf5f8f7cb8bd1da62c318" :GENERATION-LAW-REF # :REGISTRY-ROOT-IDENTITY "660ae22e85fc3ecb69f7bb602d5984a33ebfeb24b400ebb7f4a3602de8705423") :PORT-REGISTRY-REF #S(SEMANTIC-REGISTRY-ROOT-V1 :REGISTRY-KIND :PORT-REGISTRY-V1 :SCHEMA-VERSION 1 :ROWS # :ROW-REFS # :ROW-COUNT 6 :REGISTRY-DIGEST "4a73cbfb99fd02b58ef303ccf3a2046c49a47c75ec4a29d6b73bbe848cb118a7" :GENERATION-LAW-REF # :REGISTRY-ROOT-IDENTITY "c614308345ec33e3f96426deb0b66e5bda2246859be39c7451ae8b2c5c15396d") :RELATION-REGISTRY-REF #S(SEMANTIC-REGISTRY-ROOT-V1 :REGISTRY-KIND :RELATION-REGISTRY-V1 :SCHEMA-VERSION 1 :ROWS # :ROW-REFS # :ROW-COUNT 138 :REGISTRY-DIGEST "249ca3293c8398f513ea5836fbe327e633f92015892301382c08377169cfb786" :GENERATION-LAW-REF # :REGISTRY-ROOT-IDENTITY "fd96c5f3746d75f2e756da2771d140817ddb6da0b31848941b0a4840b541c51f") :INCIDENCE-REGISTRY-REF #S(SEMANTIC-REGISTRY-ROOT-V1 :REGISTRY-KIND :INCIDENCE-REGISTRY-V1 :SCHEMA-VERSION 1 :ROWS # :ROW-REFS # :ROW-COUNT 280 :REGISTRY-DIGEST "6b9a74a3a4ce3c1f06bab64a65f5888db3940154ef4205f70e7c3d9b58d3123a" :GENERATION-LAW-REF # :REGISTRY-ROOT-IDENTITY "8009a570b55766566620489e937bb5ceb42f48a7aa21cf7820a3c9dc815c73b2") :HOLE-REGISTRY-REF #S(SEMANTIC-REGISTRY-ROOT-V1 :REGISTRY-KIND :HOLE-REGISTRY-V1 :SCHEMA-VERSION 1 :ROWS # :ROW-REFS # :ROW-COUNT 6 :REGISTRY-DIGEST "c575c98d35d131175ad5d85d68de9bd76ff378cf4a07838ffd33075cc3444865" :GENERATION-LAW-REF # :REGISTRY-ROOT-IDENTITY "39cc0ef1e8b3e3b973371ce955ae847c2770ed466031ae99db665a3f3eadc5aa") :BASE-REGISTRY-SET-IDENTITY #5="1fd0ccdf30fa20b4e20eec0169b362595357ddc64ca3dbc9f15be3a116b8b59a") :GENERATED-REGISTRY-SET-REF NIL :CLOSURE-LAW-SET-REF :SHG-STRUCTURAL-PRODUCTION-V1 :CLOSURE-STATUS :PARTIAL :PREDECESSOR-BUNDLE-REF "6ac6c685b900e228f68d3a55ae1595b6eadad687a353a6b8bb8d0588507c00ab" :BUNDLE-IDENTITY #6="61b731bf9aab902b9163c31a7ebadda7f251c4255457c8ff50c7881de986626b") :GENERATED-SET #S(SEMANTIC-BUNDLE-GENERATED-REGISTRY-SET-V1 :CHILD-BUNDLE-REGISTRY-REF #S(SEMANTIC-REGISTRY-ROOT-V1 :REGISTRY-KIND :CHILD-BUNDLE-REGISTRY-V1 :SCHEMA-VERSION 1 :ROWS NIL :ROW-REFS NIL :ROW-COUNT 0 :REGISTRY-DIGEST "02f7b04c128f73640accf8c0d9045d6e7c278d4c8c1452978c82a73c95d12eb8" :GENERATION-LAW-REF (:SEMANTIC-BUNDLE-GENERATION-LAW-V1 :CHILD-BUNDLE-REGISTRY-V1) :REGISTRY-ROOT-IDENTITY #7="7201e5bb3bce65568f3a77cc11d0cbc4bcefb172ef075b8c0acec13610c83f96") :EXPORT-REGISTRY-REF #S(SEMANTIC-REGISTRY-ROOT-V1 :REGISTRY-KIND :EXPORT-REGISTRY-V1 :SCHEMA-VERSION 1 :ROWS (# # # # # #) :ROW-REFS ("2d87d11f3eac62873150b9af3b666c44b9b4d52a80d10f9f6732fa3eda7016f3" "ae2b629add9b8958f83142b54e4c4a3127bb39b6844d504d1f0d12db5fbae7bd" "dae306e29f7dd7bed98c7e6cabc645a1b43b61c7439d327253cdfab5df29801a" "e1df393df4eaa141634fab5a36d6e8323a30a587d87e548bed07666377c6aee4" "e28b91fdeff65d2c54a6dcda669421e9c957ba70c5ea34459857ffc387912138" "f89b380c8a1d39ba14ee89185e607ad6784bf99f4990d9695b1ed2ae52a0a420") :ROW-COUNT 6 :REGISTRY-DIGEST "de59e7b6e5cd714aa526546f4d9684e85f85abb22b9009542a853e21e8520649" :GENERATION-LAW-REF (:SEMANTIC-BUNDLE-GENERATION-LAW-V1 :EXPORT-REGISTRY-V1) :REGISTRY-ROOT-IDENTITY #8="771e3829e7273b65465d66941b6d41b7e0c5e2a0d9f9d8e2618ea7cf81e7f8af") :IMPORT-REGISTRY-REF #S(SEMANTIC-REGISTRY-ROOT-V1 :REGISTRY-KIND :IMPORT-REGISTRY-V1 :SCHEMA-VERSION 1 :ROWS NIL :ROW-REFS NIL :ROW-COUNT 0 :REGISTRY-DIGEST "9ea2cb557af2dbf1ca8863eb6f3fcc8537f455498fcc5fe8c474e9a6714beaff" :GENERATION-LAW-REF (:SEMANTIC-BUNDLE-GENERATION-LAW-V1 :IMPORT-REGISTRY-V1) :REGISTRY-ROOT-IDENTITY #9="99d0bf87f90f2ef283da9d94105d39123078321e61b6930e48a73b730066767d") :DEPENDENCY-REGISTRY-REF #S(SEMANTIC-REGISTRY-ROOT-V1 :REGISTRY-KIND :DEPENDENCY-REGISTRY-V1 :SCHEMA-VERSION 1 :ROWS (# # # # # # # # # # # # ...) :ROW-REFS ("00ff3428b72c82f55b8dabf4234efe3ce6d9f38d005b184e3d663d036c9ea32c" "019b339e4c7e7c887afe8790941fa82bb97d177039062bb0d117a50715e25f1e" "01ddca089284e79ebc215ed117960185335907ac494d526bbd653414b7a2749b" "07cc85e783517d0d8ed0f236ba70a5a0af6d76324aace49e37986632109bf237" "07fafdcbf1b60b1e7baf39e169b57a537a3ee661b14d2745defe9bebfdb8dd66" "0ac77de341823b72554dc85c605e1b739a6e101c633ff004ac7d7f24db894bfe" "0ac78b99c4269e74420487b5abf3acd5904b2968654fc4a8317ceea0959aa2a3" "0d8d3056f3da3f08f1b9542af4e567f3510a0329a896d39eb5829424a10ef235" "0ea38de9e8e16929cfdb5058817ec61db68ed2a3adfbcdb29018f696610a78ad" "0ffdc6d63de97e6371227dfd5ef75ab512a1bb1988045235155af1744fc7bb7e" "116f5572441db824b647bd41d394e0bca275ef183fcebf0ba560701cea5d1db9" "1284058fc8eb0ec4887a73bf12875dfe8dfa5e5c299c4a84ae1ba8092c568ba9" ...) :ROW-COUNT 138 :REGISTRY-DIGEST "857d96bdefa1ce9d8e341218ea053e70e480c02c23168a392cf9e2d9d923f886" :GENERATION-LAW-REF (:SEMANTIC-BUNDLE-GENERATION-LAW-V1 :DEPENDENCY-REGISTRY-V1) :REGISTRY-ROOT-IDENTITY #10="c04e8e070ccedcd00ef209323a9df4a7e5d3dff8eaaa48bb4ba6305fc776deb7") :FORMAL-BINDING-REGISTRY-REF #S(SEMANTIC-REGISTRY-ROOT-V1 :REGISTRY-KIND :FORMAL-BINDING-REGISTRY-V1 :SCHEMA-VERSION 1 :ROWS NIL :ROW-REFS NIL :ROW-COUNT 0 :REGISTRY-DIGEST "86235b62754819e9b7c4081e7342d1571b946033ff6bd504388de7dedd834af9" :GENERATION-LAW-REF (:SEMANTIC-BUNDLE-EMPTY-GENERATED-REGISTRY-V1 :FORMAL-BINDING-REGISTRY-V1) :REGISTRY-ROOT-IDENTITY "67ea6420c44015b1e8261f7bb565b65787eeb0483a363f08de7adf256e964b38") :EVIDENCE-REGISTRY-REF #S(SEMANTIC-REGISTRY-ROOT-V1 :REGISTRY-KIND :EVIDENCE-REGISTRY-V1 :SCHEMA-VERSION 1 :ROWS NIL :ROW-REFS NIL :ROW-COUNT 0 :REGISTRY-DIGEST "ba594eda3d6d8c181981c9249fd1791098e36d237b7d4617a6038f4ded15ba41" :GENERATION-LAW-REF (:SEMANTIC-BUNDLE-EMPTY-GENERATED-REGISTRY-V1 :EVIDENCE-REGISTRY-V1) :REGISTRY-ROOT-IDENTITY "3f235488aa8bba18ae99eb63c26608a75ed33533506a53788ba79118bd6c48b8") :REALIZATION-REGISTRY-REF #S(SEMANTIC-REGISTRY-ROOT-V1 :REGISTRY-KIND :REALIZATION-REGISTRY-V1 :SCHEMA-VERSION 1 :ROWS NIL :ROW-REFS NIL :ROW-COUNT 0 :REGISTRY-DIGEST "c2b11502238f0d5dd84858b924de9cd5b8a785da84987a92f7ea5e486d8228d1" :GENERATION-LAW-REF (:SEMANTIC-BUNDLE-EMPTY-GENERATED-REGISTRY-V1 :REALIZATION-REGISTRY-V1) :REGISTRY-ROOT-IDENTITY "c128b335fe5cc875a66221b4a7e22ddeda32d96b0c393d5398b85969b59cf08e") :ARTIFACT-LINKAGE-REGISTRY-REF #S(SEMANTIC-REGISTRY-ROOT-V1 :REGISTRY-KIND :ARTIFACT-LINKAGE-REGISTRY-V1 :SCHEMA-VERSION 1 :ROWS NIL :ROW-REFS NIL :ROW-COUNT 0 :REGISTRY-DIGEST "9d52523ec009dfa07158e269763d4f4bc58bce02f524cc990013a7e97cf6ac15" :GENERATION-LAW-REF (:SEMANTIC-BUNDLE-EMPTY-GENERATED-REGISTRY-V1 :ARTIFACT-LINKAGE-REGISTRY-V1) :REGISTRY-ROOT-IDENTITY "ac95d9db36ee25a81d3509bd0a15ad3f3f2cd94cd181849a70d5ed99ed8b2e74") :ROUTE-REGISTRY-REF #S(SEMANTIC-REGISTRY-ROOT-V1 :REGISTRY-KIND :ROUTE-REGISTRY-V1 :SCHEMA-VERSION 1 :ROWS NIL :ROW-REFS NIL :ROW-COUNT 0 :REGISTRY-DIGEST "6cb7202b903d83dddc55b791e852d7efd65d679daf0cca2de523e72252fed7c8" :GENERATION-LAW-REF (:SEMANTIC-BUNDLE-ROUTE-REGISTRY-VERIFICATION-V1) :REGISTRY-ROOT-IDENTITY "4d474b75f079223dc3b015e6cf8681b98b1e3d069f5ec89f08bd9beda20e0c76") :SATURATED-CODATA-REGISTRY-REF #S(SEMANTIC-REGISTRY-ROOT-V1 :REGISTRY-KIND :SATURATED-CODATA-REGISTRY-V1 :SCHEMA-VERSION 1 :ROWS NIL :ROW-REFS NIL :ROW-COUNT 0 :REGISTRY-DIGEST "6f3ddce981276ed17751491377efea06653647711101cde77b9300565492491e" :GENERATION-LAW-REF (:SEMANTIC-BUNDLE-EMPTY-GENERATED-REGISTRY-V1 :SATURATED-CODATA-REGISTRY-V1) :REGISTRY-ROOT-IDENTITY "dca73d99a3c78f8cb87d90d5f900d7ce53fcdf985b21d5244405c40894dcb098") :SEMANTIC-CONSEQUENCE-TRANSPORT-REGISTRY-REF #S(SEMANTIC-REGISTRY-ROOT-V1 :REGISTRY-KIND :SEMANTIC-CONSEQUENCE-TRANSPORT-REGISTRY-V1 :SCHEMA-VERSION 1 :ROWS NIL :ROW-REFS NIL :ROW-COUNT 0 :REGISTRY-DIGEST "88550f49781c879a657daea01b223c04f854fb59a2eca140fef80077d05c69fd" :GENERATION-LAW-REF (:SEMANTIC-BUNDLE-EMPTY-GENERATED-REGISTRY-V1 :SEMANTIC-CONSEQUENCE-TRANSPORT-REGISTRY-V1) :REGISTRY-ROOT-IDENTITY "943bf24cbe9680fadfa99fa7dc38009fdde31661e341a489aa696e680ba483ce") :GENERATED-REGISTRY-SET-IDENTITY #11="406a872cd8800e2b0f42b4278a3dfce7583933dbd72da685ce2b91d1fb71e92e") :CLOSURE #S(SEMANTIC-BUNDLE-CLOSURE-V1 :BUNDLE-PRECLOSURE-REF #6# :BASE-REGISTRY-SET-REF #5# :GENERATED-REGISTRY-SET-REF #11# :CHILD-CLOSURE-REFS NIL :CLOSURE-LAW-SET-REF :SHG-STRUCTURAL-PRODUCTION-V1 :STRUCTURAL-VALIDATION-REF "727d707768646dcb7b4b84d29851772d04a4854c2e74c1b0e14dbd718a900357" :REGISTRY-GENERATION-WITNESS-REFS (#7# #8# #9# #10#) :UNRESOLVED-IMPORT-REFS NIL :MANDATORY-HOLE-REFS ("25f795ed488a1d42621ce7551801fab2f301ab6c67c4823f945ac9605db46f25" "63b3d8963713c8c7eba16a7d6b8ba1091ce6d1411a2b636ad8fa6caf453413ef" "7f918e98d58714e2a52cc0a13528f2ad00d7a824bbdcbf2627f1224a3ed6a1d2" "8cd8140b658c6f626e31707503bba37fd82e936b66b8297db5e6cc215c533d13" "dd726e6daaf442333f270a54fcfb99a9b1605955b054f6b438b61591ab6c5bfb" "e9f88c571c3af99a2aff6ae2e8aac18c550f3427f2534b4ecb9daacc969f5f7e") :CLOSURE-STATUS :PARTIAL :BUNDLE-SNAPSHOT-REF #S(SEMANTIC-BUNDLE-SNAPSHOT-REF-V1 :BUNDLE-REF #6# :BASE-REGISTRY-SET-REF #5# :GENERATED-REGISTRY-SET-REF #11# :CLOSURE-LAW-SET-REF :SHG-STRUCTURAL-PRODUCTION-V1 :SNAPSHOT-IDENTITY #12="39952b83ccd456b448a9304323d66b26ad60499aaaabf630d5b8a5cb77317afd") :CLOSURE-IDENTITY "8e400a233dce2fcab04502098630690c2bb56da9f19fdca6aefde05bb6791849") :ENVELOPE-IDENTITY "a88db2b6fdcb243b64f31258de6c11614472928303dae22aa7e08abc117a9458") :ADDRESS-INDEX ((:ADDRESS #S(SEMANTIC-BUNDLE-ROW-ADDRESS-V1 :DOMAIN :SEMANTIC :BUNDLE-OCCURRENCE-PATH #13=#S(SEMANTIC-SCOPE-PATH-V1 :SEGMENT-TOKENS # :SCOPE-IDENTITY "2da58a52b6d2b80dc017f5deac5a422849e9c31aaaab8690e86c30f9bed64c0f") :BUNDLE-SNAPSHOT-REF #12# :REGISTRY-KIND :MEMBER-REGISTRY-V1 :ROW-REF "0466c4dd8666e059c49a9d422f40b243dd28101cb1da03beecc654528985423e" :FACET-REF NIL :LINEAGE-REF #S(CONSTRUCTION-LINEAGE-REF-V1 :LINEAGE-KEY # :PREDECESSOR-REF NIL :LINEAGE-IDENTITY "adeb383b3e501661b1d37de94ea2e18aa04b68f8d8938db99638d5d41add3ef0") :ADDRESS-IDENTITY "208a2d31eed91162767ad07b615b06fee5e3c8ec010ca4c510dd972e71384291") :LOGICAL-ADDRESS (:SHG-ADDRESS-V1 :CYCLE-GRAPH-019AA2F4A950221AEA6D24337B6CC5A7EC9AC81FC62AE71AB8740E97AF2F54D4 1 #1# :SEMANTIC-HYPERGRAPH :CYCLE-GRAPH-019AA2F4A950221AEA6D24337B6CC5A7EC9AC81FC62AE71AB8740E97AF2F54D4) :OBJECT #S(SHG-OBJECT-V1 :KIND :SEMANTIC-HYPERGRAPH :ID :CYCLE-GRAPH-019AA2F4A950221AEA6D24337B6CC5A7EC9AC81FC62AE71AB8740E97AF2F54D4 :FIELDS (:VERSION # :GENERATION 1 :SOURCE-REF #4# :ONTOLOGY-REF "b30959eb1a8f31ed3a107bd98e817414392e9ed6199a8683feb10c320082f63a") :IDENTITY "1dce24d134f6d4268b130d7cf6db5c9952934be4ff77f8797408e14e2e383365")) (:ADDRESS #S(SEMANTIC-BUNDLE-ROW-ADDRESS-V1 :DOMAIN :SEMANTIC :BUNDLE-OCCURRENCE-PATH #13# :BUNDLE-SNAPSHOT-REF #12# :REGISTRY-KIND :MEMBER-REGISTRY-V1 :ROW-REF "f5f21bb523d1c079406ae197338187c2858770bd73b54a1709e53643c144f736" :FACET-REF NIL :LINEAGE-REF #S(CONSTRUCTION-LINEAGE-REF-V1 :LINEAGE-KEY # :PREDECESSOR-REF NIL :LINEAGE-IDENTITY "a41374ca203db6ec7746de827cc77e1e3acf27bc6ba95a405ec213f7e0b7cceb") :ADDRESS-IDENTITY "3d4470d7de58ef16cf53c8a5b0ec43cd3c7be7e02487b014430ba359f7965438") :LOGICAL-ADDRESS (:SHG-ADDRESS-V1 :CYCLE-GRAPH-019AA2F4A950221AEA6D24337B6CC5A7EC9AC81FC62AE71AB8740E97AF2F54D4 1 #1# :TRANSFORMATION #14=(:TRANSFORMATION :INSTANTIATE)) :OBJECT #S(SHG-OBJECT-V1 :KIND :TRANSFORMATION :ID #14# :FIELDS (:REQUIRES # :PRODUCES #) :IDENTITY "a60b1c7b764597b5a85f2497145ea1d6565c6ceca19f8bcd444d8ccf4a99c317")) (:ADDRESS #S(SEMANTIC-BUNDLE-ROW-ADDRESS-V1 :DOMAIN :SEMANTIC :BUNDLE-OCCURRENCE-PATH #13# :BUNDLE-SNAPSHOT-REF #12# :REGISTRY-KIND :MEMBER-REGISTRY-V1 :ROW-REF "ef0455e85758ba9e35058f186bf84367f1513da954012320755d41678552a3d5" :FACET-REF NIL :LINEAGE-REF #S(CONSTRUCTION-LINEAGE-REF-V1 :LINEAGE-KEY # :PREDECESSOR-REF NIL :LINEAGE-IDENTITY "6e8b0b5d4fafc2e3b02222f15fc194b2782d25c10d1b84d3b9cbb5ad7d774bc0") :ADDRESS-IDENTITY "71a10ed1652e70f5d0e34f30fee67ea4b63bc599343c6f45534ac82ccea28731") :LOGICAL-ADDRESS (:SHG-ADDRESS-V1 :CYCLE-GRAPH-019AA2F4A950221AEA6D24337B6CC5A7EC9AC81FC62AE71AB8740E97AF2F54D4 1 #1# :TRANSFORMATION #15=(:TRANSFORMATION :OPEN-BODY)) :OBJECT #S(SHG-OBJECT-V1 :KIND :TRANSFORMATION :ID #15# :FIELDS (:REQUIRES # :PRODUCES #) :IDENTITY "ae4162a5f7c5988c8013128e98bade13db6e7e0bcb08a74dc4c231c6835d7040")) (:ADDRESS #S(SEMANTIC-BUNDLE-ROW-ADDRESS-V1 :DOMAIN :SEMANTIC :BUNDLE-OCCURRENCE-PATH #13# :BUNDLE-SNAPSHOT-REF #12# :REGISTRY-KIND :MEMBER-REGISTRY-V1 :ROW-REF "fd5f7f762b26022ab32894afeb4bdf7b3f5fa75ff1e59bf433c565c802afd4f5" :FACET-REF NIL :LINEAGE-REF #S(CONSTRUCTION-LINEAGE-REF-V1 :LINEAGE-KEY # :PREDECESSOR-REF NIL :LINEAGE-IDENTITY "31cecd730eadb79cac8999a7c60611ed5c3a1b71c67850564da3055c8560868b") :ADDRESS-IDENTITY "a4bbf12501e255d753d658164825b35513e982dd73bfe7068c70132a0ecdced5") :LOGICAL-ADDRESS (:SHG-ADDRESS-V1 :CYCLE-GRAPH-019AA2F4A950221AEA6D24337B6CC5A7EC9AC81FC62AE71AB8740E97AF2F54D4 1 #1# :TRANSFORMATION #16=(:TRANSFORMATION :NEST)) :OBJECT #S(SHG-OBJECT-V1 :KIND :TRANSFORMATION :ID #16# :FIELDS (:REQUIRES # :PRODUCES #) :IDENTITY "7fa2064943c302cddea7658cf7cc149bbd59213285cd1c282b8ea3b336599ecc")) (:ADDRESS #S(SEMANTIC-BUNDLE-ROW-ADDRESS-V1 :DOMAIN :SEMANTIC :BUNDLE-OCCURRENCE-PATH #13# :BUNDLE-SNAPSHOT-REF #12# :REGISTRY-KIND :MEMBER-REGISTRY-V1 :ROW-REF "b477b549c75de49334607f1535fcf74fa28837cad974b57b5dfc1946c19d61a8" :FACET-REF NIL :LINEAGE-REF #S(CONSTRUCTION-LINEAGE-REF-V1 :LINEAGE-KEY # :PREDECESSOR-REF NIL :LINEAGE-IDENTITY "030181290416f0f8308409e394ee99cf82666205a9da476bf5822eb522670090") :ADDRESS-IDENTITY "6e7a07fea828d6415c0db9a63893ff262498964f0a12eb23953adb027e7f1fa0") :LOGICAL-ADDRESS (:SHG-ADDRESS-V1 :CYCLE-GRAPH-019AA2F4A950221AEA6D24337B6CC5A7EC9AC81FC62AE71AB8740E97AF2F54D4 1 #1# :TRANSFORMATION #17=(:TRANSFORMATION :RELATE)) :OBJECT #S(SHG-OBJECT-V1 :KIND :TRANSFORMATION :ID #17# :FIELDS (:REQUIRES # :PRODUCES #) :IDENTITY "8953f3f74cbab02ae37d9ccc8a17dfffa03c064781f24d91809784f8938075d3")) (:ADDRESS #S(SEMANTIC-BUNDLE-ROW-ADDRESS-V1 :DOMAIN :SEMANTIC :BUNDLE-OCCURRENCE-PATH #13# :BUNDLE-SNAPSHOT-REF #12# :REGISTRY-KIND :MEMBER-REGISTRY-V1 :ROW-REF "c74f88b326fa9521cba3848feed0edb323ac5d5f8a4e13e72ef9e84fa1c60b34" :FACET-REF NIL :LINEAGE-REF #S(CONSTRUCTION-LINEAGE-REF-V1 :LINEAGE-KEY # :PREDECESSOR-REF NIL :LINEAGE-IDENTITY "fc0d9d2301f21dbed35504adcb59ac72c26a8e0e7fdf81f51dfc904b3653416b") :ADDRESS-IDENTITY "10e52b3162847630fdf6f1f735c6fde7a7bf54a3a40377f3792915aa8267ecbc") :LOGICAL-ADDRESS (:SHG-ADDRESS-V1 :CYCLE-GRAPH-019AA2F4A950221AEA6D24337B6CC5A7EC9AC81FC62AE71AB8740E97AF2F54D4 1 #1# :TRANSFORMATION #18=(:TRANSFORMATION :DERIVE-DEPENDENCY)) :OBJECT #S(SHG-OBJECT-V1 :KIND :TRANSFORMATION :ID #18# :FIELDS (:REQUIRES # :PRODUCES #) :IDENTITY "9fca5e71dd543e5893a805b6dfb6cfddaf2db5147fa0523cfee6f0526a090e88")) (:ADDRESS #S(SEMANTIC-BUNDLE-ROW-ADDRESS-V1 :DOMAIN :SEMANTIC :BUNDLE-OCCURRENCE-PATH #13# :BUNDLE-SNAPSHOT-REF #12# :REGISTRY-KIND :MEMBER-REGISTRY-V1 :ROW-REF "fc550e940265cf35fa1e76da1fb9c94dd0ecf8ae10fb07e306c4fe12a7f02679" :FACET-REF NIL :LINEAGE-REF #S(CONSTRUCTION-LINEAGE-REF-V1 :LINEAGE-KEY # :PREDECESSOR-REF NIL :LINEAGE-IDENTITY "28d2cb5eb6be4da6c4d013ef72fadfcebafd4c5f80954f26dd02eff8ed7c77a9") :ADDRESS-IDENTITY "d9e23dfc48c35d22f0bf40be3014f39f06b3fa77d4814155e57592eb810c12d6") :LOGICAL-ADDRESS (:SHG-ADDRESS-V1 :CYCLE-GRAPH-019AA2F4A950221AEA6D24337B6CC5A7EC9AC81FC62AE71AB8740E97AF2F54D4 1 #1# :TRANSFORMATION #19=(:TRANSFORMATION :REFINE)) :OBJECT #S(SHG-OBJECT-V1 :KIND :TRANSFORMATION :ID #19# :FIELDS (:REQUIRES # :PRODUCES #) :IDENTITY "d89694ec884f532504188f9fc2dac5c0f90240c3c63e8ee2524c608c8516d302")) (:ADDRESS #S(SEMANTIC-BUNDLE-ROW-ADDRESS-V1 :DOMAIN :SEMANTIC :BUNDLE-OCCURRENCE-PATH #13# :BUNDLE-SNAPSHOT-REF #12# :REGISTRY-KIND :MEMBER-REGISTRY-V1 :ROW-REF "0770585e3008fee82f56cabf40208ca4b0be0319ede59744cae52b6f9fd9c001" :FACET-REF NIL :LINEAGE-REF #S(CONSTRUCTION-LINEAGE-REF-V1 :LINEAGE-KEY # :PREDECESSOR-REF NIL :LINEAGE-IDENTITY "b23bddf5e7d4fac855e508cca3ccf98cc03cbea2d1d953f0fb7f3104d962b430") :ADDRESS-IDENTITY "ebdacd09e8f6ff66131e1204008eead321c855f3d37f140dfac80589843e4d7a") :LOGICAL-ADDRESS (:SHG-ADDRESS-V1 :CYCLE-GRAPH-019AA2F4A950221AEA6D24337B6CC5A7EC9AC81FC62AE71AB8740E97AF2F54D4 1 #1# :TRANSFORMATION #20=(:TRANSFORMATION :REVISE)) :OBJECT #S(SHG-OBJECT-V1 :KIND :TRANSFORMATION :ID #20# :FIELDS (:REQUIRES # :PRODUCES #) :IDENTITY "660b9234b7e4fab657f39125be96d4833ab8c4518a627b11b0876618eb124a16")) (:ADDRESS #S(SEMANTIC-BUNDLE-ROW-ADDRESS-V1 :DOMAIN :SEMANTIC :BUNDLE-OCCURRENCE-PATH #13# :BUNDLE-SNAPSHOT-REF #12# :REGISTRY-KIND :MEMBER-REGISTRY-V1 :ROW-REF "213808ed69eb28c407ab4f52d84d0605120007c8506be0775eb2853c60d0dd6d" :FACET-REF NIL :LINEAGE-REF #S(CONSTRUCTION-LINEAGE-REF-V1 :LINEAGE-KEY # :PREDECESSOR-REF NIL :LINEAGE-IDENTITY "7afd6896d976f0eb606d59c1e1c2d3166552b8514a46833c9484b61e316ab66a") :ADDRESS-IDENTITY "f672ffa4019baad5e9bc57b6c5f535136853460f24df29d4b1825b3f7d5009b8") :LOGICAL-ADDRESS (:SHG-ADDRESS-V1 :CYCLE-GRAPH-019AA2F4A950221AEA6D24337B6CC5A7EC9AC81FC62AE71AB8740E97AF2F54D4 1 #1# :TRANSFORMATION #21=(:TRANSFORMATION :ADMIT)) :OBJECT #S(SHG-OBJECT-V1 :KIND :TRANSFORMATION :ID #21# :FIELDS (:REQUIRES # :PRODUCES #) :IDENTITY "e58b3231aa7cdc64b0a10cd89bd7dd74a72ab1a271b120e8636ab6113b2ff246")) (:ADDRESS #S(SEMANTIC-BUNDLE-ROW-ADDRESS-V1 :DOMAIN :SEMANTIC :BUNDLE-OCCURRENCE-PATH #13# :BUNDLE-SNAPSHOT-REF #12# :REGISTRY-KIND :MEMBER-REGISTRY-V1 :ROW-REF "d41284b8d2c1f93ac4b3768024f2a6861da99a6593e7e15237e21462cc87d4dd" :FACET-REF NIL :LINEAGE-REF #S(CONSTRUCTION-LINEAGE-REF-V1 :LINEAGE-KEY # :PREDECESSOR-REF NIL :LINEAGE-IDENTITY "cea6a77bac5cd8959156dcc91b17d6ec502b30575e771a8aa03c63547a85abcb") :ADDRESS-IDENTITY "617b3fabf4db59e0bccb66b1feac0de80f73b1c32b3392cc7b1034c747c3c89d") :LOGICAL-ADDRESS (:SHG-ADDRESS-V1 :CYCLE-GRAPH-019AA2F4A950221AEA6D24337B6CC5A7EC9AC81FC62AE71AB8740E97AF2F54D4 1 #1# :PROJECTION #22=(:PROJECTION :STRUCTURAL)) :OBJECT #S(SHG-OBJECT-V1 :KIND :PROJECTION :ID #22# :FIELDS (:SELECT #) :IDENTITY "cbaee7412d0c0aa57d5672e467ff102ec671c42508fdc88892c636c1f4da274e")) (:ADDRESS #S(SEMANTIC-BUNDLE-ROW-ADDRESS-V1 :DOMAIN :SEMANTIC :BUNDLE-OCCURRENCE-PATH #13# :BUNDLE-SNAPSHOT-REF #12# :REGISTRY-KIND :MEMBER-REGISTRY-V1 :ROW-REF "7df1ec268aa153fc583ae281d9db9e05b0d86c4436f99491254de3f6d327cb3e" :FACET-REF NIL :LINEAGE-REF #S(CONSTRUCTION-LINEAGE-REF-V1 :LINEAGE-KEY # :PREDECESSOR-REF NIL :LINEAGE-IDENTITY "7339377700af45bf25cfaaf4329d52c9c6c1f027e82c3b959d8de1c3effefb82") :ADDRESS-IDENTITY "611695a853cf04caf21096781e70aeeb2f076dc28aaa5237fdcfb12c38d1bfaa") :LOGICAL-ADDRESS (:SHG-ADDRESS-V1 :CYCLE-GRAPH-019AA2F4A950221AEA6D24337B6CC5A7EC9AC81FC62AE71AB8740E97AF2F54D4 1 #1# :PROJECTION #23=(:PROJECTION :OPERATIONAL)) :OBJECT #S(SHG-OBJECT-V1 :KIND :PROJECTION :ID #23# :FIELDS (:SELECT #) :IDENTITY "ad1ab05458932674f56ee217258311784278121402dc5ff6cacf5d76f3107d8a")) (:ADDRESS #S(SEMANTIC-BUNDLE-ROW-ADDRESS-V1 :DOMAIN :SEMANTIC :BUNDLE-OCCURRENCE-PATH #13# :BUNDLE-SNAPSHOT-REF #12# :REGISTRY-KIND :MEMBER-REGISTRY-V1 :ROW-REF "9a816db3341b8074952b89fc023c7983a29a2868b1dcda759dd5bc1c591032e7" :FACET-REF NIL :LINEAGE-REF #S(CONSTRUCTION-LINEAGE-REF-V1 :LINEAGE-KEY # :PREDECESSOR-REF NIL :LINEAGE-IDENTITY "c39ca25ed90224fcc833af65dfdec440c9d732059757fc87570157d3c236140b") :ADDRESS-IDENTITY "8a7babd62fab37ddf87b902bf0abe9a3f21b0a1f3a9889dd990339bf960936d6") :LOGICAL-ADDRESS (:SHG-ADDRESS-V1 :CYCLE-GRAPH-019AA2F4A950221AEA6D24337B6CC5A7EC9AC81FC62AE71AB8740E97AF2F54D4 1 #1# :PROJECTION #24=(:PROJECTION :DEPENDENCY)) :OBJECT #S(SHG-OBJECT-V1 :KIND :PROJECTION :ID #24# :FIELDS (:SELECT #) :IDENTITY "c6ca405a5de86fe2d265f595b9e20731e33efc340c86b7e69e56ac2ab48eedd2")) ...) ...))
5: (RESOLVE-SEMANTIC-HYPERGRAPH-ADDRESS-V1 #S(SEMANTIC-HYPERGRAPH-V1 :ID :CYCLE-GRAPH-019AA2F4A950221AEA6D24337B6CC5A7EC9AC81FC62AE71AB8740E97AF2F54D4 :VERSION (0 1) :GENERATION 1 :ROOT (:SHG-ADDRESS-V1 :CYCLE-GRAPH-019AA2F4A950221AEA6D24337B6CC5A7EC9AC81FC62AE71AB8740E97AF2F54D4 1 #1=(:GRAPH :VM-FEEDBACK :CHILD :CYCLE-GRAPH-019AA2F4A950221AEA6D24337B6CC5A7EC9AC81FC62AE71AB8740E97AF2F54D4) :SEMANTIC-HYPERGRAPH :CYCLE-GRAPH-019AA2F4A950221AEA6D24337B6CC5A7EC9AC81FC62AE71AB8740E97AF2F54D4) :UNIVERSE (:TYPES (#S(SHG-OBJECT-V1 :KIND :TYPE :ID :VM-STATE :FIELDS (:SCHEMA # :REFINEMENTS NIL) :IDENTITY "f3d8f62143dc82442844561525da701e2e242269e2e59b5da45dc839f076559a") #S(SHG-OBJECT-V1 :KIND :TYPE :ID :RUN-OUTCOME :FIELDS (:SCHEMA # :REFINEMENTS NIL) :IDENTITY "354edc4e6fac0a539e683f5a60303a5ed5a465e148fd4cfb3e978c92dbcac4ea") #S(SHG-OBJECT-V1 :KIND :TYPE :ID :ACTIVATION-KEY :FIELDS (:SCHEMA # :REFINEMENTS NIL) :IDENTITY "0113fbfa06923cedc5c82e24b0d516c5c059621146a3cf6fb4d3fec5dda8f295") #S(SHG-OBJECT-V1 :KIND :TYPE :ID :ACTIVATION-REQUEST :FIELDS (:SCHEMA # :REFINEMENTS NIL) :IDENTITY "ecef25c8d6d26c8984dfb06ddc1310c485ea272e8985e7a4f57c8847a6093604") #S(SHG-OBJECT-V1 :KIND :TYPE :ID :STEP-COMPLETION :FIELDS (:SCHEMA # :REFINEMENTS NIL) :IDENTITY "2aed207d9816d0107db2a2daa2ea43a5bb2af813a68b0c8365707e26c36736ef") #S(SHG-OBJECT-V1 :KIND :TYPE :ID :CONTROLLER-STATE :FIELDS (:SCHEMA # :REFINEMENTS NIL) :IDENTITY "b211f7932aaf3b8c167e43f5e7865286994f8a64e429799778ae41a71e95a0e9") #S(SHG-OBJECT-V1 :KIND :TYPE :ID :POSITIVE-BUDGET :FIELDS (:SCHEMA # :REFINEMENTS NIL) :IDENTITY "5ecac860381abbc2cbaf4bdf33a71b8d67b220f21b15b7191cf657ea9fba19fe") #S(SHG-OBJECT-V1 :KIND :TYPE :ID :ZERO-BUDGET :FIELDS (:SCHEMA # :REFINEMENTS NIL) :IDENTITY "7a9df0e08558abb2b2c918f223f7878ea04b73fa9466f37ba272270ce8f83b09") #S(SHG-OBJECT-V1 :KIND :TYPE :ID :CONTINUE :FIELDS (:SCHEMA # :REFINEMENTS NIL) :IDENTITY "c74dcc1a8b8e440ae0a51ccd06c9c66e429692d4d372a31e64e9d1945a25861c") #S(SHG-OBJECT-V1 :KIND :TYPE :ID :STOP :FIELDS (:SCHEMA # :REFINEMENTS NIL) :IDENTITY "69017f28479a57fdaa6646e454870d720fa948c8a314034afb4eed4bc35b014b") #S(SHG-OBJECT-V1 :KIND :TYPE :ID :HALT :FIELDS (:SCHEMA # :REFINEMENTS NIL) :IDENTITY "28282b97c8f21dc83b2a25c8d040d3bf9b2439618441e68f1bd452bd9ce431ec") #S(SHG-OBJECT-V1 :KIND :TYPE :ID :TRAP :FIELDS (:SCHEMA # :REFINEMENTS NIL) :IDENTITY "a4ae861f954d029cc5098de066e52668be74dcf0efddc91284c7a398b07c1d65") ...) :EFFECTS (#S(SHG-OBJECT-V1 :KIND :EFFECT :ID :ACTIVATE :FIELDS (:INPUT :VM-STATE :OUTPUT :ACTIVATION-REQUEST :CONSTRAINTS NIL) :IDENTITY "1e20e0911b2dbdfa47bb6b3ae441286e64357b9c33cdfb1144e9a27ddfbf8008") #S(SHG-OBJECT-V1 :KIND :EFFECT :ID :AWAIT :FIELDS (:INPUT :STEP-COMPLETION :OUTPUT :STEP-COMPLETION :CONSTRAINTS NIL) :IDENTITY "0c44a717955512298715a922f7f4e48b4ac726faed0460813689a01b963986b7") #S(SHG-OBJECT-V1 :KIND :EFFECT :ID :PUBLISH :FIELDS (:INPUT :STEP-COMPLETION :OUTPUT :VM-STATE :CONSTRAINTS NIL) :IDENTITY "1df26e7f49443f8110376d4ff01d43c31d53b1676ab40ef726be9d3eb2031763") #S(SHG-OBJECT-V1 :KIND :EFFECT :ID :TERMINATE :FIELDS (:INPUT :STEP-COMPLETION :OUTPUT :RUN-OUTCOME :CONSTRAINTS NIL) :IDENTITY "ecc8c08240aca8bc400c5fe2bad8dd609983a5036a84a82ec7677d9aa7cc3b5e")) :CONTRACTS (#S(SHG-OBJECT-V1 :KIND :CONTRACT :ID :CYCLE-CONTRACT :FIELDS (:ASSUME # :GUARANTEE # :INVARIANTS # :EFFECTS # :DEPENDENCIES NIL) :IDENTITY "69c59077e9106794cd893c5d0ea4891de9bfd554df3cd73cb580dd93b28baa33")) :PORTS (#S(SHG-OBJECT-V1 :KIND :PORT :ID :RESULT-PORT-880FA6FD38F82A25EE6EE4568C024591D29077C2DDA57CDE2F258F153476CFB8 :FIELDS (:OWNER :DEFINITION :DIRECTION :OUT :VALUE-TYPE :STEP-COMPLETION :EFFECTS # :CONTRACT :CYCLE-CONTRACT) :IDENTITY "35ec19e3630ae43b04101770a061adda76230dbccf8d37497f8599adfdbc65b5") #S(SHG-OBJECT-V1 :KIND :PORT :ID :ARGUMENT-PORT-9326089005B8239A212F857227C48494B6441AB3B61767B2784A194FC08DBDA9 :FIELDS (:OWNER :DEFINITION :DIRECTION :IN :VALUE-TYPE :ACTIVATION-REQUEST :EFFECTS # :CONTRACT :CYCLE-CONTRACT) :IDENTITY "57faf8592493de77b84d8c17bcaaaf2aff2c820746d0572dd7a61b09a789c912") #S(SHG-OBJECT-V1 :KIND :PORT :ID :RECEIVE-PORT-32CEC441E236140BEF410B858D90F0BF8AF65E2C43B621742E13910A84E20F5B :FIELDS (:OWNER :DEFINITION :DIRECTION :IN :VALUE-TYPE :STEP-COMPLETION :EFFECTS # :CONTRACT :CYCLE-CONTRACT) :IDENTITY "439928261e821ac247d5e05520150599e781d882aeff65fd58d3eb08f3463a2c") #S(SHG-OBJECT-V1 :KIND :PORT :ID :REQUEST-PORT-AF623B80556EB8DD7794E7F694FC39E1AC26C5178B73B7E6F4A968816AC4D028 :FIELDS (:OWNER :DEFINITION :DIRECTION :OUT :VALUE-TYPE :ACTIVATION-REQUEST :EFFECTS # :CONTRACT :CYCLE-CONTRACT) :IDENTITY "8fcb19960a572a31d4dd1c4f526871c07ac5fbb3b74e3b9bfa023c152f84fcb5") #S(SHG-OBJECT-V1 :KIND :PORT :ID :OUTCOME-PORT-6D529236A5A4ED80543B10657457D6EA6FFAB9090A737A02E1C5DC59C7DFFE6D :FIELDS (:OWNER :DEFINITION :DIRECTION :OUT :VALUE-TYPE :RUN-OUTCOME :EFFECTS # :CONTRACT :CYCLE-CONTRACT) :IDENTITY "626fb5eb45d794c22453c61d2800fafc57210b37be58c4d316e3dc75e95ad081") #S(SHG-OBJECT-V1 :KIND :PORT :ID :SEED-PORT-3583CE64D551ABFF2BFE5D9BC8D3D86601F7E9F37C07FB45F76504962E37E1DE :FIELDS (:OWNER :DEFINITION :DIRECTION :IN :VALUE-TYPE :VM-STATE :EFFECTS # :CONTRACT :CYCLE-CONTRACT) :IDENTITY "3d8f89da8dac2b8cf426b9507f5d68044d8567c75029b57fb5cf4a4f3bece804") #S(SHG-OBJECT-V1 :KIND :PORT :ID (:PORT #2=# :RESULT-PORT-880FA6FD38F82A25EE6EE4568C024591D29077C2DDA57CDE2F258F153476CFB8) :FIELDS (:OWNER # :DEFINITION :RESULT-PORT-880FA6FD38F82A25EE6EE4568C024591D29077C2DDA57CDE2F258F153476CFB8 :DIRECTION :OUT :VALUE-TYPE :STEP-COMPLETION :EFFECTS # :CONTRACT :CYCLE-CONTRACT) :IDENTITY "5a47c1be3228f8c8b3e2ad419b98c8b2f7193c98814d6297dce9dfb14f7c0c0d") #S(SHG-OBJECT-V1 :KIND :PORT :ID (:PORT #2# :ARGUMENT-PORT-9326089005B8239A212F857227C48494B6441AB3B61767B2784A194FC08DBDA9) :FIELDS (:OWNER # :DEFINITION :ARGUMENT-PORT-9326089005B8239A212F857227C48494B6441AB3B61767B2784A194FC08DBDA9 :DIRECTION :IN :VALUE-TYPE :ACTIVATION-REQUEST :EFFECTS # :CONTRACT :CYCLE-CONTRACT) :IDENTITY "065604d1677dfee61b5f72462cf92851a7bf4793bc7b6873d005c397bcaa05e5") #S(SHG-OBJECT-V1 :KIND :PORT :ID (:PORT #3=# :RECEIVE-PORT-32CEC441E236140BEF410B858D90F0BF8AF65E2C43B621742E13910A84E20F5B) :FIELDS (:OWNER # :DEFINITION :RECEIVE-PORT-32CEC441E236140BEF410B858D90F0BF8AF65E2C43B621742E13910A84E20F5B :DIRECTION :IN :VALUE-TYPE :STEP-COMPLETION :EFFECTS # :CONTRACT :CYCLE-CONTRACT) :IDENTITY "60c75e7ea7eb967ab54a258d1b3ecd01412ea21dc520cdb77a70e9b168a00dbe") #S(SHG-OBJECT-V1 :KIND :PORT :ID (:PORT #3# :REQUEST-PORT-AF623B80556EB8DD7794E7F694FC39E1AC26C5178B73B7E6F4A968816AC4D028) :FIELDS (:OWNER # :DEFINITION :REQUEST-PORT-AF623B80556EB8DD7794E7F694FC39E1AC26C5178B73B7E6F4A968816AC4D028 :DIRECTION :OUT :VALUE-TYPE :ACTIVATION-REQUEST :EFFECTS # :CONTRACT :CYCLE-CONTRACT) :IDENTITY "a3637236bc98fb71a70819e5473802637e34a7ff63a0a1049a61c42fdecc26d8") #S(SHG-OBJECT-V1 :KIND :PORT :ID (:PORT #3# :OUTCOME-PORT-6D529236A5A4ED80543B10657457D6EA6FFAB9090A737A02E1C5DC59C7DFFE6D) :FIELDS (:OWNER # :DEFINITION :OUTCOME-PORT-6D529236A5A4ED80543B10657457D6EA6FFAB9090A737A02E1C5DC59C7DFFE6D :DIRECTION :OUT :VALUE-TYPE :RUN-OUTCOME :EFFECTS # :CONTRACT :CYCLE-CONTRACT) :IDENTITY "d67ab4c007e2df720c7895233c13b2773859f89cf85f073d15307c1f3d253cae") #S(SHG-OBJECT-V1 :KIND :PORT :ID (:PORT #3# :SEED-PORT-3583CE64D551ABFF2BFE5D9BC8D3D86601F7E9F37C07FB45F76504962E37E1DE) :FIELDS (:OWNER # :DEFINITION :SEED-PORT-3583CE64D551ABFF2BFE5D9BC8D3D86601F7E9F37C07FB45F76504962E37E1DE :DIRECTION :IN :VALUE-TYPE :VM-STATE :EFFECTS # :CONTRACT :CYCLE-CONTRACT) :IDENTITY "7a7a9472c767e30ea392714c98f06b3b7c9e42ad174f8d5615f817b55c2ece92")) :NODE-TYPES (#S(SHG-OBJECT-V1 :KIND :NODE-TYPE :ID :CONTROLLER-NODE-3898DA9D62C3C1AB274A322288942EA8CCBAC4DD5B455E54B4C7A672E16369A5 :FIELDS (:PORTS # :OPERATIONS # :MACHINE :MACHINE-8BA1D0708E88660BD1353E41CE835C3330F3D2C45FFF9F3DF5441DEADCDA1486 :CONTRACT :CYCLE-CONTRACT) :IDENTITY "68d265082d9db627d3d37786ed030c5160471295919510ac79f6e01fa535ed83") #S(SHG-OBJECT-V1 :KIND :NODE-TYPE :ID :WORKER-NODE-93EE982B37019441971337173FE449FEBF871B8EBD4CD20DED30B4D508206BFB :FIELDS (:PORTS # :OPERATIONS # :MACHINE :UNBOUND :CONTRACT :CYCLE-CONTRACT) :IDENTITY "a840e1a68bf590bff94e385bbe473164c5e013bfa87238e2d0bd5403d4d14fad")) :OCCURRENCES (#S(SHG-OBJECT-V1 :KIND :OCCURRENCE :ID #2# :FIELDS (:TYPE :WORKER-NODE-93EE982B37019441971337173FE449FEBF871B8EBD4CD20DED30B4D508206BFB :PARENT :NONE :GENERATION 1 :STATE :UNBOUND :MEMORY :UNBOUND :PROVIDER :UNBOUND ...) :IDENTITY "5ff35a182c92741b54b15d82a36332e10a33041cd70d31ed6de36276f3fb5685") #S(SHG-OBJECT-V1 :KIND :OCCURRENCE :ID #3# :FIELDS (:TYPE :CONTROLLER-NODE-3898DA9D62C3C1AB274A322288942EA8CCBAC4DD5B455E54B4C7A672E16369A5 :PARENT :NONE :GENERATION 1 :STATE :READY :MEMORY :UNBOUND :PROVIDER :UNBOUND ...) :IDENTITY "447de197c39465eeaa6534b00f534c8c1a516abb79c8d78bf5ce059abf549f08")) ...) :TRANSFORMATIONS ((:INSTANTIATE (:VALID-NODE-TYPE :LAWFUL-PLACEMENT) (:DISTINCT-OCCURRENCE :DECLARED-PORTS)) (:OPEN-BODY (:DECLARED-OPERATION-BOUNDARY) (:TYPED-HOLE :REFINEMENT-OBLIGATIONS)) (:NEST (:COMPATIBLE-CHILD-BOUNDARY) (:PARENT-CHILD-CORRESPONDENCE)) (:RELATE (:VALID-RELATION-CONSTITUTION) (:RELATION :ROLE-BEARING-INCIDENCES)) (:DERIVE-DEPENDENCY (:REFERENCED-CONTRACT-OR-TYPE) (:DEPENDENCY-RELATION)) (:REFINE (:BOUNDARY-PRESERVATION :STATE-EFFECT-PRESERVATION :BEHAVIORAL-REFINEMENT) (:SUCCESSOR-BODY :PROOF-OBLIGATIONS)) (:REVISE (:IDENTIFIED-GENERATION :EXPLICIT-GRAPH-DELTA) (:SUCCESSOR-GENERATION :REVISION-RECORD)) (:ADMIT (:VERIFIED-OBLIGATIONS :VALID-CONTRACTS :CONSISTENT-ADDRESSES) (:ADMITTED-GENERATION))) :PROJECTIONS ((:STRUCTURAL :OCCURRENCES :PORTS :RELATIONS :ADDRESSES) (:OPERATIONAL :MACHINES :OPERATIONS :EFFECTS :MEMORY) (:DEPENDENCY :CONTRACTS :DEPENDENCY-RELATIONS) (:VERIFICATION :INVARIANTS :OBLIGATIONS :EVIDENCE) (:SYNTHESIS :OPERATIONS :MACHINES :BINDINGS :TARGET :TRANSITION-IR :STACK-SYNTH) (:ROUTING :BINDINGS :ADDRESSES :CONTRACTS :TARGET :ROUTE-REGISTRY) (:EVOLUTION :TRANSFORMATIONS :REVISIONS :HISTORY)) :INVARIANTS (:UNIQUE-OCCURRENCE-IDENTITIES :WELL-TYPED-PORT-INCIDENCES :WELL-FORMED-ROLE-ASSIGNMENTS :VALID-PARENT-CHILD-BOUNDARIES :STABLE-GENERATION-ADDRESSING :DECLARED-EFFECTS-ONLY :TRANSITION-CONTRACT-CONSISTENCY :REFINEMENT-PRESERVES-EXTERNAL-CONTRACT :ADMISSION-REQUIRES-VERIFICATION) :LIFECYCLE :INSTANTIATED :LIFECYCLE-STATES (:DECLARED :INSTANTIATED :REFINED :VERIFIED :ADMITTED :BOUND :EXECUTABLE :SUPERSEDED) :ENVELOPE (:SCHEMA :SEMANTIC-BUNDLE-PERSISTENCE-ENVELOPE-V1 :BUNDLE #S(RECURSIVE-SEMANTIC-BUNDLE-V1 :BUNDLE-SCHEMA-VERSION 1 :BUNDLE-KIND :GENERIC-SEMANTIC-BUNDLE :SUBJECT-SEMANTIC-REF (:SEMANTIC-HYPERGRAPH :CYCLE-GRAPH-019AA2F4A950221AEA6D24337B6CC5A7EC9AC81FC62AE71AB8740E97AF2F54D4 1 #4="f6d1683c09d15e3afff16d58ed5890c0f0ae0592e90c9f2bf8ffc58ce4d76b08") :SURFACE-REF NIL :PARENT-INDEPENDENT-REFINEMENT-REF NIL :BASE-REGISTRY-SET-REF #S(SEMANTIC-BUNDLE-BASE-REGISTRY-SET-V1 :MEMBER-REGISTRY-REF #S(SEMANTIC-REGISTRY-ROOT-V1 :REGISTRY-KIND :MEMBER-REGISTRY-V1 :SCHEMA-VERSION 1 :ROWS # :ROW-REFS # :ROW-COUNT 123 :REGISTRY-DIGEST "77b41741b4e24e1363fecb3befb132d870b95e228bcbf5f8f7cb8bd1da62c318" :GENERATION-LAW-REF # :REGISTRY-ROOT-IDENTITY "660ae22e85fc3ecb69f7bb602d5984a33ebfeb24b400ebb7f4a3602de8705423") :PORT-REGISTRY-REF #S(SEMANTIC-REGISTRY-ROOT-V1 :REGISTRY-KIND :PORT-REGISTRY-V1 :SCHEMA-VERSION 1 :ROWS # :ROW-REFS # :ROW-COUNT 6 :REGISTRY-DIGEST "4a73cbfb99fd02b58ef303ccf3a2046c49a47c75ec4a29d6b73bbe848cb118a7" :GENERATION-LAW-REF # :REGISTRY-ROOT-IDENTITY "c614308345ec33e3f96426deb0b66e5bda2246859be39c7451ae8b2c5c15396d") :RELATION-REGISTRY-REF #S(SEMANTIC-REGISTRY-ROOT-V1 :REGISTRY-KIND :RELATION-REGISTRY-V1 :SCHEMA-VERSION 1 :ROWS # :ROW-REFS # :ROW-COUNT 138 :REGISTRY-DIGEST "249ca3293c8398f513ea5836fbe327e633f92015892301382c08377169cfb786" :GENERATION-LAW-REF # :REGISTRY-ROOT-IDENTITY "fd96c5f3746d75f2e756da2771d140817ddb6da0b31848941b0a4840b541c51f") :INCIDENCE-REGISTRY-REF #S(SEMANTIC-REGISTRY-ROOT-V1 :REGISTRY-KIND :INCIDENCE-REGISTRY-V1 :SCHEMA-VERSION 1 :ROWS # :ROW-REFS # :ROW-COUNT 280 :REGISTRY-DIGEST "6b9a74a3a4ce3c1f06bab64a65f5888db3940154ef4205f70e7c3d9b58d3123a" :GENERATION-LAW-REF # :REGISTRY-ROOT-IDENTITY "8009a570b55766566620489e937bb5ceb42f48a7aa21cf7820a3c9dc815c73b2") :HOLE-REGISTRY-REF #S(SEMANTIC-REGISTRY-ROOT-V1 :REGISTRY-KIND :HOLE-REGISTRY-V1 :SCHEMA-VERSION 1 :ROWS # :ROW-REFS # :ROW-COUNT 6 :REGISTRY-DIGEST "c575c98d35d131175ad5d85d68de9bd76ff378cf4a07838ffd33075cc3444865" :GENERATION-LAW-REF # :REGISTRY-ROOT-IDENTITY "39cc0ef1e8b3e3b973371ce955ae847c2770ed466031ae99db665a3f3eadc5aa") :BASE-REGISTRY-SET-IDENTITY #5="1fd0ccdf30fa20b4e20eec0169b362595357ddc64ca3dbc9f15be3a116b8b59a") :GENERATED-REGISTRY-SET-REF NIL :CLOSURE-LAW-SET-REF :SHG-STRUCTURAL-PRODUCTION-V1 :CLOSURE-STATUS :PARTIAL :PREDECESSOR-BUNDLE-REF "6ac6c685b900e228f68d3a55ae1595b6eadad687a353a6b8bb8d0588507c00ab" :BUNDLE-IDENTITY #6="61b731bf9aab902b9163c31a7ebadda7f251c4255457c8ff50c7881de986626b") :GENERATED-SET #S(SEMANTIC-BUNDLE-GENERATED-REGISTRY-SET-V1 :CHILD-BUNDLE-REGISTRY-REF #S(SEMANTIC-REGISTRY-ROOT-V1 :REGISTRY-KIND :CHILD-BUNDLE-REGISTRY-V1 :SCHEMA-VERSION 1 :ROWS NIL :ROW-REFS NIL :ROW-COUNT 0 :REGISTRY-DIGEST "02f7b04c128f73640accf8c0d9045d6e7c278d4c8c1452978c82a73c95d12eb8" :GENERATION-LAW-REF (:SEMANTIC-BUNDLE-GENERATION-LAW-V1 :CHILD-BUNDLE-REGISTRY-V1) :REGISTRY-ROOT-IDENTITY #7="7201e5bb3bce65568f3a77cc11d0cbc4bcefb172ef075b8c0acec13610c83f96") :EXPORT-REGISTRY-REF #S(SEMANTIC-REGISTRY-ROOT-V1 :REGISTRY-KIND :EXPORT-REGISTRY-V1 :SCHEMA-VERSION 1 :ROWS (# # # # # #) :ROW-REFS ("2d87d11f3eac62873150b9af3b666c44b9b4d52a80d10f9f6732fa3eda7016f3" "ae2b629add9b8958f83142b54e4c4a3127bb39b6844d504d1f0d12db5fbae7bd" "dae306e29f7dd7bed98c7e6cabc645a1b43b61c7439d327253cdfab5df29801a" "e1df393df4eaa141634fab5a36d6e8323a30a587d87e548bed07666377c6aee4" "e28b91fdeff65d2c54a6dcda669421e9c957ba70c5ea34459857ffc387912138" "f89b380c8a1d39ba14ee89185e607ad6784bf99f4990d9695b1ed2ae52a0a420") :ROW-COUNT 6 :REGISTRY-DIGEST "de59e7b6e5cd714aa526546f4d9684e85f85abb22b9009542a853e21e8520649" :GENERATION-LAW-REF (:SEMANTIC-BUNDLE-GENERATION-LAW-V1 :EXPORT-REGISTRY-V1) :REGISTRY-ROOT-IDENTITY #8="771e3829e7273b65465d66941b6d41b7e0c5e2a0d9f9d8e2618ea7cf81e7f8af") :IMPORT-REGISTRY-REF #S(SEMANTIC-REGISTRY-ROOT-V1 :REGISTRY-KIND :IMPORT-REGISTRY-V1 :SCHEMA-VERSION 1 :ROWS NIL :ROW-REFS NIL :ROW-COUNT 0 :REGISTRY-DIGEST "9ea2cb557af2dbf1ca8863eb6f3fcc8537f455498fcc5fe8c474e9a6714beaff" :GENERATION-LAW-REF (:SEMANTIC-BUNDLE-GENERATION-LAW-V1 :IMPORT-REGISTRY-V1) :REGISTRY-ROOT-IDENTITY #9="99d0bf87f90f2ef283da9d94105d39123078321e61b6930e48a73b730066767d") :DEPENDENCY-REGISTRY-REF #S(SEMANTIC-REGISTRY-ROOT-V1 :REGISTRY-KIND :DEPENDENCY-REGISTRY-V1 :SCHEMA-VERSION 1 :ROWS (# # # # # # # # # # # # ...) :ROW-REFS ("00ff3428b72c82f55b8dabf4234efe3ce6d9f38d005b184e3d663d036c9ea32c" "019b339e4c7e7c887afe8790941fa82bb97d177039062bb0d117a50715e25f1e" "01ddca089284e79ebc215ed117960185335907ac494d526bbd653414b7a2749b" "07cc85e783517d0d8ed0f236ba70a5a0af6d76324aace49e37986632109bf237" "07fafdcbf1b60b1e7baf39e169b57a537a3ee661b14d2745defe9bebfdb8dd66" "0ac77de341823b72554dc85c605e1b739a6e101c633ff004ac7d7f24db894bfe" "0ac78b99c4269e74420487b5abf3acd5904b2968654fc4a8317ceea0959aa2a3" "0d8d3056f3da3f08f1b9542af4e567f3510a0329a896d39eb5829424a10ef235" "0ea38de9e8e16929cfdb5058817ec61db68ed2a3adfbcdb29018f696610a78ad" "0ffdc6d63de97e6371227dfd5ef75ab512a1bb1988045235155af1744fc7bb7e" "116f5572441db824b647bd41d394e0bca275ef183fcebf0ba560701cea5d1db9" "1284058fc8eb0ec4887a73bf12875dfe8dfa5e5c299c4a84ae1ba8092c568ba9" ...) :ROW-COUNT 138 :REGISTRY-DIGEST "857d96bdefa1ce9d8e341218ea053e70e480c02c23168a392cf9e2d9d923f886" :GENERATION-LAW-REF (:SEMANTIC-BUNDLE-GENERATION-LAW-V1 :DEPENDENCY-REGISTRY-V1) :REGISTRY-ROOT-IDENTITY #10="c04e8e070ccedcd00ef209323a9df4a7e5d3dff8eaaa48bb4ba6305fc776deb7") :FORMAL-BINDING-REGISTRY-REF #S(SEMANTIC-REGISTRY-ROOT-V1 :REGISTRY-KIND :FORMAL-BINDING-REGISTRY-V1 :SCHEMA-VERSION 1 :ROWS NIL :ROW-REFS NIL :ROW-COUNT 0 :REGISTRY-DIGEST "86235b62754819e9b7c4081e7342d1571b946033ff6bd504388de7dedd834af9" :GENERATION-LAW-REF (:SEMANTIC-BUNDLE-EMPTY-GENERATED-REGISTRY-V1 :FORMAL-BINDING-REGISTRY-V1) :REGISTRY-ROOT-IDENTITY "67ea6420c44015b1e8261f7bb565b65787eeb0483a363f08de7adf256e964b38") :EVIDENCE-REGISTRY-REF #S(SEMANTIC-REGISTRY-ROOT-V1 :REGISTRY-KIND :EVIDENCE-REGISTRY-V1 :SCHEMA-VERSION 1 :ROWS NIL :ROW-REFS NIL :ROW-COUNT 0 :REGISTRY-DIGEST "ba594eda3d6d8c181981c9249fd1791098e36d237b7d4617a6038f4ded15ba41" :GENERATION-LAW-REF (:SEMANTIC-BUNDLE-EMPTY-GENERATED-REGISTRY-V1 :EVIDENCE-REGISTRY-V1) :REGISTRY-ROOT-IDENTITY "3f235488aa8bba18ae99eb63c26608a75ed33533506a53788ba79118bd6c48b8") :REALIZATION-REGISTRY-REF #S(SEMANTIC-REGISTRY-ROOT-V1 :REGISTRY-KIND :REALIZATION-REGISTRY-V1 :SCHEMA-VERSION 1 :ROWS NIL :ROW-REFS NIL :ROW-COUNT 0 :REGISTRY-DIGEST "c2b11502238f0d5dd84858b924de9cd5b8a785da84987a92f7ea5e486d8228d1" :GENERATION-LAW-REF (:SEMANTIC-BUNDLE-EMPTY-GENERATED-REGISTRY-V1 :REALIZATION-REGISTRY-V1) :REGISTRY-ROOT-IDENTITY "c128b335fe5cc875a66221b4a7e22ddeda32d96b0c393d5398b85969b59cf08e") :ARTIFACT-LINKAGE-REGISTRY-REF #S(SEMANTIC-REGISTRY-ROOT-V1 :REGISTRY-KIND :ARTIFACT-LINKAGE-REGISTRY-V1 :SCHEMA-VERSION 1 :ROWS NIL :ROW-REFS NIL :ROW-COUNT 0 :REGISTRY-DIGEST "9d52523ec009dfa07158e269763d4f4bc58bce02f524cc990013a7e97cf6ac15" :GENERATION-LAW-REF (:SEMANTIC-BUNDLE-EMPTY-GENERATED-REGISTRY-V1 :ARTIFACT-LINKAGE-REGISTRY-V1) :REGISTRY-ROOT-IDENTITY "ac95d9db36ee25a81d3509bd0a15ad3f3f2cd94cd181849a70d5ed99ed8b2e74") :ROUTE-REGISTRY-REF #S(SEMANTIC-REGISTRY-ROOT-V1 :REGISTRY-KIND :ROUTE-REGISTRY-V1 :SCHEMA-VERSION 1 :ROWS NIL :ROW-REFS NIL :ROW-COUNT 0 :REGISTRY-DIGEST "6cb7202b903d83dddc55b791e852d7efd65d679daf0cca2de523e72252fed7c8" :GENERATION-LAW-REF (:SEMANTIC-BUNDLE-ROUTE-REGISTRY-VERIFICATION-V1) :REGISTRY-ROOT-IDENTITY "4d474b75f079223dc3b015e6cf8681b98b1e3d069f5ec89f08bd9beda20e0c76") :SATURATED-CODATA-REGISTRY-REF #S(SEMANTIC-REGISTRY-ROOT-V1 :REGISTRY-KIND :SATURATED-CODATA-REGISTRY-V1 :SCHEMA-VERSION 1 :ROWS NIL :ROW-REFS NIL :ROW-COUNT 0 :REGISTRY-DIGEST "6f3ddce981276ed17751491377efea06653647711101cde77b9300565492491e" :GENERATION-LAW-REF (:SEMANTIC-BUNDLE-EMPTY-GENERATED-REGISTRY-V1 :SATURATED-CODATA-REGISTRY-V1) :REGISTRY-ROOT-IDENTITY "dca73d99a3c78f8cb87d90d5f900d7ce53fcdf985b21d5244405c40894dcb098") :SEMANTIC-CONSEQUENCE-TRANSPORT-REGISTRY-REF #S(SEMANTIC-REGISTRY-ROOT-V1 :REGISTRY-KIND :SEMANTIC-CONSEQUENCE-TRANSPORT-REGISTRY-V1 :SCHEMA-VERSION 1 :ROWS NIL :ROW-REFS NIL :ROW-COUNT 0 :REGISTRY-DIGEST "88550f49781c879a657daea01b223c04f854fb59a2eca140fef80077d05c69fd" :GENERATION-LAW-REF (:SEMANTIC-BUNDLE-EMPTY-GENERATED-REGISTRY-V1 :SEMANTIC-CONSEQUENCE-TRANSPORT-REGISTRY-V1) :REGISTRY-ROOT-IDENTITY "943bf24cbe9680fadfa99fa7dc38009fdde31661e341a489aa696e680ba483ce") :GENERATED-REGISTRY-SET-IDENTITY #11="406a872cd8800e2b0f42b4278a3dfce7583933dbd72da685ce2b91d1fb71e92e") :CLOSURE #S(SEMANTIC-BUNDLE-CLOSURE-V1 :BUNDLE-PRECLOSURE-REF #6# :BASE-REGISTRY-SET-REF #5# :GENERATED-REGISTRY-SET-REF #11# :CHILD-CLOSURE-REFS NIL :CLOSURE-LAW-SET-REF :SHG-STRUCTURAL-PRODUCTION-V1 :STRUCTURAL-VALIDATION-REF "727d707768646dcb7b4b84d29851772d04a4854c2e74c1b0e14dbd718a900357" :REGISTRY-GENERATION-WITNESS-REFS (#7# #8# #9# #10#) :UNRESOLVED-IMPORT-REFS NIL :MANDATORY-HOLE-REFS ("25f795ed488a1d42621ce7551801fab2f301ab6c67c4823f945ac9605db46f25" "63b3d8963713c8c7eba16a7d6b8ba1091ce6d1411a2b636ad8fa6caf453413ef" "7f918e98d58714e2a52cc0a13528f2ad00d7a824bbdcbf2627f1224a3ed6a1d2" "8cd8140b658c6f626e31707503bba37fd82e936b66b8297db5e6cc215c533d13" "dd726e6daaf442333f270a54fcfb99a9b1605955b054f6b438b61591ab6c5bfb" "e9f88c571c3af99a2aff6ae2e8aac18c550f3427f2534b4ecb9daacc969f5f7e") :CLOSURE-STATUS :PARTIAL :BUNDLE-SNAPSHOT-REF #S(SEMANTIC-BUNDLE-SNAPSHOT-REF-V1 :BUNDLE-REF #6# :BASE-REGISTRY-SET-REF #5# :GENERATED-REGISTRY-SET-REF #11# :CLOSURE-LAW-SET-REF :SHG-STRUCTURAL-PRODUCTION-V1 :SNAPSHOT-IDENTITY #12="39952b83ccd456b448a9304323d66b26ad60499aaaabf630d5b8a5cb77317afd") :CLOSURE-IDENTITY "8e400a233dce2fcab04502098630690c2bb56da9f19fdca6aefde05bb6791849") :ENVELOPE-IDENTITY "a88db2b6fdcb243b64f31258de6c11614472928303dae22aa7e08abc117a9458") :ADDRESS-INDEX ((:ADDRESS #S(SEMANTIC-BUNDLE-ROW-ADDRESS-V1 :DOMAIN :SEMANTIC :BUNDLE-OCCURRENCE-PATH #13=#S(SEMANTIC-SCOPE-PATH-V1 :SEGMENT-TOKENS # :SCOPE-IDENTITY "2da58a52b6d2b80dc017f5deac5a422849e9c31aaaab8690e86c30f9bed64c0f") :BUNDLE-SNAPSHOT-REF #12# :REGISTRY-KIND :MEMBER-REGISTRY-V1 :ROW-REF "0466c4dd8666e059c49a9d422f40b243dd28101cb1da03beecc654528985423e" :FACET-REF NIL :LINEAGE-REF #S(CONSTRUCTION-LINEAGE-REF-V1 :LINEAGE-KEY # :PREDECESSOR-REF NIL :LINEAGE-IDENTITY "adeb383b3e501661b1d37de94ea2e18aa04b68f8d8938db99638d5d41add3ef0") :ADDRESS-IDENTITY "208a2d31eed91162767ad07b615b06fee5e3c8ec010ca4c510dd972e71384291") :LOGICAL-ADDRESS (:SHG-ADDRESS-V1 :CYCLE-GRAPH-019AA2F4A950221AEA6D24337B6CC5A7EC9AC81FC62AE71AB8740E97AF2F54D4 1 #1# :SEMANTIC-HYPERGRAPH :CYCLE-GRAPH-019AA2F4A950221AEA6D24337B6CC5A7EC9AC81FC62AE71AB8740E97AF2F54D4) :OBJECT #S(SHG-OBJECT-V1 :KIND :SEMANTIC-HYPERGRAPH :ID :CYCLE-GRAPH-019AA2F4A950221AEA6D24337B6CC5A7EC9AC81FC62AE71AB8740E97AF2F54D4 :FIELDS (:VERSION # :GENERATION 1 :SOURCE-REF #4# :ONTOLOGY-REF "b30959eb1a8f31ed3a107bd98e817414392e9ed6199a8683feb10c320082f63a") :IDENTITY "1dce24d134f6d4268b130d7cf6db5c9952934be4ff77f8797408e14e2e383365")) (:ADDRESS #S(SEMANTIC-BUNDLE-ROW-ADDRESS-V1 :DOMAIN :SEMANTIC :BUNDLE-OCCURRENCE-PATH #13# :BUNDLE-SNAPSHOT-REF #12# :REGISTRY-KIND :MEMBER-REGISTRY-V1 :ROW-REF "f5f21bb523d1c079406ae197338187c2858770bd73b54a1709e53643c144f736" :FACET-REF NIL :LINEAGE-REF #S(CONSTRUCTION-LINEAGE-REF-V1 :LINEAGE-KEY # :PREDECESSOR-REF NIL :LINEAGE-IDENTITY "a41374ca203db6ec7746de827cc77e1e3acf27bc6ba95a405ec213f7e0b7cceb") :ADDRESS-IDENTITY "3d4470d7de58ef16cf53c8a5b0ec43cd3c7be7e02487b014430ba359f7965438") :LOGICAL-ADDRESS (:SHG-ADDRESS-V1 :CYCLE-GRAPH-019AA2F4A950221AEA6D24337B6CC5A7EC9AC81FC62AE71AB8740E97AF2F54D4 1 #1# :TRANSFORMATION #14=(:TRANSFORMATION :INSTANTIATE)) :OBJECT #S(SHG-OBJECT-V1 :KIND :TRANSFORMATION :ID #14# :FIELDS (:REQUIRES # :PRODUCES #) :IDENTITY "a60b1c7b764597b5a85f2497145ea1d6565c6ceca19f8bcd444d8ccf4a99c317")) (:ADDRESS #S(SEMANTIC-BUNDLE-ROW-ADDRESS-V1 :DOMAIN :SEMANTIC :BUNDLE-OCCURRENCE-PATH #13# :BUNDLE-SNAPSHOT-REF #12# :REGISTRY-KIND :MEMBER-REGISTRY-V1 :ROW-REF "ef0455e85758ba9e35058f186bf84367f1513da954012320755d41678552a3d5" :FACET-REF NIL :LINEAGE-REF #S(CONSTRUCTION-LINEAGE-REF-V1 :LINEAGE-KEY # :PREDECESSOR-REF NIL :LINEAGE-IDENTITY "6e8b0b5d4fafc2e3b02222f15fc194b2782d25c10d1b84d3b9cbb5ad7d774bc0") :ADDRESS-IDENTITY "71a10ed1652e70f5d0e34f30fee67ea4b63bc599343c6f45534ac82ccea28731") :LOGICAL-ADDRESS (:SHG-ADDRESS-V1 :CYCLE-GRAPH-019AA2F4A950221AEA6D24337B6CC5A7EC9AC81FC62AE71AB8740E97AF2F54D4 1 #1# :TRANSFORMATION #15=(:TRANSFORMATION :OPEN-BODY)) :OBJECT #S(SHG-OBJECT-V1 :KIND :TRANSFORMATION :ID #15# :FIELDS (:REQUIRES # :PRODUCES #) :IDENTITY "ae4162a5f7c5988c8013128e98bade13db6e7e0bcb08a74dc4c231c6835d7040")) (:ADDRESS #S(SEMANTIC-BUNDLE-ROW-ADDRESS-V1 :DOMAIN :SEMANTIC :BUNDLE-OCCURRENCE-PATH #13# :BUNDLE-SNAPSHOT-REF #12# :REGISTRY-KIND :MEMBER-REGISTRY-V1 :ROW-REF "fd5f7f762b26022ab32894afeb4bdf7b3f5fa75ff1e59bf433c565c802afd4f5" :FACET-REF NIL :LINEAGE-REF #S(CONSTRUCTION-LINEAGE-REF-V1 :LINEAGE-KEY # :PREDECESSOR-REF NIL :LINEAGE-IDENTITY "31cecd730eadb79cac8999a7c60611ed5c3a1b71c67850564da3055c8560868b") :ADDRESS-IDENTITY "a4bbf12501e255d753d658164825b35513e982dd73bfe7068c70132a0ecdced5") :LOGICAL-ADDRESS (:SHG-ADDRESS-V1 :CYCLE-GRAPH-019AA2F4A950221AEA6D24337B6CC5A7EC9AC81FC62AE71AB8740E97AF2F54D4 1 #1# :TRANSFORMATION #16=(:TRANSFORMATION :NEST)) :OBJECT #S(SHG-OBJECT-V1 :KIND :TRANSFORMATION :ID #16# :FIELDS (:REQUIRES # :PRODUCES #) :IDENTITY "7fa2064943c302cddea7658cf7cc149bbd59213285cd1c282b8ea3b336599ecc")) (:ADDRESS #S(SEMANTIC-BUNDLE-ROW-ADDRESS-V1 :DOMAIN :SEMANTIC :BUNDLE-OCCURRENCE-PATH #13# :BUNDLE-SNAPSHOT-REF #12# :REGISTRY-KIND :MEMBER-REGISTRY-V1 :ROW-REF "b477b549c75de49334607f1535fcf74fa28837cad974b57b5dfc1946c19d61a8" :FACET-REF NIL :LINEAGE-REF #S(CONSTRUCTION-LINEAGE-REF-V1 :LINEAGE-KEY # :PREDECESSOR-REF NIL :LINEAGE-IDENTITY "030181290416f0f8308409e394ee99cf82666205a9da476bf5822eb522670090") :ADDRESS-IDENTITY "6e7a07fea828d6415c0db9a63893ff262498964f0a12eb23953adb027e7f1fa0") :LOGICAL-ADDRESS (:SHG-ADDRESS-V1 :CYCLE-GRAPH-019AA2F4A950221AEA6D24337B6CC5A7EC9AC81FC62AE71AB8740E97AF2F54D4 1 #1# :TRANSFORMATION #17=(:TRANSFORMATION :RELATE)) :OBJECT #S(SHG-OBJECT-V1 :KIND :TRANSFORMATION :ID #17# :FIELDS (:REQUIRES # :PRODUCES #) :IDENTITY "8953f3f74cbab02ae37d9ccc8a17dfffa03c064781f24d91809784f8938075d3")) (:ADDRESS #S(SEMANTIC-BUNDLE-ROW-ADDRESS-V1 :DOMAIN :SEMANTIC :BUNDLE-OCCURRENCE-PATH #13# :BUNDLE-SNAPSHOT-REF #12# :REGISTRY-KIND :MEMBER-REGISTRY-V1 :ROW-REF "c74f88b326fa9521cba3848feed0edb323ac5d5f8a4e13e72ef9e84fa1c60b34" :FACET-REF NIL :LINEAGE-REF #S(CONSTRUCTION-LINEAGE-REF-V1 :LINEAGE-KEY # :PREDECESSOR-REF NIL :LINEAGE-IDENTITY "fc0d9d2301f21dbed35504adcb59ac72c26a8e0e7fdf81f51dfc904b3653416b") :ADDRESS-IDENTITY "10e52b3162847630fdf6f1f735c6fde7a7bf54a3a40377f3792915aa8267ecbc") :LOGICAL-ADDRESS (:SHG-ADDRESS-V1 :CYCLE-GRAPH-019AA2F4A950221AEA6D24337B6CC5A7EC9AC81FC62AE71AB8740E97AF2F54D4 1 #1# :TRANSFORMATION #18=(:TRANSFORMATION :DERIVE-DEPENDENCY)) :OBJECT #S(SHG-OBJECT-V1 :KIND :TRANSFORMATION :ID #18# :FIELDS (:REQUIRES # :PRODUCES #) :IDENTITY "9fca5e71dd543e5893a805b6dfb6cfddaf2db5147fa0523cfee6f0526a090e88")) (:ADDRESS #S(SEMANTIC-BUNDLE-ROW-ADDRESS-V1 :DOMAIN :SEMANTIC :BUNDLE-OCCURRENCE-PATH #13# :BUNDLE-SNAPSHOT-REF #12# :REGISTRY-KIND :MEMBER-REGISTRY-V1 :ROW-REF "fc550e940265cf35fa1e76da1fb9c94dd0ecf8ae10fb07e306c4fe12a7f02679" :FACET-REF NIL :LINEAGE-REF #S(CONSTRUCTION-LINEAGE-REF-V1 :LINEAGE-KEY # :PREDECESSOR-REF NIL :LINEAGE-IDENTITY "28d2cb5eb6be4da6c4d013ef72fadfcebafd4c5f80954f26dd02eff8ed7c77a9") :ADDRESS-IDENTITY "d9e23dfc48c35d22f0bf40be3014f39f06b3fa77d4814155e57592eb810c12d6") :LOGICAL-ADDRESS (:SHG-ADDRESS-V1 :CYCLE-GRAPH-019AA2F4A950221AEA6D24337B6CC5A7EC9AC81FC62AE71AB8740E97AF2F54D4 1 #1# :TRANSFORMATION #19=(:TRANSFORMATION :REFINE)) :OBJECT #S(SHG-OBJECT-V1 :KIND :TRANSFORMATION :ID #19# :FIELDS (:REQUIRES # :PRODUCES #) :IDENTITY "d89694ec884f532504188f9fc2dac5c0f90240c3c63e8ee2524c608c8516d302")) (:ADDRESS #S(SEMANTIC-BUNDLE-ROW-ADDRESS-V1 :DOMAIN :SEMANTIC :BUNDLE-OCCURRENCE-PATH #13# :BUNDLE-SNAPSHOT-REF #12# :REGISTRY-KIND :MEMBER-REGISTRY-V1 :ROW-REF "0770585e3008fee82f56cabf40208ca4b0be0319ede59744cae52b6f9fd9c001" :FACET-REF NIL :LINEAGE-REF #S(CONSTRUCTION-LINEAGE-REF-V1 :LINEAGE-KEY # :PREDECESSOR-REF NIL :LINEAGE-IDENTITY "b23bddf5e7d4fac855e508cca3ccf98cc03cbea2d1d953f0fb7f3104d962b430") :ADDRESS-IDENTITY "ebdacd09e8f6ff66131e1204008eead321c855f3d37f140dfac80589843e4d7a") :LOGICAL-ADDRESS (:SHG-ADDRESS-V1 :CYCLE-GRAPH-019AA2F4A950221AEA6D24337B6CC5A7EC9AC81FC62AE71AB8740E97AF2F54D4 1 #1# :TRANSFORMATION #20=(:TRANSFORMATION :REVISE)) :OBJECT #S(SHG-OBJECT-V1 :KIND :TRANSFORMATION :ID #20# :FIELDS (:REQUIRES # :PRODUCES #) :IDENTITY "660b9234b7e4fab657f39125be96d4833ab8c4518a627b11b0876618eb124a16")) (:ADDRESS #S(SEMANTIC-BUNDLE-ROW-ADDRESS-V1 :DOMAIN :SEMANTIC :BUNDLE-OCCURRENCE-PATH #13# :BUNDLE-SNAPSHOT-REF #12# :REGISTRY-KIND :MEMBER-REGISTRY-V1 :ROW-REF "213808ed69eb28c407ab4f52d84d0605120007c8506be0775eb2853c60d0dd6d" :FACET-REF NIL :LINEAGE-REF #S(CONSTRUCTION-LINEAGE-REF-V1 :LINEAGE-KEY # :PREDECESSOR-REF NIL :LINEAGE-IDENTITY "7afd6896d976f0eb606d59c1e1c2d3166552b8514a46833c9484b61e316ab66a") :ADDRESS-IDENTITY "f672ffa4019baad5e9bc57b6c5f535136853460f24df29d4b1825b3f7d5009b8") :LOGICAL-ADDRESS (:SHG-ADDRESS-V1 :CYCLE-GRAPH-019AA2F4A950221AEA6D24337B6CC5A7EC9AC81FC62AE71AB8740E97AF2F54D4 1 #1# :TRANSFORMATION #21=(:TRANSFORMATION :ADMIT)) :OBJECT #S(SHG-OBJECT-V1 :KIND :TRANSFORMATION :ID #21# :FIELDS (:REQUIRES # :PRODUCES #) :IDENTITY "e58b3231aa7cdc64b0a10cd89bd7dd74a72ab1a271b120e8636ab6113b2ff246")) (:ADDRESS #S(SEMANTIC-BUNDLE-ROW-ADDRESS-V1 :DOMAIN :SEMANTIC :BUNDLE-OCCURRENCE-PATH #13# :BUNDLE-SNAPSHOT-REF #12# :REGISTRY-KIND :MEMBER-REGISTRY-V1 :ROW-REF "d41284b8d2c1f93ac4b3768024f2a6861da99a6593e7e15237e21462cc87d4dd" :FACET-REF NIL :LINEAGE-REF #S(CONSTRUCTION-LINEAGE-REF-V1 :LINEAGE-KEY # :PREDECESSOR-REF NIL :LINEAGE-IDENTITY "cea6a77bac5cd8959156dcc91b17d6ec502b30575e771a8aa03c63547a85abcb") :ADDRESS-IDENTITY "617b3fabf4db59e0bccb66b1feac0de80f73b1c32b3392cc7b1034c747c3c89d") :LOGICAL-ADDRESS (:SHG-ADDRESS-V1 :CYCLE-GRAPH-019AA2F4A950221AEA6D24337B6CC5A7EC9AC81FC62AE71AB8740E97AF2F54D4 1 #1# :PROJECTION #22=(:PROJECTION :STRUCTURAL)) :OBJECT #S(SHG-OBJECT-V1 :KIND :PROJECTION :ID #22# :FIELDS (:SELECT #) :IDENTITY "cbaee7412d0c0aa57d5672e467ff102ec671c42508fdc88892c636c1f4da274e")) (:ADDRESS #S(SEMANTIC-BUNDLE-ROW-ADDRESS-V1 :DOMAIN :SEMANTIC :BUNDLE-OCCURRENCE-PATH #13# :BUNDLE-SNAPSHOT-REF #12# :REGISTRY-KIND :MEMBER-REGISTRY-V1 :ROW-REF "7df1ec268aa153fc583ae281d9db9e05b0d86c4436f99491254de3f6d327cb3e" :FACET-REF NIL :LINEAGE-REF #S(CONSTRUCTION-LINEAGE-REF-V1 :LINEAGE-KEY # :PREDECESSOR-REF NIL :LINEAGE-IDENTITY "7339377700af45bf25cfaaf4329d52c9c6c1f027e82c3b959d8de1c3effefb82") :ADDRESS-IDENTITY "611695a853cf04caf21096781e70aeeb2f076dc28aaa5237fdcfb12c38d1bfaa") :LOGICAL-ADDRESS (:SHG-ADDRESS-V1 :CYCLE-GRAPH-019AA2F4A950221AEA6D24337B6CC5A7EC9AC81FC62AE71AB8740E97AF2F54D4 1 #1# :PROJECTION #23=(:PROJECTION :OPERATIONAL)) :OBJECT #S(SHG-OBJECT-V1 :KIND :PROJECTION :ID #23# :FIELDS (:SELECT #) :IDENTITY "ad1ab05458932674f56ee217258311784278121402dc5ff6cacf5d76f3107d8a")) (:ADDRESS #S(SEMANTIC-BUNDLE-ROW-ADDRESS-V1 :DOMAIN :SEMANTIC :BUNDLE-OCCURRENCE-PATH #13# :BUNDLE-SNAPSHOT-REF #12# :REGISTRY-KIND :MEMBER-REGISTRY-V1 :ROW-REF "9a816db3341b8074952b89fc023c7983a29a2868b1dcda759dd5bc1c591032e7" :FACET-REF NIL :LINEAGE-REF #S(CONSTRUCTION-LINEAGE-REF-V1 :LINEAGE-KEY # :PREDECESSOR-REF NIL :LINEAGE-IDENTITY "c39ca25ed90224fcc833af65dfdec440c9d732059757fc87570157d3c236140b") :ADDRESS-IDENTITY "8a7babd62fab37ddf87b902bf0abe9a3f21b0a1f3a9889dd990339bf960936d6") :LOGICAL-ADDRESS (:SHG-ADDRESS-V1 :CYCLE-GRAPH-019AA2F4A950221AEA6D24337B6CC5A7EC9AC81FC62AE71AB8740E97AF2F54D4 1 #1# :PROJECTION #24=(:PROJECTION :DEPENDENCY)) :OBJECT #S(SHG-OBJECT-V1 :KIND :PROJECTION :ID #24# :FIELDS (:SELECT #) :IDENTITY "c6ca405a5de86fe2d265f595b9e20731e33efc340c86b7e69e56ac2ab48eedd2")) ...) ...) "63cd7669632f2de9be2693600a26a043654b9eec61013f6df5bda01105b79e03")
6: ((LAMBDA NIL :IN "/home/user0/FIM/synthesis/retain_fim_formal_obligation.lisp"))
7: (SB-INT:SIMPLE-EVAL-IN-LEXENV (LET* ((ARTIFACT (WITH-OPEN-FILE (IN #) (LET # #))) (GRAPHS (LABELS (#) (WALK ARTIFACT))) (OWNER (FIND-IF (LAMBDA # #) GRAPHS))) (UNLESS OWNER (ERROR "FIM native subject not found")) (LET ((OBJECT (RESOLVE-SEMANTIC-HYPERGRAPH-ADDRESS-V1 OWNER #))) (UNLESS (AND (EQ # :OPERATION) (EQUAL # #)) (ERROR "FIM native subject/snapshot correspondence mismatch")))) #<NULL-LEXENV>)
8: (SB-EXT:EVAL-TLF (LET* ((ARTIFACT (WITH-OPEN-FILE (IN #) (LET # #))) (GRAPHS (LABELS (#) (WALK ARTIFACT))) (OWNER (FIND-IF (LAMBDA # #) GRAPHS))) (UNLESS OWNER (ERROR "FIM native subject not found")) (LET ((OBJECT (RESOLVE-SEMANTIC-HYPERGRAPH-ADDRESS-V1 OWNER #))) (UNLESS (AND (EQ # :OPERATION) (EQUAL # #)) (ERROR "FIM native subject/snapshot correspondence mismatch")))) 9 NIL)
9: ((LABELS SB-FASL::EVAL-FORM :IN SB-INT:LOAD-AS-SOURCE) (LET* ((ARTIFACT (WITH-OPEN-FILE (IN #) (LET # #))) (GRAPHS (LABELS (#) (WALK ARTIFACT))) (OWNER (FIND-IF (LAMBDA # #) GRAPHS))) (UNLESS OWNER (ERROR "FIM native subject not found")) (LET ((OBJECT (RESOLVE-SEMANTIC-HYPERGRAPH-ADDRESS-V1 OWNER #))) (UNLESS (AND (EQ # :OPERATION) (EQUAL # #)) (ERROR "FIM native subject/snapshot correspondence mismatch")))) 9)
10: ((LAMBDA (SB-KERNEL:FORM &KEY :CURRENT-INDEX &ALLOW-OTHER-KEYS) :IN SB-INT:LOAD-AS-SOURCE) (LET* ((ARTIFACT (WITH-OPEN-FILE (IN #) (LET # #))) (GRAPHS (LABELS (#) (WALK ARTIFACT))) (OWNER (FIND-IF (LAMBDA # #) GRAPHS))) (UNLESS OWNER (ERROR "FIM native subject not found")) (LET ((OBJECT (RESOLVE-SEMANTIC-HYPERGRAPH-ADDRESS-V1 OWNER #))) (UNLESS (AND (EQ # :OPERATION) (EQUAL # #)) (ERROR "FIM native subject/snapshot correspondence mismatch")))) :CURRENT-INDEX 9)
11: (SB-C::%DO-FORMS-FROM-INFO #<FUNCTION (LAMBDA (SB-KERNEL:FORM &KEY :CURRENT-INDEX &ALLOW-OTHER-KEYS) :IN SB-INT:LOAD-AS-SOURCE) {10013609CB}> #<SB-C::SOURCE-INFO {1001360993}> SB-C::INPUT-ERROR-IN-LOAD)
12: (SB-INT:LOAD-AS-SOURCE #<SB-SYS:FD-STREAM for "file /home/user0/FIM/synthesis/retain_fim_formal_obligation.lisp" {1001337733}> :VERBOSE NIL :PRINT NIL :CONTEXT "loading")
13: ((LABELS SB-FASL::LOAD-STREAM-1 :IN LOAD) #<SB-SYS:FD-STREAM for "file /home/user0/FIM/synthesis/retain_fim_formal_obligation.lisp" {1001337733}> NIL)
14: (SB-FASL::CALL-WITH-LOAD-BINDINGS #<FUNCTION (LABELS SB-FASL::LOAD-STREAM-1 :IN LOAD) {7DF5B427F82B}> #<SB-SYS:FD-STREAM for "file /home/user0/FIM/synthesis/retain_fim_formal_obligation.lisp" {1001337733}> NIL #<SB-SYS:FD-STREAM for "file /home/user0/FIM/synthesis/retain_fim_formal_obligation.lisp" {1001337733}>)
15: (LOAD #<SB-SYS:FD-STREAM for "file /home/user0/FIM/synthesis/retain_fim_formal_obligation.lisp" {1001337733}> :VERBOSE NIL :PRINT NIL :IF-DOES-NOT-EXIST :ERROR :EXTERNAL-FORMAT :DEFAULT)
16: ((FLET SB-IMPL::LOAD-SCRIPT :IN SB-IMPL::PROCESS-SCRIPT) #<SB-SYS:FD-STREAM for "file /home/user0/FIM/synthesis/retain_fim_formal_obligation.lisp" {1001337733}>)
17: ((FLET SB-UNIX::BODY :IN SB-IMPL::PROCESS-SCRIPT))
18: ((FLET "WITHOUT-INTERRUPTS-BODY-11" :IN SB-IMPL::PROCESS-SCRIPT))
19: (SB-IMPL::PROCESS-SCRIPT "/home/user0/FIM/synthesis/retain_fim_formal_obligation.lisp")
20: (SB-IMPL::TOPLEVEL-INIT)
21: ((FLET SB-UNIX::BODY :IN SB-IMPL::START-LISP))
22: ((FLET "WITHOUT-INTERRUPTS-BODY-3" :IN SB-IMPL::START-LISP))
23: (SB-IMPL::%START-LISP)

unhandled condition in --disable-debugger mode, quitting
