
; file: /home/user0/FIM/deps/goggles-shg-growth/lisp/semantic_algebra_search_v1.lisp
; in: DEFUN LSIP:REALIZE-SEMANTIC-ALGEBRA-NATIVE-SEARCH-ARCHIVE-SLICE-V1
;     (LSIP:REALIZE-SEARCH-ARCHIVE-SLICE-V1 :MESO
;                                           LSIP::*SEARCH-MESO-ALGEBRA-STATE-CANONICALIZER-ID-V1*
;                                           :SEARCH-ARCHIVE-IDENTITY-V1
;                                           LSIP::*SEARCH-MESO-ALGEBRA-QUOTIENT-WITNESS-KIND-V1*
;                                           :ARCHIVE-IDENTITY-ID :MACHINE
;                                           LSIP:*MACHINE-STATE* :META
;                                           (APPEND
;                                            (LIST :SOURCE
;                                                  :SEMANTIC-ALGEBRA-NATIVE-SEARCH-ARCHIVE
;                                                  :EQUIVALENCE-SCOPE
;                                                  :SEMANTIC-ALGEBRA-EXPRESSION-V1
;                                                  :CONSTITUTIONAL-EQUIVALENCE
;                                                  :APPLIED)
;                                            LSIP::META))
; 
; caught WARNING:
;   undefined variable: LSIP::*SEARCH-MESO-ALGEBRA-QUOTIENT-WITNESS-KIND-V1*
; 
; caught WARNING:
;   undefined variable: LSIP::*SEARCH-MESO-ALGEBRA-STATE-CANONICALIZER-ID-V1*


; file: /home/user0/FIM/deps/goggles-shg-growth/lisp/synthesis_runtime_hook_activation_v1.lisp
; in: DEFUN LSIP::SYNTHESIS-RUNTIME-HOOK-CURRENT-REF-V1
;     (ECASE LSIP::MUTATION-SURFACE
;       (:PROPOSAL-PROVIDER-HOOK
;        LSIP::*SYNTHESIS-PROPOSAL-PROVIDER-ACTIVE-COMPONENT-ID*)
;       (:PLANNER-HOOK LSIP::*SYNTHESIS-PLANNER-V2-ACTIVE-COMPONENT-ID*)
;       (:EXECUTION-HOOK LSIP::*SYNTHESIS-EXECUTION-V2-ACTIVE-COMPONENT-ID*)
;       (:ORCHESTRATOR-HOOK LSIP::*SYNTHESIS-ORCHESTRATOR-V2-ACTIVE-COMPONENT-ID*)
;       (:PROVIDER-RESOLUTION-HOOK
;        LSIP::*SYNTHESIS-PROVIDER-RESOLUTION-ACTIVE-COMPONENT-ID*)
;       (:CUTOVER-POLICY-HOOK
;        LSIP::*SYNTHESIS-AUTHORITY-CUTOVER-POLICY-ACTIVE-COMPONENT-ID*)
;       (:CONSTRUCTOR-PRIMITIVE-HOOK
;        LSIP::*SYNTHESIS-SELF-HOST-CONSTRUCTOR-PRIMITIVE-ACTIVE-COMPONENT-ID*)
;       (:CONSTRUCTOR-SERVICE-HOOK
;        LSIP::*SYNTHESIS-SELF-HOST-CONSTRUCTOR-SERVICE-ACTIVE-COMPONENT-ID*)
;       (:PROGRAM-IDENTITY-HOOK
;        LSIP::*SYNTHESIS-SELF-HOST-PROGRAM-IDENTITY-ACTIVE-COMPONENT-ID*)
;       (:CONSTRUCTOR-EXECUTOR-HOOK
;        LSIP::*SEMANTIC-CONSTRUCTOR-EXECUTOR-ACTIVE-COMPONENT-ID*)
;       ...)
; --> BLOCK WHEN IF LET WHEN IF RETURN-FROM COND IF IF IF IF IF IF IF IF IF IF 
; ==>
;   (IF (EQL #:H2 28)
;       LSIP::*SEMANTIC-CONSTRUCTOR-EXECUTOR-ACTIVE-COMPONENT-ID*
;       (IF (EQL #:H2 30)
;           LSIP::*SYNTHESIS-AUTHORITY-CUTOVER-POLICY-ACTIVE-COMPONENT-ID*
;           (IF (EQL #:H2 31)
;               LSIP::*SEMANTIC-CONSTRUCTOR-VALIDATOR-ACTIVE-COMPONENT-ID*
;               (IF (OR # # # # # # # # # # # ...)
;                   (SB-IMPL::UNREACHABLE)
;                   (THE T #)))))
; 
; caught WARNING:
;   undefined variable: LSIP::*SEMANTIC-CONSTRUCTOR-EXECUTOR-ACTIVE-COMPONENT-ID*


; file: /home/user0/FIM/deps/goggles-shg-growth/lisp/synthesis_authority_cutover_v1.lisp
; in: DEFUN LSIP:APPLY-SYNTHESIS-AUTHORITY-CUTOVER-COMPATIBILITY-V1
;     (EQUAL LSIP::*SEMANTIC-CONSTRUCTOR-EXECUTOR-ACTIVE-COMPONENT-ID*
;            LSIP::EXPECTED-CURRENT-REF)
; 
; caught WARNING:
;   undefined variable: LSIP::*SEMANTIC-CONSTRUCTOR-EXECUTOR-ACTIVE-COMPONENT-ID*

; in: DEFUN LSIP::SYNTHESIS-AUTHORITY-CUTOVER-CURRENT-REF-V1
;     (ECASE (GETF LSIP::COMMAND :MUTATION-SURFACE)
;       (:SELECTOR-HOOK
;        LSIP::*SYNTHESIS-CAPABILITY-SELECTION-V2-ACTIVE-COMPONENT-ID*)
;       (:RANKING-HOOK LSIP::*SYNTHESIS-CAPABILITY-RANKING-ACTIVE-COMPONENT-ID*)
;       (:EVALUATOR-HOOK LSIP::*SYNTHESIS-EVALUATOR-DISPATCH-ACTIVE-COMPONENT-ID*)
;       (:ADMISSION-HOOK LSIP::*SYNTHESIS-ADMISSION-ACTIVE-COMPONENT-ID*)
;       (:PLANNER-HOOK LSIP::*SYNTHESIS-PLANNER-V2-ACTIVE-COMPONENT-ID*)
;       (:PROPOSAL-PROVIDER-HOOK
;        LSIP::*SYNTHESIS-PROPOSAL-PROVIDER-ACTIVE-COMPONENT-ID*)
;       (:EXECUTION-HOOK LSIP::*SYNTHESIS-EXECUTION-V2-ACTIVE-COMPONENT-ID*)
;       (:ORCHESTRATOR-HOOK LSIP::*SYNTHESIS-ORCHESTRATOR-V2-ACTIVE-COMPONENT-ID*)
;       (:PROVIDER-RESOLUTION-HOOK
;        LSIP::*SYNTHESIS-PROVIDER-RESOLUTION-ACTIVE-COMPONENT-ID*)
;       (:CUTOVER-POLICY-HOOK
;        LSIP::*SYNTHESIS-AUTHORITY-CUTOVER-POLICY-ACTIVE-COMPONENT-ID*)
;       ...)
; --> BLOCK WHEN IF LET WHEN IF RETURN-FROM COND IF IF IF IF IF IF 
; ==>
;   (IF (EQL #:H2 25)
;       LSIP::*SEMANTIC-CONSTRUCTOR-EXECUTOR-ACTIVE-COMPONENT-ID*
;       (IF (EQL #:H2 28)
;           LSIP::*SEMANTIC-CONSTRUCTOR-VALIDATOR-ACTIVE-COMPONENT-ID*
;           (IF (EQL #:H2 29)
;               LSIP::*SYNTHESIS-SELF-HOST-PROGRAM-IDENTITY-ACTIVE-COMPONENT-ID*
;               (IF (EQL #:H2 32)
;                   LSIP::*SYNTHESIS-SELF-HOST-CONSTRUCTOR-SERVICE-ACTIVE-COMPONENT-ID*
;                   (IF #
;                       LSIP::*SYNTHESIS-CAPABILITY-RANKING-ACTIVE-COMPONENT-ID*
;                       #)))))
; 
; caught WARNING:
;   undefined variable: LSIP::*SEMANTIC-CONSTRUCTOR-EXECUTOR-ACTIVE-COMPONENT-ID*

; 
; caught WARNING:
;   1 more use of undefined variable LSIP::*SEMANTIC-CONSTRUCTOR-EXECUTOR-ACTIVE-COMPONENT-ID*


; file: /home/user0/FIM/deps/goggles-shg-growth/lisp/synthesis_self_host_predecessor_lockout_v1.lisp
; in: DEFUN LSIP::LOCKOUT-SYNTHESIS-SELF-HOST-PREDECESSORS-SH20-V1
;     (SETF LSIP::*SYNTHESIS-AUTHORITY-CUTOVER-POLICY-REFERENCE-ENABLED-P* NIL
;           LSIP::*SYNTHESIS-SELF-HOST-PROGRAM-IDENTITY-REFERENCE-ENABLED-P* NIL
;           LSIP::*SYNTHESIS-SELF-HOST-CONSTRUCTOR-PRIMITIVE-REFERENCE-ENABLED-P*
;             NIL
;           LSIP::*SEMANTIC-CONSTRUCTOR-EXECUTOR-REFERENCE-ENABLED-P* NIL
;           LSIP::*SEMANTIC-CONSTRUCTOR-SYNTHESIZER-REFERENCE-ENABLED-P* NIL
;           LSIP::*SEMANTIC-CONSTRUCTOR-VALIDATOR-REFERENCE-ENABLED-P* NIL
;           ...)
; --> SETF 
; ==>
;   (SETQ LSIP::*SEMANTIC-CONSTRUCTOR-EXECUTOR-REFERENCE-ENABLED-P* NIL)
; 
; caught WARNING:
;   undefined variable: LSIP::*SEMANTIC-CONSTRUCTOR-EXECUTOR-REFERENCE-ENABLED-P*

; in: DEFUN LSIP::SYNTHESIS-SELF-HOST-PREDECESSOR-FLAGS-SH20-V1
;     (LIST LSIP::*SYNTHESIS-AUTHORITY-CUTOVER-POLICY-REFERENCE-ENABLED-P*
;           LSIP::*SYNTHESIS-SELF-HOST-PROGRAM-IDENTITY-REFERENCE-ENABLED-P*
;           LSIP::*SYNTHESIS-SELF-HOST-CONSTRUCTOR-PRIMITIVE-REFERENCE-ENABLED-P*
;           LSIP::*SEMANTIC-CONSTRUCTOR-EXECUTOR-REFERENCE-ENABLED-P*
;           LSIP::*SEMANTIC-CONSTRUCTOR-SYNTHESIZER-REFERENCE-ENABLED-P*
;           LSIP::*SEMANTIC-CONSTRUCTOR-VALIDATOR-REFERENCE-ENABLED-P*
;           LSIP::*SYNTHESIS-SELF-HOST-CONSTRUCTOR-SERVICE-REFERENCE-ENABLED-P*
;           LSIP::*SYNTHESIS-PLANNER-V2-REFERENCE-ENABLED-P*
;           LSIP::*SYNTHESIS-CAPABILITY-SELECTION-V2-REFERENCE-ENABLED-P*
;           LSIP::*SYNTHESIS-CAPABILITY-RANKING-REFERENCE-ENABLED-P*
;           LSIP::*SYNTHESIS-PROVIDER-RESOLUTION-REFERENCE-ENABLED-P* ...)
; 
; caught WARNING:
;   undefined variable: LSIP::*SEMANTIC-CONSTRUCTOR-EXECUTOR-REFERENCE-ENABLED-P*


; file: /home/user0/FIM/deps/goggles-shg-growth/lisp/synthesis_self_host_runtime_closure_v1.lisp
; in: DEFUN LSIP::SYNTHESIS-SELF-HOST-RUNTIME-COMPONENT-ROWS-SH19-V1
;     (LIST :COMPONENT :CONSTRUCTOR-EXECUTOR :ACTIVE-REF
;           LSIP::*SEMANTIC-CONSTRUCTOR-EXECUTOR-ACTIVE-COMPONENT-ID*
;           :PREDECESSOR-REF LSIP::+SEMANTIC-CONSTRUCTOR-EXECUTOR-REFERENCE-ID-V1+
;           :PREDECESSOR-ENABLED-P
;           LSIP::*SEMANTIC-CONSTRUCTOR-EXECUTOR-REFERENCE-ENABLED-P*)
; 
; caught WARNING:
;   undefined variable: LSIP::*SEMANTIC-CONSTRUCTOR-EXECUTOR-REFERENCE-ENABLED-P*

; 
; caught WARNING:
;   2 more uses of undefined variable LSIP::*SEMANTIC-CONSTRUCTOR-EXECUTOR-REFERENCE-ENABLED-P*


; file: /home/user0/FIM/deps/goggles-shg-growth/lisp/synthesis_runtime_hook_activation_v1.lisp
; in: DEFUN LSIP::SYNTHESIS-RUNTIME-HOOK-CURRENT-REF-V1
;     (ECASE LSIP::MUTATION-SURFACE
;       (:PROPOSAL-PROVIDER-HOOK
;        LSIP::*SYNTHESIS-PROPOSAL-PROVIDER-ACTIVE-COMPONENT-ID*)
;       (:PLANNER-HOOK LSIP::*SYNTHESIS-PLANNER-V2-ACTIVE-COMPONENT-ID*)
;       (:EXECUTION-HOOK LSIP::*SYNTHESIS-EXECUTION-V2-ACTIVE-COMPONENT-ID*)
;       (:ORCHESTRATOR-HOOK LSIP::*SYNTHESIS-ORCHESTRATOR-V2-ACTIVE-COMPONENT-ID*)
;       (:PROVIDER-RESOLUTION-HOOK
;        LSIP::*SYNTHESIS-PROVIDER-RESOLUTION-ACTIVE-COMPONENT-ID*)
;       (:CUTOVER-POLICY-HOOK
;        LSIP::*SYNTHESIS-AUTHORITY-CUTOVER-POLICY-ACTIVE-COMPONENT-ID*)
;       (:CONSTRUCTOR-PRIMITIVE-HOOK
;        LSIP::*SYNTHESIS-SELF-HOST-CONSTRUCTOR-PRIMITIVE-ACTIVE-COMPONENT-ID*)
;       (:CONSTRUCTOR-SERVICE-HOOK
;        LSIP::*SYNTHESIS-SELF-HOST-CONSTRUCTOR-SERVICE-ACTIVE-COMPONENT-ID*)
;       (:PROGRAM-IDENTITY-HOOK
;        LSIP::*SYNTHESIS-SELF-HOST-PROGRAM-IDENTITY-ACTIVE-COMPONENT-ID*)
;       (:CONSTRUCTOR-EXECUTOR-HOOK
;        LSIP::*SEMANTIC-CONSTRUCTOR-EXECUTOR-ACTIVE-COMPONENT-ID*)
;       ...)
; --> BLOCK WHEN IF LET WHEN IF RETURN-FROM COND 
; ==>
;   (IF (EQL #:H2 0)
;       LSIP::*SEMANTIC-CONSTRUCTOR-SYNTHESIZER-ACTIVE-COMPONENT-ID*
;       (IF (EQL #:H2 1)
;           LSIP::*SYNTHESIS-SELF-HOST-CONSTRUCTOR-PRIMITIVE-ACTIVE-COMPONENT-ID*
;           (IF (EQL #:H2 2)
;               LSIP::*SYNTHESIS-PROVIDER-RESOLUTION-ACTIVE-COMPONENT-ID*
;               (IF (EQL #:H2 5)
;                   LSIP::*SYNTHESIS-SELF-HOST-PROGRAM-IDENTITY-ACTIVE-COMPONENT-ID*
;                   (IF #
;                       LSIP::*SYNTHESIS-SELF-HOST-SUCCESSOR-CONTROLLER-ACTIVE-COMPONENT-ID*
;                       #)))))
; 
; caught WARNING:
;   undefined variable: LSIP::*SEMANTIC-CONSTRUCTOR-SYNTHESIZER-ACTIVE-COMPONENT-ID*


; file: /home/user0/FIM/deps/goggles-shg-growth/lisp/synthesis_authority_cutover_v1.lisp
; in: DEFUN LSIP:APPLY-SYNTHESIS-AUTHORITY-CUTOVER-COMPATIBILITY-V1
;     (EQUAL LSIP::*SEMANTIC-CONSTRUCTOR-SYNTHESIZER-ACTIVE-COMPONENT-ID*
;            LSIP::EXPECTED-CURRENT-REF)
; 
; caught WARNING:
;   undefined variable: LSIP::*SEMANTIC-CONSTRUCTOR-SYNTHESIZER-ACTIVE-COMPONENT-ID*

; in: DEFUN LSIP::SYNTHESIS-AUTHORITY-CUTOVER-CURRENT-REF-V1
;     (ECASE (GETF LSIP::COMMAND :MUTATION-SURFACE)
;       (:SELECTOR-HOOK
;        LSIP::*SYNTHESIS-CAPABILITY-SELECTION-V2-ACTIVE-COMPONENT-ID*)
;       (:RANKING-HOOK LSIP::*SYNTHESIS-CAPABILITY-RANKING-ACTIVE-COMPONENT-ID*)
;       (:EVALUATOR-HOOK LSIP::*SYNTHESIS-EVALUATOR-DISPATCH-ACTIVE-COMPONENT-ID*)
;       (:ADMISSION-HOOK LSIP::*SYNTHESIS-ADMISSION-ACTIVE-COMPONENT-ID*)
;       (:PLANNER-HOOK LSIP::*SYNTHESIS-PLANNER-V2-ACTIVE-COMPONENT-ID*)
;       (:PROPOSAL-PROVIDER-HOOK
;        LSIP::*SYNTHESIS-PROPOSAL-PROVIDER-ACTIVE-COMPONENT-ID*)
;       (:EXECUTION-HOOK LSIP::*SYNTHESIS-EXECUTION-V2-ACTIVE-COMPONENT-ID*)
;       (:ORCHESTRATOR-HOOK LSIP::*SYNTHESIS-ORCHESTRATOR-V2-ACTIVE-COMPONENT-ID*)
;       (:PROVIDER-RESOLUTION-HOOK
;        LSIP::*SYNTHESIS-PROVIDER-RESOLUTION-ACTIVE-COMPONENT-ID*)
;       (:CUTOVER-POLICY-HOOK
;        LSIP::*SYNTHESIS-AUTHORITY-CUTOVER-POLICY-ACTIVE-COMPONENT-ID*)
;       ...)
; --> BLOCK WHEN IF LET WHEN IF RETURN-FROM COND IF IF IF IF IF IF IF IF IF IF 
; --> IF IF 
; ==>
;   (IF (EQL #:H2 41)
;       LSIP::*SEMANTIC-CONSTRUCTOR-SYNTHESIZER-ACTIVE-COMPONENT-ID*
;       (IF (EQL #:H2 48)
;           LSIP::*SYNTHESIS-PLANNER-V2-ACTIVE-COMPONENT-ID*
;           (IF (EQL #:H2 51)
;               LSIP::*SYNTHESIS-EXECUTION-V2-ACTIVE-COMPONENT-ID*
;               (IF (EQL #:H2 53)
;                   LSIP::*SYNTHESIS-EVALUATOR-DISPATCH-ACTIVE-COMPONENT-ID*
;                   (IF #
;                       LSIP::*SYNTHESIS-PROVIDER-RESOLUTION-ACTIVE-COMPONENT-ID*
;                       #)))))
; 
; caught WARNING:
;   undefined variable: LSIP::*SEMANTIC-CONSTRUCTOR-SYNTHESIZER-ACTIVE-COMPONENT-ID*

; 
; caught WARNING:
;   1 more use of undefined variable LSIP::*SEMANTIC-CONSTRUCTOR-SYNTHESIZER-ACTIVE-COMPONENT-ID*


; file: /home/user0/FIM/deps/goggles-shg-growth/lisp/synthesis_self_host_predecessor_lockout_v1.lisp
; in: DEFUN LSIP::LOCKOUT-SYNTHESIS-SELF-HOST-PREDECESSORS-SH20-V1
;     (SETF LSIP::*SYNTHESIS-AUTHORITY-CUTOVER-POLICY-REFERENCE-ENABLED-P* NIL
;           LSIP::*SYNTHESIS-SELF-HOST-PROGRAM-IDENTITY-REFERENCE-ENABLED-P* NIL
;           LSIP::*SYNTHESIS-SELF-HOST-CONSTRUCTOR-PRIMITIVE-REFERENCE-ENABLED-P*
;             NIL
;           LSIP::*SEMANTIC-CONSTRUCTOR-EXECUTOR-REFERENCE-ENABLED-P* NIL
;           LSIP::*SEMANTIC-CONSTRUCTOR-SYNTHESIZER-REFERENCE-ENABLED-P* NIL
;           LSIP::*SEMANTIC-CONSTRUCTOR-VALIDATOR-REFERENCE-ENABLED-P* NIL
;           ...)
; --> SETF 
; ==>
;   (SETQ LSIP::*SEMANTIC-CONSTRUCTOR-SYNTHESIZER-REFERENCE-ENABLED-P* NIL)
; 
; caught WARNING:
;   undefined variable: LSIP::*SEMANTIC-CONSTRUCTOR-SYNTHESIZER-REFERENCE-ENABLED-P*

; in: DEFUN LSIP::SYNTHESIS-SELF-HOST-PREDECESSOR-FLAGS-SH20-V1
;     (LIST LSIP::*SYNTHESIS-AUTHORITY-CUTOVER-POLICY-REFERENCE-ENABLED-P*
;           LSIP::*SYNTHESIS-SELF-HOST-PROGRAM-IDENTITY-REFERENCE-ENABLED-P*
;           LSIP::*SYNTHESIS-SELF-HOST-CONSTRUCTOR-PRIMITIVE-REFERENCE-ENABLED-P*
;           LSIP::*SEMANTIC-CONSTRUCTOR-EXECUTOR-REFERENCE-ENABLED-P*
;           LSIP::*SEMANTIC-CONSTRUCTOR-SYNTHESIZER-REFERENCE-ENABLED-P*
;           LSIP::*SEMANTIC-CONSTRUCTOR-VALIDATOR-REFERENCE-ENABLED-P*
;           LSIP::*SYNTHESIS-SELF-HOST-CONSTRUCTOR-SERVICE-REFERENCE-ENABLED-P*
;           LSIP::*SYNTHESIS-PLANNER-V2-REFERENCE-ENABLED-P*
;           LSIP::*SYNTHESIS-CAPABILITY-SELECTION-V2-REFERENCE-ENABLED-P*
;           LSIP::*SYNTHESIS-CAPABILITY-RANKING-REFERENCE-ENABLED-P*
;           LSIP::*SYNTHESIS-PROVIDER-RESOLUTION-REFERENCE-ENABLED-P* ...)
; 
; caught WARNING:
;   undefined variable: LSIP::*SEMANTIC-CONSTRUCTOR-SYNTHESIZER-REFERENCE-ENABLED-P*


; file: /home/user0/FIM/deps/goggles-shg-growth/lisp/synthesis_self_host_runtime_closure_v1.lisp
; in: DEFUN LSIP::SYNTHESIS-SELF-HOST-RUNTIME-COMPONENT-ROWS-SH19-V1
;     (LIST :COMPONENT :CONSTRUCTOR-SYNTHESIZER :ACTIVE-REF
;           LSIP::*SEMANTIC-CONSTRUCTOR-SYNTHESIZER-ACTIVE-COMPONENT-ID*
;           :PREDECESSOR-REF
;           LSIP::+SEMANTIC-CONSTRUCTOR-SYNTHESIZER-REFERENCE-ID-V1+
;           :PREDECESSOR-ENABLED-P
;           LSIP::*SEMANTIC-CONSTRUCTOR-SYNTHESIZER-REFERENCE-ENABLED-P*)
; 
; caught WARNING:
;   undefined variable: LSIP::*SEMANTIC-CONSTRUCTOR-SYNTHESIZER-REFERENCE-ENABLED-P*

; 
; caught WARNING:
;   2 more uses of undefined variable LSIP::*SEMANTIC-CONSTRUCTOR-SYNTHESIZER-REFERENCE-ENABLED-P*


; file: /home/user0/FIM/deps/goggles-shg-growth/lisp/synthesis_runtime_hook_activation_v1.lisp
; in: DEFUN LSIP::SYNTHESIS-RUNTIME-HOOK-CURRENT-REF-V1
;     (ECASE LSIP::MUTATION-SURFACE
;       (:PROPOSAL-PROVIDER-HOOK
;        LSIP::*SYNTHESIS-PROPOSAL-PROVIDER-ACTIVE-COMPONENT-ID*)
;       (:PLANNER-HOOK LSIP::*SYNTHESIS-PLANNER-V2-ACTIVE-COMPONENT-ID*)
;       (:EXECUTION-HOOK LSIP::*SYNTHESIS-EXECUTION-V2-ACTIVE-COMPONENT-ID*)
;       (:ORCHESTRATOR-HOOK LSIP::*SYNTHESIS-ORCHESTRATOR-V2-ACTIVE-COMPONENT-ID*)
;       (:PROVIDER-RESOLUTION-HOOK
;        LSIP::*SYNTHESIS-PROVIDER-RESOLUTION-ACTIVE-COMPONENT-ID*)
;       (:CUTOVER-POLICY-HOOK
;        LSIP::*SYNTHESIS-AUTHORITY-CUTOVER-POLICY-ACTIVE-COMPONENT-ID*)
;       (:CONSTRUCTOR-PRIMITIVE-HOOK
;        LSIP::*SYNTHESIS-SELF-HOST-CONSTRUCTOR-PRIMITIVE-ACTIVE-COMPONENT-ID*)
;       (:CONSTRUCTOR-SERVICE-HOOK
;        LSIP::*SYNTHESIS-SELF-HOST-CONSTRUCTOR-SERVICE-ACTIVE-COMPONENT-ID*)
;       (:PROGRAM-IDENTITY-HOOK
;        LSIP::*SYNTHESIS-SELF-HOST-PROGRAM-IDENTITY-ACTIVE-COMPONENT-ID*)
;       (:CONSTRUCTOR-EXECUTOR-HOOK
;        LSIP::*SEMANTIC-CONSTRUCTOR-EXECUTOR-ACTIVE-COMPONENT-ID*)
;       ...)
; --> BLOCK WHEN IF LET WHEN IF RETURN-FROM COND IF IF IF IF IF IF IF IF IF IF 
; --> IF IF 
; ==>
;   (IF (EQL #:H2 31)
;       LSIP::*SEMANTIC-CONSTRUCTOR-VALIDATOR-ACTIVE-COMPONENT-ID*
;       (IF (OR (EQL #:H2 3) (EQL #:H2 4) (EQL #:H2 7) (EQL #:H2 8) (EQL #:H2 9)
;               (EQL #:H2 10) (EQL #:H2 11) (EQL #:H2 12) (EQL #:H2 13)
;               (EQL #:H2 15) (EQL #:H2 16) ...)
;           (SB-IMPL::UNREACHABLE)
;           (THE T (SB-IMPL::UNREACHABLE))))
; 
; caught WARNING:
;   undefined variable: LSIP::*SEMANTIC-CONSTRUCTOR-VALIDATOR-ACTIVE-COMPONENT-ID*


; file: /home/user0/FIM/deps/goggles-shg-growth/lisp/synthesis_authority_cutover_v1.lisp
; in: DEFUN LSIP:APPLY-SYNTHESIS-AUTHORITY-CUTOVER-COMPATIBILITY-V1
;     (EQUAL LSIP::*SEMANTIC-CONSTRUCTOR-VALIDATOR-ACTIVE-COMPONENT-ID*
;            LSIP::EXPECTED-CURRENT-REF)
; 
; caught WARNING:
;   undefined variable: LSIP::*SEMANTIC-CONSTRUCTOR-VALIDATOR-ACTIVE-COMPONENT-ID*

; in: DEFUN LSIP::SYNTHESIS-AUTHORITY-CUTOVER-CURRENT-REF-V1
;     (ECASE (GETF LSIP::COMMAND :MUTATION-SURFACE)
;       (:SELECTOR-HOOK
;        LSIP::*SYNTHESIS-CAPABILITY-SELECTION-V2-ACTIVE-COMPONENT-ID*)
;       (:RANKING-HOOK LSIP::*SYNTHESIS-CAPABILITY-RANKING-ACTIVE-COMPONENT-ID*)
;       (:EVALUATOR-HOOK LSIP::*SYNTHESIS-EVALUATOR-DISPATCH-ACTIVE-COMPONENT-ID*)
;       (:ADMISSION-HOOK LSIP::*SYNTHESIS-ADMISSION-ACTIVE-COMPONENT-ID*)
;       (:PLANNER-HOOK LSIP::*SYNTHESIS-PLANNER-V2-ACTIVE-COMPONENT-ID*)
;       (:PROPOSAL-PROVIDER-HOOK
;        LSIP::*SYNTHESIS-PROPOSAL-PROVIDER-ACTIVE-COMPONENT-ID*)
;       (:EXECUTION-HOOK LSIP::*SYNTHESIS-EXECUTION-V2-ACTIVE-COMPONENT-ID*)
;       (:ORCHESTRATOR-HOOK LSIP::*SYNTHESIS-ORCHESTRATOR-V2-ACTIVE-COMPONENT-ID*)
;       (:PROVIDER-RESOLUTION-HOOK
;        LSIP::*SYNTHESIS-PROVIDER-RESOLUTION-ACTIVE-COMPONENT-ID*)
;       (:CUTOVER-POLICY-HOOK
;        LSIP::*SYNTHESIS-AUTHORITY-CUTOVER-POLICY-ACTIVE-COMPONENT-ID*)
;       ...)
; --> BLOCK WHEN IF LET WHEN IF RETURN-FROM COND IF IF IF IF IF IF IF 
; ==>
;   (IF (EQL #:H2 28)
;       LSIP::*SEMANTIC-CONSTRUCTOR-VALIDATOR-ACTIVE-COMPONENT-ID*
;       (IF (EQL #:H2 29)
;           LSIP::*SYNTHESIS-SELF-HOST-PROGRAM-IDENTITY-ACTIVE-COMPONENT-ID*
;           (IF (EQL #:H2 32)
;               LSIP::*SYNTHESIS-SELF-HOST-CONSTRUCTOR-SERVICE-ACTIVE-COMPONENT-ID*
;               (IF (EQL #:H2 34)
;                   LSIP::*SYNTHESIS-CAPABILITY-RANKING-ACTIVE-COMPONENT-ID*
;                   (IF #
;                       LSIP::*SYNTHESIS-AUTHORITY-CUTOVER-POLICY-ACTIVE-COMPONENT-ID*
;                       #)))))
; 
; caught WARNING:
;   undefined variable: LSIP::*SEMANTIC-CONSTRUCTOR-VALIDATOR-ACTIVE-COMPONENT-ID*

; 
; caught WARNING:
;   1 more use of undefined variable LSIP::*SEMANTIC-CONSTRUCTOR-VALIDATOR-ACTIVE-COMPONENT-ID*


; file: /home/user0/FIM/deps/goggles-shg-growth/lisp/synthesis_self_host_predecessor_lockout_v1.lisp
; in: DEFUN LSIP::LOCKOUT-SYNTHESIS-SELF-HOST-PREDECESSORS-SH20-V1
;     (SETF LSIP::*SYNTHESIS-AUTHORITY-CUTOVER-POLICY-REFERENCE-ENABLED-P* NIL
;           LSIP::*SYNTHESIS-SELF-HOST-PROGRAM-IDENTITY-REFERENCE-ENABLED-P* NIL
;           LSIP::*SYNTHESIS-SELF-HOST-CONSTRUCTOR-PRIMITIVE-REFERENCE-ENABLED-P*
;             NIL
;           LSIP::*SEMANTIC-CONSTRUCTOR-EXECUTOR-REFERENCE-ENABLED-P* NIL
;           LSIP::*SEMANTIC-CONSTRUCTOR-SYNTHESIZER-REFERENCE-ENABLED-P* NIL
;           LSIP::*SEMANTIC-CONSTRUCTOR-VALIDATOR-REFERENCE-ENABLED-P* NIL
;           ...)
; --> SETF 
; ==>
;   (SETQ LSIP::*SEMANTIC-CONSTRUCTOR-VALIDATOR-REFERENCE-ENABLED-P* NIL)
; 
; caught WARNING:
;   undefined variable: LSIP::*SEMANTIC-CONSTRUCTOR-VALIDATOR-REFERENCE-ENABLED-P*

; in: DEFUN LSIP::SYNTHESIS-SELF-HOST-PREDECESSOR-FLAGS-SH20-V1
;     (LIST LSIP::*SYNTHESIS-AUTHORITY-CUTOVER-POLICY-REFERENCE-ENABLED-P*
;           LSIP::*SYNTHESIS-SELF-HOST-PROGRAM-IDENTITY-REFERENCE-ENABLED-P*
;           LSIP::*SYNTHESIS-SELF-HOST-CONSTRUCTOR-PRIMITIVE-REFERENCE-ENABLED-P*
;           LSIP::*SEMANTIC-CONSTRUCTOR-EXECUTOR-REFERENCE-ENABLED-P*
;           LSIP::*SEMANTIC-CONSTRUCTOR-SYNTHESIZER-REFERENCE-ENABLED-P*
;           LSIP::*SEMANTIC-CONSTRUCTOR-VALIDATOR-REFERENCE-ENABLED-P*
;           LSIP::*SYNTHESIS-SELF-HOST-CONSTRUCTOR-SERVICE-REFERENCE-ENABLED-P*
;           LSIP::*SYNTHESIS-PLANNER-V2-REFERENCE-ENABLED-P*
;           LSIP::*SYNTHESIS-CAPABILITY-SELECTION-V2-REFERENCE-ENABLED-P*
;           LSIP::*SYNTHESIS-CAPABILITY-RANKING-REFERENCE-ENABLED-P*
;           LSIP::*SYNTHESIS-PROVIDER-RESOLUTION-REFERENCE-ENABLED-P* ...)
; 
; caught WARNING:
;   undefined variable: LSIP::*SEMANTIC-CONSTRUCTOR-VALIDATOR-REFERENCE-ENABLED-P*


; file: /home/user0/FIM/deps/goggles-shg-growth/lisp/synthesis_self_host_runtime_closure_v1.lisp
; in: DEFUN LSIP::SYNTHESIS-SELF-HOST-RUNTIME-COMPONENT-ROWS-SH19-V1
;     (LIST :COMPONENT :CONSTRUCTOR-VALIDATOR :ACTIVE-REF
;           LSIP::*SEMANTIC-CONSTRUCTOR-VALIDATOR-ACTIVE-COMPONENT-ID*
;           :PREDECESSOR-REF LSIP::+SEMANTIC-CONSTRUCTOR-VALIDATOR-REFERENCE-ID-V1+
;           :PREDECESSOR-ENABLED-P
;           LSIP::*SEMANTIC-CONSTRUCTOR-VALIDATOR-REFERENCE-ENABLED-P*)
; 
; caught WARNING:
;   undefined variable: LSIP::*SEMANTIC-CONSTRUCTOR-VALIDATOR-REFERENCE-ENABLED-P*

; 
; caught WARNING:
;   2 more uses of undefined variable LSIP::*SEMANTIC-CONSTRUCTOR-VALIDATOR-REFERENCE-ENABLED-P*


; file: /home/user0/FIM/deps/goggles-shg-growth/lisp/synthesis_proposal_v1.lisp
; in: DEFUN LSIP::SYNTHESIS-PROPOSAL-V1-AUTHORITY-FINGERPRINT
;     (LSIP::MAKE-SYNTHESIS-AUTHORITY-ROOTS-V1 :KERNEL
;                                              (LSIP::SYNTHESIS-OBLIGATION-V1-KERNEL-DIGEST)
;                                              :OVERLAY
;                                              LSIP::*SEMANTIC-SYNTHESIS-OVERLAY-REGISTRY*
;                                              :ADMISSIONS
;                                              LSIP::*SEMANTIC-SYNTHESIS-ADMISSION-EVIDENCE*
;                                              :LIFECYCLES
;                                              LSIP::*SEMANTIC-SYNTHESIS-LIFECYCLE-EVIDENCE*
;                                              :DAG-NODES
;                                              LSIP::*SEMANTIC-SYNTHESIS-OBLIGATION-DAG-NODES*
;                                              :DAG-EDGES ...)
; 
; caught WARNING:
;   undefined variable: LSIP::*SYNTHESIS-REALIZATION-BINDINGS-V1*


; file: /home/user0/FIM/deps/goggles-shg-growth/lisp/synthesis_self_host_v2_successor_generation_v1.lisp
; in:
;      DEFUN LSIP::SYNTHESIS-SELF-HOST-V2-CONSTRUCTOR-VALIDATOR-ACTIVATION-SH29-V1
;     (LIST LSIP::*SYNTHESIS-SELF-HOST-COMPONENT-CONSTRUCTOR-SH35-CAPABILITY-V1*)
; 
; caught WARNING:
;   undefined variable: LSIP::*SYNTHESIS-SELF-HOST-COMPONENT-CONSTRUCTOR-SH35-CAPABILITY-V1*

; in:
;      DEFUN LSIP::SYNTHESIS-SELF-HOST-V2-CONSTRUCTOR-SYNTHESIZER-ACTIVATION-SH29-V1
;     (LIST LSIP::*SYNTHESIS-SELF-HOST-COMPONENT-CONSTRUCTOR-SH35-CAPABILITY-V1*)
; 
; caught WARNING:
;   undefined variable: LSIP::*SYNTHESIS-SELF-HOST-COMPONENT-CONSTRUCTOR-SH35-CAPABILITY-V1*


; file: /home/user0/FIM/deps/goggles-shg-growth/lisp/synthesis_runtime_hook_activation_v1.lisp
; in: DEFUN LSIP::SYNTHESIS-RUNTIME-HOOK-CURRENT-REF-V1
;     (ECASE LSIP::MUTATION-SURFACE
;       (:PROPOSAL-PROVIDER-HOOK
;        LSIP::*SYNTHESIS-PROPOSAL-PROVIDER-ACTIVE-COMPONENT-ID*)
;       (:PLANNER-HOOK LSIP::*SYNTHESIS-PLANNER-V2-ACTIVE-COMPONENT-ID*)
;       (:EXECUTION-HOOK LSIP::*SYNTHESIS-EXECUTION-V2-ACTIVE-COMPONENT-ID*)
;       (:ORCHESTRATOR-HOOK LSIP::*SYNTHESIS-ORCHESTRATOR-V2-ACTIVE-COMPONENT-ID*)
;       (:PROVIDER-RESOLUTION-HOOK
;        LSIP::*SYNTHESIS-PROVIDER-RESOLUTION-ACTIVE-COMPONENT-ID*)
;       (:CUTOVER-POLICY-HOOK
;        LSIP::*SYNTHESIS-AUTHORITY-CUTOVER-POLICY-ACTIVE-COMPONENT-ID*)
;       (:CONSTRUCTOR-PRIMITIVE-HOOK
;        LSIP::*SYNTHESIS-SELF-HOST-CONSTRUCTOR-PRIMITIVE-ACTIVE-COMPONENT-ID*)
;       (:CONSTRUCTOR-SERVICE-HOOK
;        LSIP::*SYNTHESIS-SELF-HOST-CONSTRUCTOR-SERVICE-ACTIVE-COMPONENT-ID*)
;       (:PROGRAM-IDENTITY-HOOK
;        LSIP::*SYNTHESIS-SELF-HOST-PROGRAM-IDENTITY-ACTIVE-COMPONENT-ID*)
;       (:CONSTRUCTOR-EXECUTOR-HOOK
;        LSIP::*SEMANTIC-CONSTRUCTOR-EXECUTOR-ACTIVE-COMPONENT-ID*)
;       ...)
; --> BLOCK WHEN IF LET WHEN IF RETURN-FROM COND IF 
; ==>
;   (IF (EQL #:H2 1)
;       LSIP::*SYNTHESIS-SELF-HOST-CONSTRUCTOR-PRIMITIVE-ACTIVE-COMPONENT-ID*
;       (IF (EQL #:H2 2)
;           LSIP::*SYNTHESIS-PROVIDER-RESOLUTION-ACTIVE-COMPONENT-ID*
;           (IF (EQL #:H2 5)
;               LSIP::*SYNTHESIS-SELF-HOST-PROGRAM-IDENTITY-ACTIVE-COMPONENT-ID*
;               (IF (EQL #:H2 6)
;                   LSIP::*SYNTHESIS-SELF-HOST-SUCCESSOR-CONTROLLER-ACTIVE-COMPONENT-ID*
;                   (IF #
;                       LSIP::*SYNTHESIS-PLANNER-V2-ACTIVE-COMPONENT-ID*
;                       #)))))
; 
; caught WARNING:
;   undefined variable: LSIP::*SYNTHESIS-SELF-HOST-CONSTRUCTOR-PRIMITIVE-ACTIVE-COMPONENT-ID*


; file: /home/user0/FIM/deps/goggles-shg-growth/lisp/synthesis_authority_cutover_v1.lisp
; in: DEFUN LSIP:APPLY-SYNTHESIS-AUTHORITY-CUTOVER-COMPATIBILITY-V1
;     (EQUAL LSIP::*SYNTHESIS-SELF-HOST-CONSTRUCTOR-PRIMITIVE-ACTIVE-COMPONENT-ID*
;            LSIP::EXPECTED-CURRENT-REF)
; 
; caught WARNING:
;   undefined variable: LSIP::*SYNTHESIS-SELF-HOST-CONSTRUCTOR-PRIMITIVE-ACTIVE-COMPONENT-ID*

; in: DEFUN LSIP::SYNTHESIS-AUTHORITY-CUTOVER-CURRENT-REF-V1
;     (ECASE (GETF LSIP::COMMAND :MUTATION-SURFACE)
;       (:SELECTOR-HOOK
;        LSIP::*SYNTHESIS-CAPABILITY-SELECTION-V2-ACTIVE-COMPONENT-ID*)
;       (:RANKING-HOOK LSIP::*SYNTHESIS-CAPABILITY-RANKING-ACTIVE-COMPONENT-ID*)
;       (:EVALUATOR-HOOK LSIP::*SYNTHESIS-EVALUATOR-DISPATCH-ACTIVE-COMPONENT-ID*)
;       (:ADMISSION-HOOK LSIP::*SYNTHESIS-ADMISSION-ACTIVE-COMPONENT-ID*)
;       (:PLANNER-HOOK LSIP::*SYNTHESIS-PLANNER-V2-ACTIVE-COMPONENT-ID*)
;       (:PROPOSAL-PROVIDER-HOOK
;        LSIP::*SYNTHESIS-PROPOSAL-PROVIDER-ACTIVE-COMPONENT-ID*)
;       (:EXECUTION-HOOK LSIP::*SYNTHESIS-EXECUTION-V2-ACTIVE-COMPONENT-ID*)
;       (:ORCHESTRATOR-HOOK LSIP::*SYNTHESIS-ORCHESTRATOR-V2-ACTIVE-COMPONENT-ID*)
;       (:PROVIDER-RESOLUTION-HOOK
;        LSIP::*SYNTHESIS-PROVIDER-RESOLUTION-ACTIVE-COMPONENT-ID*)
;       (:CUTOVER-POLICY-HOOK
;        LSIP::*SYNTHESIS-AUTHORITY-CUTOVER-POLICY-ACTIVE-COMPONENT-ID*)
;       ...)
; --> BLOCK WHEN IF LET WHEN IF RETURN-FROM COND IF IF IF IF IF 
; ==>
;   (IF (EQL #:H2 23)
;       LSIP::*SYNTHESIS-SELF-HOST-CONSTRUCTOR-PRIMITIVE-ACTIVE-COMPONENT-ID*
;       (IF (EQL #:H2 25)
;           LSIP::*SEMANTIC-CONSTRUCTOR-EXECUTOR-ACTIVE-COMPONENT-ID*
;           (IF (EQL #:H2 28)
;               LSIP::*SEMANTIC-CONSTRUCTOR-VALIDATOR-ACTIVE-COMPONENT-ID*
;               (IF (EQL #:H2 29)
;                   LSIP::*SYNTHESIS-SELF-HOST-PROGRAM-IDENTITY-ACTIVE-COMPONENT-ID*
;                   (IF #
;                       LSIP::*SYNTHESIS-SELF-HOST-CONSTRUCTOR-SERVICE-ACTIVE-COMPONENT-ID*
;                       #)))))
; 
; caught WARNING:
;   undefined variable: LSIP::*SYNTHESIS-SELF-HOST-CONSTRUCTOR-PRIMITIVE-ACTIVE-COMPONENT-ID*

; 
; caught WARNING:
;   1 more use of undefined variable LSIP::*SYNTHESIS-SELF-HOST-CONSTRUCTOR-PRIMITIVE-ACTIVE-COMPONENT-ID*


; file: /home/user0/FIM/deps/goggles-shg-growth/lisp/synthesis_self_host_predecessor_lockout_v1.lisp
; in: DEFUN LSIP::LOCKOUT-SYNTHESIS-SELF-HOST-PREDECESSORS-SH20-V1
;     (SETF LSIP::*SYNTHESIS-AUTHORITY-CUTOVER-POLICY-REFERENCE-ENABLED-P* NIL
;           LSIP::*SYNTHESIS-SELF-HOST-PROGRAM-IDENTITY-REFERENCE-ENABLED-P* NIL
;           LSIP::*SYNTHESIS-SELF-HOST-CONSTRUCTOR-PRIMITIVE-REFERENCE-ENABLED-P*
;             NIL
;           LSIP::*SEMANTIC-CONSTRUCTOR-EXECUTOR-REFERENCE-ENABLED-P* NIL
;           LSIP::*SEMANTIC-CONSTRUCTOR-SYNTHESIZER-REFERENCE-ENABLED-P* NIL
;           LSIP::*SEMANTIC-CONSTRUCTOR-VALIDATOR-REFERENCE-ENABLED-P* NIL
;           ...)
; --> SETF 
; ==>
;   (SETQ LSIP::*SYNTHESIS-SELF-HOST-CONSTRUCTOR-PRIMITIVE-REFERENCE-ENABLED-P*
;           NIL)
; 
; caught WARNING:
;   undefined variable: LSIP::*SYNTHESIS-SELF-HOST-CONSTRUCTOR-PRIMITIVE-REFERENCE-ENABLED-P*

; in: DEFUN LSIP::SYNTHESIS-SELF-HOST-PREDECESSOR-FLAGS-SH20-V1
;     (LIST LSIP::*SYNTHESIS-AUTHORITY-CUTOVER-POLICY-REFERENCE-ENABLED-P*
;           LSIP::*SYNTHESIS-SELF-HOST-PROGRAM-IDENTITY-REFERENCE-ENABLED-P*
;           LSIP::*SYNTHESIS-SELF-HOST-CONSTRUCTOR-PRIMITIVE-REFERENCE-ENABLED-P*
;           LSIP::*SEMANTIC-CONSTRUCTOR-EXECUTOR-REFERENCE-ENABLED-P*
;           LSIP::*SEMANTIC-CONSTRUCTOR-SYNTHESIZER-REFERENCE-ENABLED-P*
;           LSIP::*SEMANTIC-CONSTRUCTOR-VALIDATOR-REFERENCE-ENABLED-P*
;           LSIP::*SYNTHESIS-SELF-HOST-CONSTRUCTOR-SERVICE-REFERENCE-ENABLED-P*
;           LSIP::*SYNTHESIS-PLANNER-V2-REFERENCE-ENABLED-P*
;           LSIP::*SYNTHESIS-CAPABILITY-SELECTION-V2-REFERENCE-ENABLED-P*
;           LSIP::*SYNTHESIS-CAPABILITY-RANKING-REFERENCE-ENABLED-P*
;           LSIP::*SYNTHESIS-PROVIDER-RESOLUTION-REFERENCE-ENABLED-P* ...)
; 
; caught WARNING:
;   undefined variable: LSIP::*SYNTHESIS-SELF-HOST-CONSTRUCTOR-PRIMITIVE-REFERENCE-ENABLED-P*


; file: /home/user0/FIM/deps/goggles-shg-growth/lisp/synthesis_self_host_runtime_closure_v1.lisp
; in: DEFUN LSIP::SYNTHESIS-SELF-HOST-RUNTIME-COMPONENT-ROWS-SH19-V1
;     (LIST :COMPONENT :CONSTRUCTOR-PRIMITIVE :ACTIVE-REF
;           LSIP::*SYNTHESIS-SELF-HOST-CONSTRUCTOR-PRIMITIVE-ACTIVE-COMPONENT-ID*
;           :PREDECESSOR-REF
;           LSIP::+SYNTHESIS-SELF-HOST-CONSTRUCTOR-PRIMITIVE-REFERENCE-ID-V1+
;           :PREDECESSOR-ENABLED-P
;           LSIP::*SYNTHESIS-SELF-HOST-CONSTRUCTOR-PRIMITIVE-REFERENCE-ENABLED-P*)
; 
; caught WARNING:
;   undefined variable: LSIP::*SYNTHESIS-SELF-HOST-CONSTRUCTOR-PRIMITIVE-REFERENCE-ENABLED-P*

; 
; caught WARNING:
;   2 more uses of undefined variable LSIP::*SYNTHESIS-SELF-HOST-CONSTRUCTOR-PRIMITIVE-REFERENCE-ENABLED-P*


; file: /home/user0/FIM/deps/goggles-shg-growth/lisp/synthesis_runtime_hook_activation_v1.lisp
; in: DEFUN LSIP::SYNTHESIS-RUNTIME-HOOK-CURRENT-REF-V1
;     (ECASE LSIP::MUTATION-SURFACE
;       (:PROPOSAL-PROVIDER-HOOK
;        LSIP::*SYNTHESIS-PROPOSAL-PROVIDER-ACTIVE-COMPONENT-ID*)
;       (:PLANNER-HOOK LSIP::*SYNTHESIS-PLANNER-V2-ACTIVE-COMPONENT-ID*)
;       (:EXECUTION-HOOK LSIP::*SYNTHESIS-EXECUTION-V2-ACTIVE-COMPONENT-ID*)
;       (:ORCHESTRATOR-HOOK LSIP::*SYNTHESIS-ORCHESTRATOR-V2-ACTIVE-COMPONENT-ID*)
;       (:PROVIDER-RESOLUTION-HOOK
;        LSIP::*SYNTHESIS-PROVIDER-RESOLUTION-ACTIVE-COMPONENT-ID*)
;       (:CUTOVER-POLICY-HOOK
;        LSIP::*SYNTHESIS-AUTHORITY-CUTOVER-POLICY-ACTIVE-COMPONENT-ID*)
;       (:CONSTRUCTOR-PRIMITIVE-HOOK
;        LSIP::*SYNTHESIS-SELF-HOST-CONSTRUCTOR-PRIMITIVE-ACTIVE-COMPONENT-ID*)
;       (:CONSTRUCTOR-SERVICE-HOOK
;        LSIP::*SYNTHESIS-SELF-HOST-CONSTRUCTOR-SERVICE-ACTIVE-COMPONENT-ID*)
;       (:PROGRAM-IDENTITY-HOOK
;        LSIP::*SYNTHESIS-SELF-HOST-PROGRAM-IDENTITY-ACTIVE-COMPONENT-ID*)
;       (:CONSTRUCTOR-EXECUTOR-HOOK
;        LSIP::*SEMANTIC-CONSTRUCTOR-EXECUTOR-ACTIVE-COMPONENT-ID*)
;       ...)
; --> BLOCK WHEN IF LET WHEN IF RETURN-FROM COND IF IF IF IF IF IF IF 
; ==>
;   (IF (EQL #:H2 24)
;       LSIP::*SYNTHESIS-SELF-HOST-CONSTRUCTOR-SERVICE-ACTIVE-COMPONENT-ID*
;       (IF (EQL #:H2 25)
;           LSIP::*SYNTHESIS-ORCHESTRATOR-V2-ACTIVE-COMPONENT-ID*
;           (IF (EQL #:H2 26)
;               LSIP::*SYNTHESIS-EXECUTION-V2-ACTIVE-COMPONENT-ID*
;               (IF (EQL #:H2 28)
;                   LSIP::*SEMANTIC-CONSTRUCTOR-EXECUTOR-ACTIVE-COMPONENT-ID*
;                   (IF #
;                       LSIP::*SYNTHESIS-AUTHORITY-CUTOVER-POLICY-ACTIVE-COMPONENT-ID*
;                       #)))))
; 
; caught WARNING:
;   undefined variable: LSIP::*SYNTHESIS-SELF-HOST-CONSTRUCTOR-SERVICE-ACTIVE-COMPONENT-ID*


; file: /home/user0/FIM/deps/goggles-shg-growth/lisp/synthesis_authority_cutover_v1.lisp
; in: DEFUN LSIP:APPLY-SYNTHESIS-AUTHORITY-CUTOVER-COMPATIBILITY-V1
;     (EQUAL LSIP::*SYNTHESIS-SELF-HOST-CONSTRUCTOR-SERVICE-ACTIVE-COMPONENT-ID*
;            LSIP::EXPECTED-CURRENT-REF)
; 
; caught WARNING:
;   undefined variable: LSIP::*SYNTHESIS-SELF-HOST-CONSTRUCTOR-SERVICE-ACTIVE-COMPONENT-ID*

; in: DEFUN LSIP::SYNTHESIS-AUTHORITY-CUTOVER-CURRENT-REF-V1
;     (ECASE (GETF LSIP::COMMAND :MUTATION-SURFACE)
;       (:SELECTOR-HOOK
;        LSIP::*SYNTHESIS-CAPABILITY-SELECTION-V2-ACTIVE-COMPONENT-ID*)
;       (:RANKING-HOOK LSIP::*SYNTHESIS-CAPABILITY-RANKING-ACTIVE-COMPONENT-ID*)
;       (:EVALUATOR-HOOK LSIP::*SYNTHESIS-EVALUATOR-DISPATCH-ACTIVE-COMPONENT-ID*)
;       (:ADMISSION-HOOK LSIP::*SYNTHESIS-ADMISSION-ACTIVE-COMPONENT-ID*)
;       (:PLANNER-HOOK LSIP::*SYNTHESIS-PLANNER-V2-ACTIVE-COMPONENT-ID*)
;       (:PROPOSAL-PROVIDER-HOOK
;        LSIP::*SYNTHESIS-PROPOSAL-PROVIDER-ACTIVE-COMPONENT-ID*)
;       (:EXECUTION-HOOK LSIP::*SYNTHESIS-EXECUTION-V2-ACTIVE-COMPONENT-ID*)
;       (:ORCHESTRATOR-HOOK LSIP::*SYNTHESIS-ORCHESTRATOR-V2-ACTIVE-COMPONENT-ID*)
;       (:PROVIDER-RESOLUTION-HOOK
;        LSIP::*SYNTHESIS-PROVIDER-RESOLUTION-ACTIVE-COMPONENT-ID*)
;       (:CUTOVER-POLICY-HOOK
;        LSIP::*SYNTHESIS-AUTHORITY-CUTOVER-POLICY-ACTIVE-COMPONENT-ID*)
;       ...)
; --> BLOCK WHEN IF LET WHEN IF RETURN-FROM COND IF IF IF IF IF IF IF IF IF 
; ==>
;   (IF (EQL #:H2 32)
;       LSIP::*SYNTHESIS-SELF-HOST-CONSTRUCTOR-SERVICE-ACTIVE-COMPONENT-ID*
;       (IF (EQL #:H2 34)
;           LSIP::*SYNTHESIS-CAPABILITY-RANKING-ACTIVE-COMPONENT-ID*
;           (IF (EQL #:H2 36)
;               LSIP::*SYNTHESIS-AUTHORITY-CUTOVER-POLICY-ACTIVE-COMPONENT-ID*
;               (IF (EQL #:H2 41)
;                   LSIP::*SEMANTIC-CONSTRUCTOR-SYNTHESIZER-ACTIVE-COMPONENT-ID*
;                   (IF #
;                       LSIP::*SYNTHESIS-PLANNER-V2-ACTIVE-COMPONENT-ID*
;                       #)))))
; 
; caught WARNING:
;   undefined variable: LSIP::*SYNTHESIS-SELF-HOST-CONSTRUCTOR-SERVICE-ACTIVE-COMPONENT-ID*

; 
; caught WARNING:
;   1 more use of undefined variable LSIP::*SYNTHESIS-SELF-HOST-CONSTRUCTOR-SERVICE-ACTIVE-COMPONENT-ID*


; file: /home/user0/FIM/deps/goggles-shg-growth/lisp/synthesis_self_host_predecessor_lockout_v1.lisp
; in: DEFUN LSIP::LOCKOUT-SYNTHESIS-SELF-HOST-PREDECESSORS-SH20-V1
;     (SETF LSIP::*SYNTHESIS-AUTHORITY-CUTOVER-POLICY-REFERENCE-ENABLED-P* NIL
;           LSIP::*SYNTHESIS-SELF-HOST-PROGRAM-IDENTITY-REFERENCE-ENABLED-P* NIL
;           LSIP::*SYNTHESIS-SELF-HOST-CONSTRUCTOR-PRIMITIVE-REFERENCE-ENABLED-P*
;             NIL
;           LSIP::*SEMANTIC-CONSTRUCTOR-EXECUTOR-REFERENCE-ENABLED-P* NIL
;           LSIP::*SEMANTIC-CONSTRUCTOR-SYNTHESIZER-REFERENCE-ENABLED-P* NIL
;           LSIP::*SEMANTIC-CONSTRUCTOR-VALIDATOR-REFERENCE-ENABLED-P* NIL
;           ...)
; --> SETF 
; ==>
;   (SETQ LSIP::*SYNTHESIS-SELF-HOST-CONSTRUCTOR-SERVICE-REFERENCE-ENABLED-P* NIL)
; 
; caught WARNING:
;   undefined variable: LSIP::*SYNTHESIS-SELF-HOST-CONSTRUCTOR-SERVICE-REFERENCE-ENABLED-P*

; in: DEFUN LSIP::SYNTHESIS-SELF-HOST-PREDECESSOR-FLAGS-SH20-V1
;     (LIST LSIP::*SYNTHESIS-AUTHORITY-CUTOVER-POLICY-REFERENCE-ENABLED-P*
;           LSIP::*SYNTHESIS-SELF-HOST-PROGRAM-IDENTITY-REFERENCE-ENABLED-P*
;           LSIP::*SYNTHESIS-SELF-HOST-CONSTRUCTOR-PRIMITIVE-REFERENCE-ENABLED-P*
;           LSIP::*SEMANTIC-CONSTRUCTOR-EXECUTOR-REFERENCE-ENABLED-P*
;           LSIP::*SEMANTIC-CONSTRUCTOR-SYNTHESIZER-REFERENCE-ENABLED-P*
;           LSIP::*SEMANTIC-CONSTRUCTOR-VALIDATOR-REFERENCE-ENABLED-P*
;           LSIP::*SYNTHESIS-SELF-HOST-CONSTRUCTOR-SERVICE-REFERENCE-ENABLED-P*
;           LSIP::*SYNTHESIS-PLANNER-V2-REFERENCE-ENABLED-P*
;           LSIP::*SYNTHESIS-CAPABILITY-SELECTION-V2-REFERENCE-ENABLED-P*
;           LSIP::*SYNTHESIS-CAPABILITY-RANKING-REFERENCE-ENABLED-P*
;           LSIP::*SYNTHESIS-PROVIDER-RESOLUTION-REFERENCE-ENABLED-P* ...)
; 
; caught WARNING:
;   undefined variable: LSIP::*SYNTHESIS-SELF-HOST-CONSTRUCTOR-SERVICE-REFERENCE-ENABLED-P*


; file: /home/user0/FIM/deps/goggles-shg-growth/lisp/synthesis_self_host_runtime_closure_v1.lisp
; in: DEFUN LSIP::SYNTHESIS-SELF-HOST-RUNTIME-COMPONENT-ROWS-SH19-V1
;     (LIST :COMPONENT :CONSTRUCTOR-SERVICE :ACTIVE-REF
;           LSIP::*SYNTHESIS-SELF-HOST-CONSTRUCTOR-SERVICE-ACTIVE-COMPONENT-ID*
;           :PREDECESSOR-REF
;           LSIP::+SYNTHESIS-SELF-HOST-CONSTRUCTOR-SERVICE-REFERENCE-ID-V1+
;           :PREDECESSOR-ENABLED-P
;           LSIP::*SYNTHESIS-SELF-HOST-CONSTRUCTOR-SERVICE-REFERENCE-ENABLED-P*)
; 
; caught WARNING:
;   undefined variable: LSIP::*SYNTHESIS-SELF-HOST-CONSTRUCTOR-SERVICE-REFERENCE-ENABLED-P*

; 
; caught WARNING:
;   2 more uses of undefined variable LSIP::*SYNTHESIS-SELF-HOST-CONSTRUCTOR-SERVICE-REFERENCE-ENABLED-P*


; file: /home/user0/FIM/deps/goggles-shg-growth/lisp/synthesis_runtime_hook_activation_v1.lisp
; in: DEFUN LSIP::SYNTHESIS-RUNTIME-HOOK-CURRENT-REF-V1
;     (ECASE LSIP::MUTATION-SURFACE
;       (:PROPOSAL-PROVIDER-HOOK
;        LSIP::*SYNTHESIS-PROPOSAL-PROVIDER-ACTIVE-COMPONENT-ID*)
;       (:PLANNER-HOOK LSIP::*SYNTHESIS-PLANNER-V2-ACTIVE-COMPONENT-ID*)
;       (:EXECUTION-HOOK LSIP::*SYNTHESIS-EXECUTION-V2-ACTIVE-COMPONENT-ID*)
;       (:ORCHESTRATOR-HOOK LSIP::*SYNTHESIS-ORCHESTRATOR-V2-ACTIVE-COMPONENT-ID*)
;       (:PROVIDER-RESOLUTION-HOOK
;        LSIP::*SYNTHESIS-PROVIDER-RESOLUTION-ACTIVE-COMPONENT-ID*)
;       (:CUTOVER-POLICY-HOOK
;        LSIP::*SYNTHESIS-AUTHORITY-CUTOVER-POLICY-ACTIVE-COMPONENT-ID*)
;       (:CONSTRUCTOR-PRIMITIVE-HOOK
;        LSIP::*SYNTHESIS-SELF-HOST-CONSTRUCTOR-PRIMITIVE-ACTIVE-COMPONENT-ID*)
;       (:CONSTRUCTOR-SERVICE-HOOK
;        LSIP::*SYNTHESIS-SELF-HOST-CONSTRUCTOR-SERVICE-ACTIVE-COMPONENT-ID*)
;       (:PROGRAM-IDENTITY-HOOK
;        LSIP::*SYNTHESIS-SELF-HOST-PROGRAM-IDENTITY-ACTIVE-COMPONENT-ID*)
;       (:CONSTRUCTOR-EXECUTOR-HOOK
;        LSIP::*SEMANTIC-CONSTRUCTOR-EXECUTOR-ACTIVE-COMPONENT-ID*)
;       ...)
; --> BLOCK WHEN IF LET WHEN IF RETURN-FROM COND IF IF IF 
; ==>
;   (IF (EQL #:H2 5)
;       LSIP::*SYNTHESIS-SELF-HOST-PROGRAM-IDENTITY-ACTIVE-COMPONENT-ID*
;       (IF (EQL #:H2 6)
;           LSIP::*SYNTHESIS-SELF-HOST-SUCCESSOR-CONTROLLER-ACTIVE-COMPONENT-ID*
;           (IF (EQL #:H2 14)
;               LSIP::*SYNTHESIS-PLANNER-V2-ACTIVE-COMPONENT-ID*
;               (IF (EQL #:H2 22)
;                   LSIP::*SYNTHESIS-PROPOSAL-PROVIDER-ACTIVE-COMPONENT-ID*
;                   (IF #
;                       LSIP::*SYNTHESIS-SELF-HOST-CONSTRUCTOR-SERVICE-ACTIVE-COMPONENT-ID*
;                       #)))))
; 
; caught WARNING:
;   undefined variable: LSIP::*SYNTHESIS-SELF-HOST-PROGRAM-IDENTITY-ACTIVE-COMPONENT-ID*


; file: /home/user0/FIM/deps/goggles-shg-growth/lisp/synthesis_authority_cutover_v1.lisp
; in: DEFUN LSIP:APPLY-SYNTHESIS-AUTHORITY-CUTOVER-COMPATIBILITY-V1
;     (EQUAL LSIP::*SYNTHESIS-SELF-HOST-PROGRAM-IDENTITY-ACTIVE-COMPONENT-ID*
;            LSIP::EXPECTED-CURRENT-REF)
; 
; caught WARNING:
;   undefined variable: LSIP::*SYNTHESIS-SELF-HOST-PROGRAM-IDENTITY-ACTIVE-COMPONENT-ID*

; in: DEFUN LSIP::SYNTHESIS-AUTHORITY-CUTOVER-CURRENT-REF-V1
;     (ECASE (GETF LSIP::COMMAND :MUTATION-SURFACE)
;       (:SELECTOR-HOOK
;        LSIP::*SYNTHESIS-CAPABILITY-SELECTION-V2-ACTIVE-COMPONENT-ID*)
;       (:RANKING-HOOK LSIP::*SYNTHESIS-CAPABILITY-RANKING-ACTIVE-COMPONENT-ID*)
;       (:EVALUATOR-HOOK LSIP::*SYNTHESIS-EVALUATOR-DISPATCH-ACTIVE-COMPONENT-ID*)
;       (:ADMISSION-HOOK LSIP::*SYNTHESIS-ADMISSION-ACTIVE-COMPONENT-ID*)
;       (:PLANNER-HOOK LSIP::*SYNTHESIS-PLANNER-V2-ACTIVE-COMPONENT-ID*)
;       (:PROPOSAL-PROVIDER-HOOK
;        LSIP::*SYNTHESIS-PROPOSAL-PROVIDER-ACTIVE-COMPONENT-ID*)
;       (:EXECUTION-HOOK LSIP::*SYNTHESIS-EXECUTION-V2-ACTIVE-COMPONENT-ID*)
;       (:ORCHESTRATOR-HOOK LSIP::*SYNTHESIS-ORCHESTRATOR-V2-ACTIVE-COMPONENT-ID*)
;       (:PROVIDER-RESOLUTION-HOOK
;        LSIP::*SYNTHESIS-PROVIDER-RESOLUTION-ACTIVE-COMPONENT-ID*)
;       (:CUTOVER-POLICY-HOOK
;        LSIP::*SYNTHESIS-AUTHORITY-CUTOVER-POLICY-ACTIVE-COMPONENT-ID*)
;       ...)
; --> BLOCK WHEN IF LET WHEN IF RETURN-FROM COND IF IF IF IF IF IF IF IF 
; ==>
;   (IF (EQL #:H2 29)
;       LSIP::*SYNTHESIS-SELF-HOST-PROGRAM-IDENTITY-ACTIVE-COMPONENT-ID*
;       (IF (EQL #:H2 32)
;           LSIP::*SYNTHESIS-SELF-HOST-CONSTRUCTOR-SERVICE-ACTIVE-COMPONENT-ID*
;           (IF (EQL #:H2 34)
;               LSIP::*SYNTHESIS-CAPABILITY-RANKING-ACTIVE-COMPONENT-ID*
;               (IF (EQL #:H2 36)
;                   LSIP::*SYNTHESIS-AUTHORITY-CUTOVER-POLICY-ACTIVE-COMPONENT-ID*
;                   (IF #
;                       LSIP::*SEMANTIC-CONSTRUCTOR-SYNTHESIZER-ACTIVE-COMPONENT-ID*
;                       #)))))
; 
; caught WARNING:
;   undefined variable: LSIP::*SYNTHESIS-SELF-HOST-PROGRAM-IDENTITY-ACTIVE-COMPONENT-ID*

; 
; caught WARNING:
;   1 more use of undefined variable LSIP::*SYNTHESIS-SELF-HOST-PROGRAM-IDENTITY-ACTIVE-COMPONENT-ID*


; file: /home/user0/FIM/deps/goggles-shg-growth/lisp/synthesis_self_host_predecessor_lockout_v1.lisp
; in: DEFUN LSIP::LOCKOUT-SYNTHESIS-SELF-HOST-PREDECESSORS-SH20-V1
;     (SETF LSIP::*SYNTHESIS-AUTHORITY-CUTOVER-POLICY-REFERENCE-ENABLED-P* NIL
;           LSIP::*SYNTHESIS-SELF-HOST-PROGRAM-IDENTITY-REFERENCE-ENABLED-P* NIL
;           LSIP::*SYNTHESIS-SELF-HOST-CONSTRUCTOR-PRIMITIVE-REFERENCE-ENABLED-P*
;             NIL
;           LSIP::*SEMANTIC-CONSTRUCTOR-EXECUTOR-REFERENCE-ENABLED-P* NIL
;           LSIP::*SEMANTIC-CONSTRUCTOR-SYNTHESIZER-REFERENCE-ENABLED-P* NIL
;           LSIP::*SEMANTIC-CONSTRUCTOR-VALIDATOR-REFERENCE-ENABLED-P* NIL
;           ...)
; --> SETF 
; ==>
;   (SETQ LSIP::*SYNTHESIS-SELF-HOST-PROGRAM-IDENTITY-REFERENCE-ENABLED-P* NIL)
; 
; caught WARNING:
;   undefined variable: LSIP::*SYNTHESIS-SELF-HOST-PROGRAM-IDENTITY-REFERENCE-ENABLED-P*

; in: DEFUN LSIP::SYNTHESIS-SELF-HOST-PREDECESSOR-FLAGS-SH20-V1
;     (LIST LSIP::*SYNTHESIS-AUTHORITY-CUTOVER-POLICY-REFERENCE-ENABLED-P*
;           LSIP::*SYNTHESIS-SELF-HOST-PROGRAM-IDENTITY-REFERENCE-ENABLED-P*
;           LSIP::*SYNTHESIS-SELF-HOST-CONSTRUCTOR-PRIMITIVE-REFERENCE-ENABLED-P*
;           LSIP::*SEMANTIC-CONSTRUCTOR-EXECUTOR-REFERENCE-ENABLED-P*
;           LSIP::*SEMANTIC-CONSTRUCTOR-SYNTHESIZER-REFERENCE-ENABLED-P*
;           LSIP::*SEMANTIC-CONSTRUCTOR-VALIDATOR-REFERENCE-ENABLED-P*
;           LSIP::*SYNTHESIS-SELF-HOST-CONSTRUCTOR-SERVICE-REFERENCE-ENABLED-P*
;           LSIP::*SYNTHESIS-PLANNER-V2-REFERENCE-ENABLED-P*
;           LSIP::*SYNTHESIS-CAPABILITY-SELECTION-V2-REFERENCE-ENABLED-P*
;           LSIP::*SYNTHESIS-CAPABILITY-RANKING-REFERENCE-ENABLED-P*
;           LSIP::*SYNTHESIS-PROVIDER-RESOLUTION-REFERENCE-ENABLED-P* ...)
; 
; caught WARNING:
;   undefined variable: LSIP::*SYNTHESIS-SELF-HOST-PROGRAM-IDENTITY-REFERENCE-ENABLED-P*


; file: /home/user0/FIM/deps/goggles-shg-growth/lisp/synthesis_self_host_runtime_closure_v1.lisp
; in: DEFUN LSIP::SYNTHESIS-SELF-HOST-RUNTIME-COMPONENT-ROWS-SH19-V1
;     (LIST :COMPONENT :PROGRAM-IDENTITY :ACTIVE-REF
;           LSIP::*SYNTHESIS-SELF-HOST-PROGRAM-IDENTITY-ACTIVE-COMPONENT-ID*
;           :PREDECESSOR-REF
;           LSIP::+SYNTHESIS-SELF-HOST-PROGRAM-IDENTITY-REFERENCE-ID-V1+
;           :PREDECESSOR-ENABLED-P
;           LSIP::*SYNTHESIS-SELF-HOST-PROGRAM-IDENTITY-REFERENCE-ENABLED-P*)
; 
; caught WARNING:
;   undefined variable: LSIP::*SYNTHESIS-SELF-HOST-PROGRAM-IDENTITY-REFERENCE-ENABLED-P*


; file: /home/user0/FIM/deps/goggles-shg-growth/lisp/synthesis_runtime_hook_activation_v1.lisp
; in: DEFUN LSIP::SYNTHESIS-RUNTIME-HOOK-CURRENT-REF-V1
;     (ECASE LSIP::MUTATION-SURFACE
;       (:PROPOSAL-PROVIDER-HOOK
;        LSIP::*SYNTHESIS-PROPOSAL-PROVIDER-ACTIVE-COMPONENT-ID*)
;       (:PLANNER-HOOK LSIP::*SYNTHESIS-PLANNER-V2-ACTIVE-COMPONENT-ID*)
;       (:EXECUTION-HOOK LSIP::*SYNTHESIS-EXECUTION-V2-ACTIVE-COMPONENT-ID*)
;       (:ORCHESTRATOR-HOOK LSIP::*SYNTHESIS-ORCHESTRATOR-V2-ACTIVE-COMPONENT-ID*)
;       (:PROVIDER-RESOLUTION-HOOK
;        LSIP::*SYNTHESIS-PROVIDER-RESOLUTION-ACTIVE-COMPONENT-ID*)
;       (:CUTOVER-POLICY-HOOK
;        LSIP::*SYNTHESIS-AUTHORITY-CUTOVER-POLICY-ACTIVE-COMPONENT-ID*)
;       (:CONSTRUCTOR-PRIMITIVE-HOOK
;        LSIP::*SYNTHESIS-SELF-HOST-CONSTRUCTOR-PRIMITIVE-ACTIVE-COMPONENT-ID*)
;       (:CONSTRUCTOR-SERVICE-HOOK
;        LSIP::*SYNTHESIS-SELF-HOST-CONSTRUCTOR-SERVICE-ACTIVE-COMPONENT-ID*)
;       (:PROGRAM-IDENTITY-HOOK
;        LSIP::*SYNTHESIS-SELF-HOST-PROGRAM-IDENTITY-ACTIVE-COMPONENT-ID*)
;       (:CONSTRUCTOR-EXECUTOR-HOOK
;        LSIP::*SEMANTIC-CONSTRUCTOR-EXECUTOR-ACTIVE-COMPONENT-ID*)
;       ...)
; --> BLOCK WHEN IF LET WHEN IF RETURN-FROM COND IF IF IF IF 
; ==>
;   (IF (EQL #:H2 6)
;       LSIP::*SYNTHESIS-SELF-HOST-SUCCESSOR-CONTROLLER-ACTIVE-COMPONENT-ID*
;       (IF (EQL #:H2 14)
;           LSIP::*SYNTHESIS-PLANNER-V2-ACTIVE-COMPONENT-ID*
;           (IF (EQL #:H2 22)
;               LSIP::*SYNTHESIS-PROPOSAL-PROVIDER-ACTIVE-COMPONENT-ID*
;               (IF (EQL #:H2 24)
;                   LSIP::*SYNTHESIS-SELF-HOST-CONSTRUCTOR-SERVICE-ACTIVE-COMPONENT-ID*
;                   (IF #
;                       LSIP::*SYNTHESIS-ORCHESTRATOR-V2-ACTIVE-COMPONENT-ID*
;                       #)))))
; 
; caught WARNING:
;   undefined variable: LSIP::*SYNTHESIS-SELF-HOST-SUCCESSOR-CONTROLLER-ACTIVE-COMPONENT-ID*


; file: /home/user0/FIM/deps/goggles-shg-growth/lisp/synthesis_authority_cutover_v1.lisp
; in: DEFUN LSIP:APPLY-SYNTHESIS-AUTHORITY-CUTOVER-COMPATIBILITY-V1
;     (EQUAL LSIP::*SYNTHESIS-SELF-HOST-SUCCESSOR-CONTROLLER-ACTIVE-COMPONENT-ID*
;            LSIP::EXPECTED-CURRENT-REF)
; 
; caught WARNING:
;   undefined variable: LSIP::*SYNTHESIS-SELF-HOST-SUCCESSOR-CONTROLLER-ACTIVE-COMPONENT-ID*

; in: DEFUN LSIP::SYNTHESIS-AUTHORITY-CUTOVER-CURRENT-REF-V1
;     (ECASE (GETF LSIP::COMMAND :MUTATION-SURFACE)
;       (:SELECTOR-HOOK
;        LSIP::*SYNTHESIS-CAPABILITY-SELECTION-V2-ACTIVE-COMPONENT-ID*)
;       (:RANKING-HOOK LSIP::*SYNTHESIS-CAPABILITY-RANKING-ACTIVE-COMPONENT-ID*)
;       (:EVALUATOR-HOOK LSIP::*SYNTHESIS-EVALUATOR-DISPATCH-ACTIVE-COMPONENT-ID*)
;       (:ADMISSION-HOOK LSIP::*SYNTHESIS-ADMISSION-ACTIVE-COMPONENT-ID*)
;       (:PLANNER-HOOK LSIP::*SYNTHESIS-PLANNER-V2-ACTIVE-COMPONENT-ID*)
;       (:PROPOSAL-PROVIDER-HOOK
;        LSIP::*SYNTHESIS-PROPOSAL-PROVIDER-ACTIVE-COMPONENT-ID*)
;       (:EXECUTION-HOOK LSIP::*SYNTHESIS-EXECUTION-V2-ACTIVE-COMPONENT-ID*)
;       (:ORCHESTRATOR-HOOK LSIP::*SYNTHESIS-ORCHESTRATOR-V2-ACTIVE-COMPONENT-ID*)
;       (:PROVIDER-RESOLUTION-HOOK
;        LSIP::*SYNTHESIS-PROVIDER-RESOLUTION-ACTIVE-COMPONENT-ID*)
;       (:CUTOVER-POLICY-HOOK
;        LSIP::*SYNTHESIS-AUTHORITY-CUTOVER-POLICY-ACTIVE-COMPONENT-ID*)
;       ...)
; --> BLOCK WHEN IF LET WHEN IF RETURN-FROM COND 
; ==>
;   (IF (EQL #:H2 4)
;       LSIP::*SYNTHESIS-SELF-HOST-SUCCESSOR-CONTROLLER-ACTIVE-COMPONENT-ID*
;       (IF (EQL #:H2 5)
;           LSIP::*SYNTHESIS-PROPOSAL-PROVIDER-ACTIVE-COMPONENT-ID*
;           (IF (EQL #:H2 11)
;               LSIP::*SYNTHESIS-ORCHESTRATOR-V2-ACTIVE-COMPONENT-ID*
;               (IF (EQL #:H2 13)
;                   LSIP::*SYNTHESIS-CAPABILITY-SELECTION-V2-ACTIVE-COMPONENT-ID*
;                   (IF #
;                       LSIP::*SYNTHESIS-ADMISSION-ACTIVE-COMPONENT-ID*
;                       #)))))
; 
; caught WARNING:
;   undefined variable: LSIP::*SYNTHESIS-SELF-HOST-SUCCESSOR-CONTROLLER-ACTIVE-COMPONENT-ID*

; 
; caught WARNING:
;   2 more uses of undefined variable LSIP::*SYNTHESIS-SELF-HOST-SUCCESSOR-CONTROLLER-ACTIVE-COMPONENT-ID*


; file: /home/user0/FIM/deps/goggles-shg-growth/lisp/synthesis_self_host_predecessor_lockout_v1.lisp
; in: DEFUN LSIP::LOCKOUT-SYNTHESIS-SELF-HOST-PREDECESSORS-SH20-V1
;     (SETF LSIP::*SYNTHESIS-AUTHORITY-CUTOVER-POLICY-REFERENCE-ENABLED-P* NIL
;           LSIP::*SYNTHESIS-SELF-HOST-PROGRAM-IDENTITY-REFERENCE-ENABLED-P* NIL
;           LSIP::*SYNTHESIS-SELF-HOST-CONSTRUCTOR-PRIMITIVE-REFERENCE-ENABLED-P*
;             NIL
;           LSIP::*SEMANTIC-CONSTRUCTOR-EXECUTOR-REFERENCE-ENABLED-P* NIL
;           LSIP::*SEMANTIC-CONSTRUCTOR-SYNTHESIZER-REFERENCE-ENABLED-P* NIL
;           LSIP::*SEMANTIC-CONSTRUCTOR-VALIDATOR-REFERENCE-ENABLED-P* NIL
;           ...)
; --> SETF 
; ==>
;   (SETQ LSIP::*SYNTHESIS-SELF-HOST-SUCCESSOR-CONTROLLER-REFERENCE-ENABLED-P*
;           NIL)
; 
; caught WARNING:
;   undefined variable: LSIP::*SYNTHESIS-SELF-HOST-SUCCESSOR-CONTROLLER-REFERENCE-ENABLED-P*

; in: DEFUN LSIP::SYNTHESIS-SELF-HOST-PREDECESSOR-FLAGS-SH20-V1
;     (LIST LSIP::*SYNTHESIS-AUTHORITY-CUTOVER-POLICY-REFERENCE-ENABLED-P*
;           LSIP::*SYNTHESIS-SELF-HOST-PROGRAM-IDENTITY-REFERENCE-ENABLED-P*
;           LSIP::*SYNTHESIS-SELF-HOST-CONSTRUCTOR-PRIMITIVE-REFERENCE-ENABLED-P*
;           LSIP::*SEMANTIC-CONSTRUCTOR-EXECUTOR-REFERENCE-ENABLED-P*
;           LSIP::*SEMANTIC-CONSTRUCTOR-SYNTHESIZER-REFERENCE-ENABLED-P*
;           LSIP::*SEMANTIC-CONSTRUCTOR-VALIDATOR-REFERENCE-ENABLED-P*
;           LSIP::*SYNTHESIS-SELF-HOST-CONSTRUCTOR-SERVICE-REFERENCE-ENABLED-P*
;           LSIP::*SYNTHESIS-PLANNER-V2-REFERENCE-ENABLED-P*
;           LSIP::*SYNTHESIS-CAPABILITY-SELECTION-V2-REFERENCE-ENABLED-P*
;           LSIP::*SYNTHESIS-CAPABILITY-RANKING-REFERENCE-ENABLED-P*
;           LSIP::*SYNTHESIS-PROVIDER-RESOLUTION-REFERENCE-ENABLED-P* ...)
; 
; caught WARNING:
;   undefined variable: LSIP::*SYNTHESIS-SELF-HOST-SUCCESSOR-CONTROLLER-REFERENCE-ENABLED-P*


; file: /home/user0/FIM/deps/goggles-shg-growth/lisp/synthesis_self_host_runtime_closure_v1.lisp
; in: DEFUN LSIP::SYNTHESIS-SELF-HOST-RUNTIME-COMPONENT-ROWS-SH19-V1
;     (LIST :COMPONENT :SUCCESSOR-CONTROLLER :ACTIVE-REF
;           LSIP::*SYNTHESIS-SELF-HOST-SUCCESSOR-CONTROLLER-ACTIVE-COMPONENT-ID*
;           :PREDECESSOR-REF
;           LSIP::+SYNTHESIS-SELF-HOST-SUCCESSOR-CONTROLLER-REFERENCE-ID-V1+
;           :PREDECESSOR-ENABLED-P
;           LSIP::*SYNTHESIS-SELF-HOST-SUCCESSOR-CONTROLLER-REFERENCE-ENABLED-P*)
; 
; caught WARNING:
;   undefined variable: LSIP::*SYNTHESIS-SELF-HOST-SUCCESSOR-CONTROLLER-REFERENCE-ENABLED-P*

; 
; caught WARNING:
;   8 more uses of undefined variable LSIP::*SYNTHESIS-SELF-HOST-SUCCESSOR-CONTROLLER-REFERENCE-ENABLED-P*


; file: /home/user0/FIM/deps/goggles-shg-growth/lisp/synthesis_self_host_runtime_closure_v1.lisp
; in: DEFUN LSIP::SYNTHESIS-SELF-HOST-RUNTIME-COMPONENT-ROWS-SH19-V1
;     (LIST :COMPONENT :CONSTRUCTOR-EXECUTOR :ACTIVE-REF
;           LSIP::*SEMANTIC-CONSTRUCTOR-EXECUTOR-ACTIVE-COMPONENT-ID*
;           :PREDECESSOR-REF LSIP::+SEMANTIC-CONSTRUCTOR-EXECUTOR-REFERENCE-ID-V1+
;           :PREDECESSOR-ENABLED-P
;           LSIP::*SEMANTIC-CONSTRUCTOR-EXECUTOR-REFERENCE-ENABLED-P*)
; 
; caught WARNING:
;   undefined variable: LSIP::+SEMANTIC-CONSTRUCTOR-EXECUTOR-REFERENCE-ID-V1+


; file: /home/user0/FIM/deps/goggles-shg-growth/lisp/synthesis_reconstruction_grant_v1.lisp
; in: DEFUN LSIP::VALIDATE-SYNTHESIS-RECONSTRUCTION-GRANT-SHAPE-V1
;     (EQUAL (GETF LSIP::GRANT :TARGET-ID)
;            LSIP::+SEMANTIC-CONSTRUCTOR-EXECUTOR-TARGET-ID-V1+)
; 
; caught WARNING:
;   undefined variable: LSIP::+SEMANTIC-CONSTRUCTOR-EXECUTOR-TARGET-ID-V1+

; in: DEFUN LSIP::VALIDATE-SYNTHESIS-RECONSTRUCTION-INTENT-SHAPE-V1
;     (EQUAL (GETF LSIP::INTENT :TARGET-ID)
;            LSIP::+SEMANTIC-CONSTRUCTOR-EXECUTOR-TARGET-ID-V1+)
; 
; caught WARNING:
;   undefined variable: LSIP::+SEMANTIC-CONSTRUCTOR-EXECUTOR-TARGET-ID-V1+


; file: /home/user0/FIM/deps/goggles-shg-growth/lisp/synthesis_self_host_runtime_closure_v1.lisp
; in: DEFUN LSIP::SYNTHESIS-SELF-HOST-RUNTIME-COMPONENT-ROWS-SH19-V1
;     (LIST :COMPONENT :CONSTRUCTOR-SYNTHESIZER :ACTIVE-REF
;           LSIP::*SEMANTIC-CONSTRUCTOR-SYNTHESIZER-ACTIVE-COMPONENT-ID*
;           :PREDECESSOR-REF
;           LSIP::+SEMANTIC-CONSTRUCTOR-SYNTHESIZER-REFERENCE-ID-V1+
;           :PREDECESSOR-ENABLED-P
;           LSIP::*SEMANTIC-CONSTRUCTOR-SYNTHESIZER-REFERENCE-ENABLED-P*)
; 
; caught WARNING:
;   undefined variable: LSIP::+SEMANTIC-CONSTRUCTOR-SYNTHESIZER-REFERENCE-ID-V1+


; file: /home/user0/FIM/deps/goggles-shg-growth/lisp/synthesis_reconstruction_grant_v1.lisp
; in: DEFUN LSIP::VALIDATE-SYNTHESIS-RECONSTRUCTION-GRANT-SHAPE-V1
;     (EQUAL (GETF LSIP::GRANT :TARGET-ID)
;            LSIP::+SEMANTIC-CONSTRUCTOR-SYNTHESIZER-TARGET-ID-V1+)
; 
; caught WARNING:
;   undefined variable: LSIP::+SEMANTIC-CONSTRUCTOR-SYNTHESIZER-TARGET-ID-V1+

; in: DEFUN LSIP::VALIDATE-SYNTHESIS-RECONSTRUCTION-INTENT-SHAPE-V1
;     (EQUAL (GETF LSIP::INTENT :TARGET-ID)
;            LSIP::+SEMANTIC-CONSTRUCTOR-SYNTHESIZER-TARGET-ID-V1+)
; 
; caught WARNING:
;   undefined variable: LSIP::+SEMANTIC-CONSTRUCTOR-SYNTHESIZER-TARGET-ID-V1+


; file: /home/user0/FIM/deps/goggles-shg-growth/lisp/synthesis_self_host_runtime_closure_v1.lisp
; in: DEFUN LSIP::SYNTHESIS-SELF-HOST-RUNTIME-COMPONENT-ROWS-SH19-V1
;     (LIST :COMPONENT :CONSTRUCTOR-VALIDATOR :ACTIVE-REF
;           LSIP::*SEMANTIC-CONSTRUCTOR-VALIDATOR-ACTIVE-COMPONENT-ID*
;           :PREDECESSOR-REF LSIP::+SEMANTIC-CONSTRUCTOR-VALIDATOR-REFERENCE-ID-V1+
;           :PREDECESSOR-ENABLED-P
;           LSIP::*SEMANTIC-CONSTRUCTOR-VALIDATOR-REFERENCE-ENABLED-P*)
; 
; caught WARNING:
;   undefined variable: LSIP::+SEMANTIC-CONSTRUCTOR-VALIDATOR-REFERENCE-ID-V1+


; file: /home/user0/FIM/deps/goggles-shg-growth/lisp/synthesis_reconstruction_grant_v1.lisp
; in: DEFUN LSIP::VALIDATE-SYNTHESIS-RECONSTRUCTION-GRANT-SHAPE-V1
;     (EQUAL (GETF LSIP::GRANT :TARGET-ID)
;            LSIP::+SEMANTIC-CONSTRUCTOR-VALIDATOR-TARGET-ID-V1+)
; 
; caught WARNING:
;   undefined variable: LSIP::+SEMANTIC-CONSTRUCTOR-VALIDATOR-TARGET-ID-V1+

; in: DEFUN LSIP::VALIDATE-SYNTHESIS-RECONSTRUCTION-INTENT-SHAPE-V1
;     (EQUAL (GETF LSIP::INTENT :TARGET-ID)
;            LSIP::+SEMANTIC-CONSTRUCTOR-VALIDATOR-TARGET-ID-V1+)
; 
; caught WARNING:
;   undefined variable: LSIP::+SEMANTIC-CONSTRUCTOR-VALIDATOR-TARGET-ID-V1+

; in: DEFUN LSIP::VALIDATE-SYNTHESIS-RECONSTRUCTION-GRANT-SHAPE-V1
;     (EQUAL (GETF LSIP::GRANT :TARGET-ID)
;            LSIP:+SYNTHESIS-ADMISSION-SH13-TARGET-ID-V1+)
; 
; caught WARNING:
;   undefined variable: LSIP:+SYNTHESIS-ADMISSION-SH13-TARGET-ID-V1+

; in: DEFUN LSIP::VALIDATE-SYNTHESIS-RECONSTRUCTION-INTENT-SHAPE-V1
;     (EQUAL (GETF LSIP::INTENT :TARGET-ID)
;            LSIP:+SYNTHESIS-ADMISSION-SH13-TARGET-ID-V1+)
; 
; caught WARNING:
;   undefined variable: LSIP:+SYNTHESIS-ADMISSION-SH13-TARGET-ID-V1+

; in: DEFUN LSIP::VALIDATE-SYNTHESIS-RECONSTRUCTION-GRANT-SHAPE-V1
;     (EQUAL (GETF LSIP::GRANT :TARGET-ID)
;            LSIP::+SYNTHESIS-AUTHORITY-CUTOVER-POLICY-TARGET-ID-V1+)
; 
; caught WARNING:
;   undefined variable: LSIP::+SYNTHESIS-AUTHORITY-CUTOVER-POLICY-TARGET-ID-V1+

; in: DEFUN LSIP::VALIDATE-SYNTHESIS-RECONSTRUCTION-INTENT-SHAPE-V1
;     (EQUAL (GETF LSIP::INTENT :TARGET-ID)
;            LSIP::+SYNTHESIS-AUTHORITY-CUTOVER-POLICY-TARGET-ID-V1+)
; 
; caught WARNING:
;   undefined variable: LSIP::+SYNTHESIS-AUTHORITY-CUTOVER-POLICY-TARGET-ID-V1+

; in: DEFUN LSIP::VALIDATE-SYNTHESIS-RECONSTRUCTION-GRANT-SHAPE-V1
;     (EQUAL (GETF LSIP::GRANT :TARGET-ID)
;            LSIP:+SYNTHESIS-CAPABILITY-RANKING-SH11-TARGET-ID-V1+)
; 
; caught WARNING:
;   undefined variable: LSIP:+SYNTHESIS-CAPABILITY-RANKING-SH11-TARGET-ID-V1+

; in: DEFUN LSIP::VALIDATE-SYNTHESIS-RECONSTRUCTION-INTENT-SHAPE-V1
;     (EQUAL (GETF LSIP::INTENT :TARGET-ID)
;            LSIP:+SYNTHESIS-CAPABILITY-RANKING-SH11-TARGET-ID-V1+)
; 
; caught WARNING:
;   undefined variable: LSIP:+SYNTHESIS-CAPABILITY-RANKING-SH11-TARGET-ID-V1+

; in: DEFUN LSIP::VALIDATE-SYNTHESIS-RECONSTRUCTION-GRANT-SHAPE-V1
;     (EQUAL (GETF LSIP::GRANT :TARGET-ID)
;            LSIP:+SYNTHESIS-CAPABILITY-SELECTOR-SH5-TARGET-ID-V1+)
; 
; caught WARNING:
;   undefined variable: LSIP:+SYNTHESIS-CAPABILITY-SELECTOR-SH5-TARGET-ID-V1+

; in: DEFUN LSIP::VALIDATE-SYNTHESIS-RECONSTRUCTION-INTENT-SHAPE-V1
;     (EQUAL (GETF LSIP::INTENT :TARGET-ID)
;            LSIP:+SYNTHESIS-CAPABILITY-SELECTOR-SH5-TARGET-ID-V1+)
; 
; caught WARNING:
;   undefined variable: LSIP:+SYNTHESIS-CAPABILITY-SELECTOR-SH5-TARGET-ID-V1+

; in: DEFUN LSIP::VALIDATE-SYNTHESIS-RECONSTRUCTION-GRANT-SHAPE-V1
;     (EQUAL (GETF LSIP::GRANT :TARGET-ID)
;            LSIP:+SYNTHESIS-EVALUATOR-DISPATCH-SH12-TARGET-ID-V1+)
; 
; caught WARNING:
;   undefined variable: LSIP:+SYNTHESIS-EVALUATOR-DISPATCH-SH12-TARGET-ID-V1+

; in: DEFUN LSIP::VALIDATE-SYNTHESIS-RECONSTRUCTION-INTENT-SHAPE-V1
;     (EQUAL (GETF LSIP::INTENT :TARGET-ID)
;            LSIP:+SYNTHESIS-EVALUATOR-DISPATCH-SH12-TARGET-ID-V1+)
; 
; caught WARNING:
;   undefined variable: LSIP:+SYNTHESIS-EVALUATOR-DISPATCH-SH12-TARGET-ID-V1+

; in: DEFUN LSIP::VALIDATE-SYNTHESIS-RECONSTRUCTION-GRANT-SHAPE-V1
;     (EQUAL (GETF LSIP::GRANT :TARGET-ID)
;            LSIP::+SYNTHESIS-EXECUTION-SH16-TARGET-ID-V1+)
; 
; caught WARNING:
;   undefined variable: LSIP::+SYNTHESIS-EXECUTION-SH16-TARGET-ID-V1+

; in: DEFUN LSIP::VALIDATE-SYNTHESIS-RECONSTRUCTION-INTENT-SHAPE-V1
;     (EQUAL (GETF LSIP::INTENT :TARGET-ID)
;            LSIP::+SYNTHESIS-EXECUTION-SH16-TARGET-ID-V1+)
; 
; caught WARNING:
;   undefined variable: LSIP::+SYNTHESIS-EXECUTION-SH16-TARGET-ID-V1+

; in: DEFUN LSIP::VALIDATE-SYNTHESIS-RECONSTRUCTION-GRANT-SHAPE-V1
;     (EQUAL (GETF LSIP::GRANT :TARGET-ID)
;            LSIP::+SYNTHESIS-ORCHESTRATOR-SH17-TARGET-ID-V1+)
; 
; caught WARNING:
;   undefined variable: LSIP::+SYNTHESIS-ORCHESTRATOR-SH17-TARGET-ID-V1+

; in: DEFUN LSIP::VALIDATE-SYNTHESIS-RECONSTRUCTION-INTENT-SHAPE-V1
;     (EQUAL (GETF LSIP::INTENT :TARGET-ID)
;            LSIP::+SYNTHESIS-ORCHESTRATOR-SH17-TARGET-ID-V1+)
; 
; caught WARNING:
;   undefined variable: LSIP::+SYNTHESIS-ORCHESTRATOR-SH17-TARGET-ID-V1+

; in: DEFUN LSIP::VALIDATE-SYNTHESIS-RECONSTRUCTION-GRANT-SHAPE-V1
;     (EQUAL (GETF LSIP::GRANT :TARGET-ID)
;            LSIP::+SYNTHESIS-PLANNER-SH15-TARGET-ID-V1+)
; 
; caught WARNING:
;   undefined variable: LSIP::+SYNTHESIS-PLANNER-SH15-TARGET-ID-V1+

; in: DEFUN LSIP::VALIDATE-SYNTHESIS-RECONSTRUCTION-INTENT-SHAPE-V1
;     (EQUAL (GETF LSIP::INTENT :TARGET-ID)
;            LSIP::+SYNTHESIS-PLANNER-SH15-TARGET-ID-V1+)
; 
; caught WARNING:
;   undefined variable: LSIP::+SYNTHESIS-PLANNER-SH15-TARGET-ID-V1+

; in: DEFUN LSIP::VALIDATE-SYNTHESIS-RECONSTRUCTION-GRANT-SHAPE-V1
;     (EQUAL (GETF LSIP::GRANT :TARGET-ID)
;            LSIP::+SYNTHESIS-PROPOSAL-PROVIDER-SH14-TARGET-ID-V1+)
; 
; caught WARNING:
;   undefined variable: LSIP::+SYNTHESIS-PROPOSAL-PROVIDER-SH14-TARGET-ID-V1+

; in: DEFUN LSIP::VALIDATE-SYNTHESIS-RECONSTRUCTION-INTENT-SHAPE-V1
;     (EQUAL (GETF LSIP::INTENT :TARGET-ID)
;            LSIP::+SYNTHESIS-PROPOSAL-PROVIDER-SH14-TARGET-ID-V1+)
; 
; caught WARNING:
;   undefined variable: LSIP::+SYNTHESIS-PROPOSAL-PROVIDER-SH14-TARGET-ID-V1+

; in: DEFUN LSIP::VALIDATE-SYNTHESIS-RECONSTRUCTION-GRANT-SHAPE-V1
;     (EQUAL (GETF LSIP::GRANT :TARGET-ID)
;            LSIP::+SYNTHESIS-PROVIDER-RESOLUTION-SH18-TARGET-ID-V1+)
; 
; caught WARNING:
;   undefined variable: LSIP::+SYNTHESIS-PROVIDER-RESOLUTION-SH18-TARGET-ID-V1+

; in: DEFUN LSIP::VALIDATE-SYNTHESIS-RECONSTRUCTION-INTENT-SHAPE-V1
;     (EQUAL (GETF LSIP::INTENT :TARGET-ID)
;            LSIP::+SYNTHESIS-PROVIDER-RESOLUTION-SH18-TARGET-ID-V1+)
; 
; caught WARNING:
;   undefined variable: LSIP::+SYNTHESIS-PROVIDER-RESOLUTION-SH18-TARGET-ID-V1+


; file: /home/user0/FIM/deps/goggles-shg-growth/lisp/synthesis_self_host_semantic_frontend_v1.lisp
; in:
;      DEFUN LSIP:SYNTHESIS-SELF-HOST-COMPONENT-BLUEPRINT-THROUGH-SEMANTIC-FRONT-V1
;     (LIST :SCHEMA :SYNTHESIS-SELF-HOST-COMPONENT-BLUEPRINT-SH35-V1 :VERSION
;           LSIP::+SYNTHESIS-SELF-HOST-COMPONENT-CONSTRUCTOR-SH35-VERSION-V1+
;           :COMPONENT LSIP::COMPONENT :SOURCE-REF
;           (GETF LSIP::COMPAT-SOURCE :SOURCE-REF) :SOURCE LSIP::COMPAT-SOURCE
;           :PROGRAM-REF ...)
; 
; caught WARNING:
;   undefined variable: LSIP::+SYNTHESIS-SELF-HOST-COMPONENT-CONSTRUCTOR-SH35-VERSION-V1+

; in: DEFUN LSIP::SYNTHESIS-SELF-HOST-SEMANTIC-COMPAT-SOURCE-V1
;     (LIST :SCHEMA :SYNTHESIS-SELF-HOST-COMPONENT-SOURCE-SH35-V1 :VERSION
;           LSIP::+SYNTHESIS-SELF-HOST-COMPONENT-CONSTRUCTOR-SH35-VERSION-V1+
;           :COMPONENT LSIP::COMPONENT :FIELD-ORDER (COPY-LIST LSIP::KEYS)
;           :PROGRAM-FIELDS LSIP::FIELDS :EXECUTABLE-SOURCE ...)
; 
; caught WARNING:
;   undefined variable: LSIP::+SYNTHESIS-SELF-HOST-COMPONENT-CONSTRUCTOR-SH35-VERSION-V1+


; file: /home/user0/FIM/deps/goggles-shg-growth/lisp/synthesis_self_host_runtime_closure_v1.lisp
; in: DEFUN LSIP::SYNTHESIS-SELF-HOST-RUNTIME-COMPONENT-ROWS-SH19-V1
;     (LIST :COMPONENT :CONSTRUCTOR-PRIMITIVE :ACTIVE-REF
;           LSIP::*SYNTHESIS-SELF-HOST-CONSTRUCTOR-PRIMITIVE-ACTIVE-COMPONENT-ID*
;           :PREDECESSOR-REF
;           LSIP::+SYNTHESIS-SELF-HOST-CONSTRUCTOR-PRIMITIVE-REFERENCE-ID-V1+
;           :PREDECESSOR-ENABLED-P
;           LSIP::*SYNTHESIS-SELF-HOST-CONSTRUCTOR-PRIMITIVE-REFERENCE-ENABLED-P*)
; 
; caught WARNING:
;   undefined variable: LSIP::+SYNTHESIS-SELF-HOST-CONSTRUCTOR-PRIMITIVE-REFERENCE-ID-V1+


; file: /home/user0/FIM/deps/goggles-shg-growth/lisp/synthesis_reconstruction_grant_v1.lisp
; in: DEFUN LSIP::VALIDATE-SYNTHESIS-RECONSTRUCTION-GRANT-SHAPE-V1
;     (EQUAL (GETF LSIP::GRANT :TARGET-ID)
;            LSIP::+SYNTHESIS-SELF-HOST-CONSTRUCTOR-PRIMITIVE-TARGET-ID-V1+)
; 
; caught WARNING:
;   undefined variable: LSIP::+SYNTHESIS-SELF-HOST-CONSTRUCTOR-PRIMITIVE-TARGET-ID-V1+

; in: DEFUN LSIP::VALIDATE-SYNTHESIS-RECONSTRUCTION-INTENT-SHAPE-V1
;     (EQUAL (GETF LSIP::INTENT :TARGET-ID)
;            LSIP::+SYNTHESIS-SELF-HOST-CONSTRUCTOR-PRIMITIVE-TARGET-ID-V1+)
; 
; caught WARNING:
;   undefined variable: LSIP::+SYNTHESIS-SELF-HOST-CONSTRUCTOR-PRIMITIVE-TARGET-ID-V1+


; file: /home/user0/FIM/deps/goggles-shg-growth/lisp/synthesis_self_host_runtime_closure_v1.lisp
; in: DEFUN LSIP::SYNTHESIS-SELF-HOST-RUNTIME-COMPONENT-ROWS-SH19-V1
;     (LIST :COMPONENT :CONSTRUCTOR-SERVICE :ACTIVE-REF
;           LSIP::*SYNTHESIS-SELF-HOST-CONSTRUCTOR-SERVICE-ACTIVE-COMPONENT-ID*
;           :PREDECESSOR-REF
;           LSIP::+SYNTHESIS-SELF-HOST-CONSTRUCTOR-SERVICE-REFERENCE-ID-V1+
;           :PREDECESSOR-ENABLED-P
;           LSIP::*SYNTHESIS-SELF-HOST-CONSTRUCTOR-SERVICE-REFERENCE-ENABLED-P*)
; 
; caught WARNING:
;   undefined variable: LSIP::+SYNTHESIS-SELF-HOST-CONSTRUCTOR-SERVICE-REFERENCE-ID-V1+


; file: /home/user0/FIM/deps/goggles-shg-growth/lisp/synthesis_reconstruction_grant_v1.lisp
; in: DEFUN LSIP::VALIDATE-SYNTHESIS-RECONSTRUCTION-GRANT-SHAPE-V1
;     (EQUAL (GETF LSIP::GRANT :TARGET-ID)
;            LSIP::+SYNTHESIS-SELF-HOST-CONSTRUCTOR-SERVICE-TARGET-ID-V1+)
; 
; caught WARNING:
;   undefined variable: LSIP::+SYNTHESIS-SELF-HOST-CONSTRUCTOR-SERVICE-TARGET-ID-V1+

; in: DEFUN LSIP::VALIDATE-SYNTHESIS-RECONSTRUCTION-INTENT-SHAPE-V1
;     (EQUAL (GETF LSIP::INTENT :TARGET-ID)
;            LSIP::+SYNTHESIS-SELF-HOST-CONSTRUCTOR-SERVICE-TARGET-ID-V1+)
; 
; caught WARNING:
;   undefined variable: LSIP::+SYNTHESIS-SELF-HOST-CONSTRUCTOR-SERVICE-TARGET-ID-V1+


; file: /home/user0/FIM/deps/goggles-shg-growth/lisp/synthesis_self_host_runtime_closure_v1.lisp
; in: DEFUN LSIP::SYNTHESIS-SELF-HOST-RUNTIME-COMPONENT-ROWS-SH19-V1
;     (LIST :COMPONENT :PROGRAM-IDENTITY :ACTIVE-REF
;           LSIP::*SYNTHESIS-SELF-HOST-PROGRAM-IDENTITY-ACTIVE-COMPONENT-ID*
;           :PREDECESSOR-REF
;           LSIP::+SYNTHESIS-SELF-HOST-PROGRAM-IDENTITY-REFERENCE-ID-V1+
;           :PREDECESSOR-ENABLED-P
;           LSIP::*SYNTHESIS-SELF-HOST-PROGRAM-IDENTITY-REFERENCE-ENABLED-P*)
; 
; caught WARNING:
;   undefined variable: LSIP::+SYNTHESIS-SELF-HOST-PROGRAM-IDENTITY-REFERENCE-ID-V1+


; file: /home/user0/FIM/deps/goggles-shg-growth/lisp/synthesis_reconstruction_grant_v1.lisp
; in: DEFUN LSIP::VALIDATE-SYNTHESIS-RECONSTRUCTION-GRANT-SHAPE-V1
;     (EQUAL (GETF LSIP::GRANT :TARGET-ID)
;            LSIP::+SYNTHESIS-SELF-HOST-PROGRAM-IDENTITY-TARGET-ID-V1+)
; 
; caught WARNING:
;   undefined variable: LSIP::+SYNTHESIS-SELF-HOST-PROGRAM-IDENTITY-TARGET-ID-V1+

; in: DEFUN LSIP::VALIDATE-SYNTHESIS-RECONSTRUCTION-INTENT-SHAPE-V1
;     (EQUAL (GETF LSIP::INTENT :TARGET-ID)
;            LSIP::+SYNTHESIS-SELF-HOST-PROGRAM-IDENTITY-TARGET-ID-V1+)
; 
; caught WARNING:
;   undefined variable: LSIP::+SYNTHESIS-SELF-HOST-PROGRAM-IDENTITY-TARGET-ID-V1+


; file: /home/user0/FIM/deps/goggles-shg-growth/lisp/synthesis_self_host_successor_controller_self_host_v1.lisp
; in:
;      DEFUN LSIP::VALIDATE-SYNTHESIS-SELF-HOST-SUCCESSOR-CONTROLLER-SH42-DESCRIPTION-V1
;     (EQUAL (GETF LSIP::DESCRIPTION :PREDECESSOR-REF)
;            LSIP::+SYNTHESIS-SELF-HOST-SUCCESSOR-CONTROLLER-REFERENCE-ID-V1+)
; 
; caught WARNING:
;   undefined variable: LSIP::+SYNTHESIS-SELF-HOST-SUCCESSOR-CONTROLLER-REFERENCE-ID-V1+

; in:
;      DEFUN LSIP::SYNTHESIS-SELF-HOST-SUCCESSOR-CONTROLLER-SH42-DESCRIPTION-V1
;     (LIST :SCHEMA :SYNTHESIS-SELF-HOST-SUCCESSOR-CONTROLLER-DESCRIPTION-V1
;           :VERSION 1 :COMPONENT-ID
;           LSIP::+SYNTHESIS-SELF-HOST-SUCCESSOR-CONTROLLER-TARGET-ID-V1+
;           :COMPONENT-KIND :SELF-HOST-SUCCESSOR-CONTROLLER :PREDECESSOR-REF
;           LSIP::+SYNTHESIS-SELF-HOST-SUCCESSOR-CONTROLLER-REFERENCE-ID-V1+
;           :INPUT-KIND ...)
; 
; caught WARNING:
;   undefined variable: LSIP::+SYNTHESIS-SELF-HOST-SUCCESSOR-CONTROLLER-REFERENCE-ID-V1+


; file: /home/user0/FIM/deps/goggles-shg-growth/lisp/synthesis_self_host_runtime_closure_v1.lisp
; in: DEFUN LSIP::SYNTHESIS-SELF-HOST-RUNTIME-COMPONENT-ROWS-SH19-V1
;     (LIST :COMPONENT :SUCCESSOR-CONTROLLER :ACTIVE-REF
;           LSIP::*SYNTHESIS-SELF-HOST-SUCCESSOR-CONTROLLER-ACTIVE-COMPONENT-ID*
;           :PREDECESSOR-REF
;           LSIP::+SYNTHESIS-SELF-HOST-SUCCESSOR-CONTROLLER-REFERENCE-ID-V1+
;           :PREDECESSOR-ENABLED-P
;           LSIP::*SYNTHESIS-SELF-HOST-SUCCESSOR-CONTROLLER-REFERENCE-ENABLED-P*)
; 
; caught WARNING:
;   undefined variable: LSIP::+SYNTHESIS-SELF-HOST-SUCCESSOR-CONTROLLER-REFERENCE-ID-V1+

; 
; caught WARNING:
;   4 more uses of undefined variable LSIP::+SYNTHESIS-SELF-HOST-SUCCESSOR-CONTROLLER-REFERENCE-ID-V1+


; file: /home/user0/FIM/deps/goggles-shg-growth/lisp/synthesis_self_host_successor_controller_self_host_v1.lisp
; in:
;      DEFUN LSIP::SYNTHESIS-SELF-HOST-SUCCESSOR-CONTROLLER-SH42-DESCRIPTION-V1
;     (LIST :SCHEMA :SYNTHESIS-SELF-HOST-SUCCESSOR-CONTROLLER-DESCRIPTION-V1
;           :VERSION 1 :COMPONENT-ID
;           LSIP::+SYNTHESIS-SELF-HOST-SUCCESSOR-CONTROLLER-TARGET-ID-V1+
;           :COMPONENT-KIND :SELF-HOST-SUCCESSOR-CONTROLLER :PREDECESSOR-REF
;           LSIP::+SYNTHESIS-SELF-HOST-SUCCESSOR-CONTROLLER-REFERENCE-ID-V1+
;           :INPUT-KIND ...)
; 
; caught WARNING:
;   undefined variable: LSIP::+SYNTHESIS-SELF-HOST-SUCCESSOR-CONTROLLER-TARGET-ID-V1+


; file: /home/user0/FIM/deps/goggles-shg-growth/lisp/synthesis_reconstruction_grant_v1.lisp
; in: DEFUN LSIP::VALIDATE-SYNTHESIS-RECONSTRUCTION-GRANT-SHAPE-V1
;     (EQUAL (GETF LSIP::GRANT :TARGET-ID)
;            LSIP::+SYNTHESIS-SELF-HOST-SUCCESSOR-CONTROLLER-TARGET-ID-V1+)
; 
; caught WARNING:
;   undefined variable: LSIP::+SYNTHESIS-SELF-HOST-SUCCESSOR-CONTROLLER-TARGET-ID-V1+

; in: DEFUN LSIP::VALIDATE-SYNTHESIS-RECONSTRUCTION-INTENT-SHAPE-V1
;     (EQUAL (GETF LSIP::INTENT :TARGET-ID)
;            LSIP::+SYNTHESIS-SELF-HOST-SUCCESSOR-CONTROLLER-TARGET-ID-V1+)
; 
; caught WARNING:
;   undefined variable: LSIP::+SYNTHESIS-SELF-HOST-SUCCESSOR-CONTROLLER-TARGET-ID-V1+

; 
; caught WARNING:
;   5 more uses of undefined variable LSIP::+SYNTHESIS-SELF-HOST-SUCCESSOR-CONTROLLER-TARGET-ID-V1+


; file: /home/user0/FIM/deps/goggles-shg-growth/lisp/synthesis_capability_selection_bootstrap_v1.lisp
; in: DEFUN LSIP:GENERATE-SYNTHESIS-CAPABILITY-SELECTOR-SH6-SUCCESSOR-V1
;     (VALUES LSIP::ACCEPTED LSIP::OUTPUT LSIP::OBLIGATION LSIP::PLAN LSIP::PROGRAM
;             LSIP::SUCCESSOR-INSTANCE-REF LSIP::WITNESS)
; 
; caught WARNING:
;   undefined variable: LSIP::ACCEPTED

;     (LSIP::RPB-ID LSIP::ACCEPTED)
; 
; caught WARNING:
;   undefined variable: LSIP::ACCEPTED

;     (VALUES LSIP::ACCEPTED LSIP::OUTPUT LSIP::OBLIGATION LSIP::PLAN LSIP::PROGRAM
;             LSIP::SUCCESSOR-INSTANCE-REF LSIP::WITNESS)
; 
; caught WARNING:
;   undefined variable: LSIP::OUTPUT

;     (LSIP::SYNTHESIS-CAPABILITY-SELECTOR-SH6-MAKE-WITNESS-V1 :GENERATION
;                                                              LSIP::GENERATION
;                                                              :PARENT-INSTANCE-REF
;                                                              LSIP::PARENT-INSTANCE-REF
;                                                              :SUCCESSOR-INSTANCE-REF
;                                                              LSIP::SUCCESSOR-INSTANCE-REF
;                                                              :PROGRAM-REF
;                                                              LSIP::PROGRAM-REF
;                                                              :OBLIGATION-REF
;                                                              (LSIP::RPB-OBLIGATION-ID
;                                                               LSIP::OBLIGATION)
;                                                              :PLAN-REF ...)
; 
; caught WARNING:
;   undefined variable: LSIP::OUTPUT-REF

;     (LSIP::SYNTHESIS-CAPABILITY-SELECTOR-SH6-INSTANCE-REF-V1 LSIP::PROGRAM-REF
;                                                              LSIP::GENERATION
;                                                              LSIP::PARENT-INSTANCE-REF
;                                                              LSIP::OUTPUT-REF)
; 
; caught WARNING:
;   undefined variable: LSIP::OUTPUT-REF

;     (VALUES LSIP::ACCEPTED LSIP::OUTPUT LSIP::OBLIGATION LSIP::PLAN LSIP::PROGRAM
;             LSIP::SUCCESSOR-INSTANCE-REF LSIP::WITNESS)
; 
; caught WARNING:
;   undefined variable: LSIP::PROGRAM

;     (LIST :GENERATION LSIP::GENERATION :PARENT-INSTANCE-REF
;           LSIP::PARENT-INSTANCE-REF :PROGRAM-REF LSIP::PROGRAM-REF :PLAN-REF
;           (LSIP::RPB-PLAN-ID LSIP::PLAN) :ACCEPTED-PRODUCT-REF
;           (LSIP::RPB-ID LSIP::ACCEPTED))
; 
; caught WARNING:
;   undefined variable: LSIP::PROGRAM-REF

;     (EQUAL LSIP::PROGRAM-REF LSIP::SEMANTIC-PROGRAM-REF)
; 
; caught WARNING:
;   undefined variable: LSIP::PROGRAM-REF
; 
; caught WARNING:
;   undefined variable: LSIP::SEMANTIC-PROGRAM-REF

;     (VALUES LSIP::ACCEPTED LSIP::OUTPUT LSIP::OBLIGATION LSIP::PLAN LSIP::PROGRAM
;             LSIP::SUCCESSOR-INSTANCE-REF LSIP::WITNESS)
; 
; caught WARNING:
;   undefined variable: LSIP::SUCCESSOR-INSTANCE-REF

;     (LSIP::RECORD-SYNTHESIS-CAPABILITY-SELECTOR-SH5-STATE-V1 :SUCCESSOR-PROVEN
;                                                              :IMPLEMENTATION-REF
;                                                              LSIP::SUCCESSOR-INSTANCE-REF
;                                                              :EVIDENCE-REF
;                                                              (GETF LSIP::WITNESS
;                                                                    :WITNESS-IDENTITY)
;                                                              :DETAILS
;                                                              (LIST :GENERATION
;                                                                    LSIP::GENERATION
;                                                                    :PARENT-INSTANCE-REF
;                                                                    LSIP::PARENT-INSTANCE-REF
;                                                                    :PROGRAM-REF
;                                                                    LSIP::PROGRAM-REF
;                                                                    :PLAN-REF
;                                                                    (LSIP::RPB-PLAN-ID
;                                                                     LSIP::PLAN)
;                                                                    :ACCEPTED-PRODUCT-REF
;                                                                    (LSIP::RPB-ID
;                                                                     LSIP::ACCEPTED)))
; 
; caught WARNING:
;   undefined variable: LSIP::SUCCESSOR-INSTANCE-REF

;     (LSIP::SYNTHESIS-CAPABILITY-SELECTOR-SH6-MAKE-WITNESS-V1 :GENERATION
;                                                              LSIP::GENERATION
;                                                              :PARENT-INSTANCE-REF
;                                                              LSIP::PARENT-INSTANCE-REF
;                                                              :SUCCESSOR-INSTANCE-REF
;                                                              LSIP::SUCCESSOR-INSTANCE-REF
;                                                              :PROGRAM-REF
;                                                              LSIP::PROGRAM-REF
;                                                              :OBLIGATION-REF
;                                                              (LSIP::RPB-OBLIGATION-ID
;                                                               LSIP::OBLIGATION)
;                                                              :PLAN-REF ...)
; 
; caught WARNING:
;   undefined variable: LSIP::SUCCESSOR-INSTANCE-REF

;     (LSIP::SYNTHESIS-CAPABILITY-SELECTOR-SH6-REGISTER-WITNESS-V1 LSIP::WITNESS)
; 
; caught WARNING:
;   undefined variable: LSIP::WITNESS

;     (GETF LSIP::WITNESS :HANDWRITTEN-PREDECESSOR-ENABLED-P)
; 
; caught WARNING:
;   undefined variable: LSIP::WITNESS

;     (GETF LSIP::WITNESS :SELECTOR-COMPONENT-REF)
; 
; caught WARNING:
;   undefined variable: LSIP::WITNESS

; 
; caught WARNING:
;   2 more uses of undefined variable LSIP::WITNESS
; 
; compilation unit finished
;   Undefined functions:
;     (SETF LSIP::RPB-GET) LSIP::COMPILER-IR-EVAL-RUNTIME-STATE-SEED-V1 LSIP::FORMAL-SMT-MODEL-PROVIDER-SELECTION-V1-FORM LSIP::FORMAL-SMT-MODEL-PROVIDER-V1-PROVIDER-REF LSIP::FORMAL-SMT-MODEL-QUERY-V1-FORM LSIP::FORMAL-SMT-MODEL-QUERY-V1-METADATA LSIP::FORMAL-SMT-MODEL-QUERY-V1-PROVIDER-REF LSIP::FORMAL-SMT-MODEL-QUERY-V1-QUERY-ID LSIP::FORMAL-SMT-MODEL-RECEIPT-V1-FORM LSIP::FORMAL-SMT-MODEL-RECEIPT-V1-MODELS LSIP::FORMAL-SMT-MODEL-RECEIPT-V1-PROVIDER-REF LSIP::FORMAL-SMT-MODEL-RECEIPT-V1-RECEIPT-ID LSIP::FORMAL-SMT-MODEL-RECEIPT-V1-STATUS LSIP::MAKE-FORMAL-SMT-MODEL-QUERY-V1 LSIP::MAKE-FORMAL-SMT-MODEL-RECEIPT-V1 LSIP::OUTPUT-REF LSIP::SELECT-FORMAL-SMT-MODEL-PROVIDER-V1 LSIP::SUCCESSOR-INSTANCE-REF LSIP::SYMBOLIC-CANONICAL-FORM-V1 LSIP::VALIDATE-FORMAL-SMT-MODEL-RECEIPT-V1 LSIP::WITNESS
;   Undefined variables:
;     LSIP::*SEARCH-MESO-ALGEBRA-QUOTIENT-WITNESS-KIND-V1* LSIP::*SEARCH-MESO-ALGEBRA-STATE-CANONICALIZER-ID-V1* LSIP::*SEMANTIC-CONSTRUCTOR-EXECUTOR-ACTIVE-COMPONENT-ID* LSIP::*SEMANTIC-CONSTRUCTOR-EXECUTOR-REFERENCE-ENABLED-P* LSIP::*SEMANTIC-CONSTRUCTOR-SYNTHESIZER-ACTIVE-COMPONENT-ID* LSIP::*SEMANTIC-CONSTRUCTOR-SYNTHESIZER-REFERENCE-ENABLED-P* LSIP::*SEMANTIC-CONSTRUCTOR-VALIDATOR-ACTIVE-COMPONENT-ID* LSIP::*SEMANTIC-CONSTRUCTOR-VALIDATOR-REFERENCE-ENABLED-P* LSIP::*SYNTHESIS-REALIZATION-BINDINGS-V1* LSIP::*SYNTHESIS-SELF-HOST-COMPONENT-CONSTRUCTOR-SH35-CAPABILITY-V1* LSIP::*SYNTHESIS-SELF-HOST-CONSTRUCTOR-PRIMITIVE-ACTIVE-COMPONENT-ID* LSIP::*SYNTHESIS-SELF-HOST-CONSTRUCTOR-PRIMITIVE-REFERENCE-ENABLED-P* LSIP::*SYNTHESIS-SELF-HOST-CONSTRUCTOR-SERVICE-ACTIVE-COMPONENT-ID* LSIP::*SYNTHESIS-SELF-HOST-CONSTRUCTOR-SERVICE-REFERENCE-ENABLED-P* LSIP::*SYNTHESIS-SELF-HOST-PROGRAM-IDENTITY-ACTIVE-COMPONENT-ID* LSIP::*SYNTHESIS-SELF-HOST-PROGRAM-IDENTITY-REFERENCE-ENABLED-P* LSIP::*SYNTHESIS-SELF-HOST-SUCCESSOR-CONTROLLER-ACTIVE-COMPONENT-ID* LSIP::*SYNTHESIS-SELF-HOST-SUCCESSOR-CONTROLLER-REFERENCE-ENABLED-P* LSIP::+SEMANTIC-CONSTRUCTOR-EXECUTOR-REFERENCE-ID-V1+ LSIP::+SEMANTIC-CONSTRUCTOR-EXECUTOR-TARGET-ID-V1+ LSIP::+SEMANTIC-CONSTRUCTOR-SYNTHESIZER-REFERENCE-ID-V1+ LSIP::+SEMANTIC-CONSTRUCTOR-SYNTHESIZER-TARGET-ID-V1+ LSIP::+SEMANTIC-CONSTRUCTOR-VALIDATOR-REFERENCE-ID-V1+ LSIP::+SEMANTIC-CONSTRUCTOR-VALIDATOR-TARGET-ID-V1+ LSIP:+SYNTHESIS-ADMISSION-SH13-TARGET-ID-V1+ LSIP::+SYNTHESIS-AUTHORITY-CUTOVER-POLICY-TARGET-ID-V1+ LSIP:+SYNTHESIS-CAPABILITY-RANKING-SH11-TARGET-ID-V1+ LSIP:+SYNTHESIS-CAPABILITY-SELECTOR-SH5-TARGET-ID-V1+ LSIP:+SYNTHESIS-EVALUATOR-DISPATCH-SH12-TARGET-ID-V1+ LSIP::+SYNTHESIS-EXECUTION-SH16-TARGET-ID-V1+ LSIP::+SYNTHESIS-ORCHESTRATOR-SH17-TARGET-ID-V1+ LSIP::+SYNTHESIS-PLANNER-SH15-TARGET-ID-V1+ LSIP::+SYNTHESIS-PROPOSAL-PROVIDER-SH14-TARGET-ID-V1+ LSIP::+SYNTHESIS-PROVIDER-RESOLUTION-SH18-TARGET-ID-V1+ LSIP::+SYNTHESIS-SELF-HOST-COMPONENT-CONSTRUCTOR-SH35-VERSION-V1+ LSIP::+SYNTHESIS-SELF-HOST-CONSTRUCTOR-PRIMITIVE-REFERENCE-ID-V1+ LSIP::+SYNTHESIS-SELF-HOST-CONSTRUCTOR-PRIMITIVE-TARGET-ID-V1+ LSIP::+SYNTHESIS-SELF-HOST-CONSTRUCTOR-SERVICE-REFERENCE-ID-V1+ LSIP::+SYNTHESIS-SELF-HOST-CONSTRUCTOR-SERVICE-TARGET-ID-V1+ LSIP::+SYNTHESIS-SELF-HOST-PROGRAM-IDENTITY-REFERENCE-ID-V1+ LSIP::+SYNTHESIS-SELF-HOST-PROGRAM-IDENTITY-TARGET-ID-V1+ LSIP::+SYNTHESIS-SELF-HOST-SUCCESSOR-CONTROLLER-REFERENCE-ID-V1+ LSIP::+SYNTHESIS-SELF-HOST-SUCCESSOR-CONTROLLER-TARGET-ID-V1+ LSIP::ACCEPTED LSIP::OUTPUT LSIP::OUTPUT-REF LSIP::PROGRAM LSIP::PROGRAM-REF LSIP::SEMANTIC-PROGRAM-REF LSIP::SUCCESSOR-INSTANCE-REF LSIP::WITNESS
;   caught 124 WARNING conditions
Unhandled SIMPLE-ERROR in thread #<SB-THREAD:THREAD "main thread" RUNNING
                                    {1001398003}>:
  Semantic algebra law assertion :TYPED-EXECUTION-MATERIALIZES failed: (#S(SEMANTIC-COMPOSITION-PRODUCT-V1
                                                                           :IDENTITY "4388A7FB"
                                                                           :COMPOSITION-PLAN-REF "4388A7FB"
                                                                           :SURFACE #S(SEMANTIC-COMPOSITIONAL-SURFACE-V1
                                                                                       :SOURCE-PRODUCT-REF "E3279D14"
                                                                                       :SOURCE-SEMANTIC-IDENTITY "E3279D14"
                                                                                       :SURFACE-KIND :TYPED-AFSM-NETWORK
                                                                                       :INPUT-CONTRACT :APPLICATION-REQUEST-V1
                                                                                       :OUTPUT-CONTRACT :COMPLETION-RECEIPT-V1
                                                                                       :STATE-CONTRACT (:COMPOSED-CONTRACT
                                                                                                        :SERIAL
                                                                                                        :STATE-CONTRACT
                                                                                                        ((:NETWORK-CONTRACT
                                                                                                          :STATE
                                                                                                          ((:FAMILY-STATE
                                                                                                            :APPLICATION
                                                                                                            :STATES
                                                                                                            (:READY
                                                                                                             :DONE)
                                                                                                            :INITIAL
                                                                                                            :READY)
                                                                                                           (:FAMILY-STATE
                                                                                                            :OBSERVATION
                                                                                                            :STATES
                                                                                                            (:READY
                                                                                                             :DONE)
                                                                                                            :INITIAL
                                                                                                            :READY)))
                                                                                                         (:FAMILY-STATE
                                                                                                          :COMPLETION
                                                                                                          :STATES
                                                                                                          (:READY
                                                                                                           :DONE)
                                                                                                          :INITIAL
                                                                                                          :READY)))
                                                                                       :EFFECT-CONTRACT :ABSENT-V1
                                                                                       :FAILURE-CONTRACT :ABSENT-V1
                                                                                       :EVIDENCE-CONTRACT :ABSENT-V1
                                                                                       :AUTHORITY-CONTRACT :ABSENT-V1
                                                                                       :EXECUTION-CONTRACT-REF :TYPED-AFSM-NETWORK-CALL-V1
                                                                                       :SEMANTIC-RESULT-PROJECTION-REF :TYPED-AFSM-NETWORK-TERMINAL-RETURN-V1
                                                                                       :SURFACE-IDENTITY "4DE608F8")
                                                                           :GRAPH (:SCHEMA
                                                                                   :L8-GOVERNANCE-COMPOSITION-REALIZATION-V1
                                                                                   :OPERATOR
                                                                                   :SERIAL
                                                                                   :ORDERED-OPERANDS
                                                                                   ("EB79AB0C"
                                                                                    "4DF97F32")
                                                                                   :PARAMETERS
                                                                                   NIL
                                                                                   :COMPOSITION-RELATIONS
                                                                                   ((:ORDINAL
                                                                                     0
                                                                                     :CHILD
                                                                                     "EB79AB0C")
                                                                                    (:ORDINAL
                                                                                     1
                                                                                     :CHILD
                                                                                     "4DF97F32")))
                                                                           :CALLABLE #<FUNCTION (LAMBDA
                                                                                                    (
                                                                                                     INPUT)
                                                                                                  :IN
                                                                                                  L8-DESCRIPTOR-REACTOR-CALLABLE-V1) {1010F9C2EB}>)
                                                                        #S(SEMANTIC-COMPOSITION-PLAN-V1
                                                                           :COMBINATOR-REF "1D230063"
                                                                           :CHILD-PRODUCT-REFS ("EB79AB0C"
                                                                                                "4DF97F32")
                                                                           :CHILD-SURFACE-REFS ("72344775"
                                                                                                "0BD73E46")
                                                                           :PARAMETERS NIL
                                                                           :RESULTING-SURFACE #S(SEMANTIC-COMPOSITIONAL-SURFACE-V1
                                                                                                 :SOURCE-PRODUCT-REF "E3279D14"
                                                                                                 :SOURCE-SEMANTIC-IDENTITY "E3279D14"
                                                                                                 :SURFACE-KIND :TYPED-AFSM-NETWORK
                                                                                                 :INPUT-CONTRACT :APPLICATION-REQUEST-V1
                                                                                                 :OUTPUT-CONTRACT :COMPLETION-RECEIPT-V1
                                                                                                 :STATE-CONTRACT (:COMPOSED-CONTRACT
                                                                                                                  :SERIAL
                                                                                                                  :STATE-CONTRACT
                                                                                                                  ((:NETWORK-CONTRACT
                                                                                                                    :STATE
                                                                                                                    ((:FAMILY-STATE
                                                                                                                      :APPLICATION
                                                                                                                      :STATES
                                                                                                                      (:READY
                                                                                                                       :DONE)
                                                                                                                      :INITIAL
                                                                                                                      :READY)
                                                                                                                     (:FAMILY-STATE
                                                                                                                      :OBSERVATION
                                                                                                                      :STATES
                                                                                                                      (:READY
                                                                                                                       :DONE)
                                                                                                                      :INITIAL
                                                                                                                      :READY)))
                                                                                                                   (:FAMILY-STATE
                                                                                                                    :COMPLETION
                                                                                                                    :STATES
                                                                                                                    (:READY
                                                                                                                     :DONE)
                                                                                                                    :INITIAL
                                                                                                                    :READY)))
                                                                                                 :EFFECT-CONTRACT :ABSENT-V1
                                                                                                 :FAILURE-CONTRACT :ABSENT-V1
                                                                                                 :EVIDENCE-CONTRACT :ABSENT-V1
                                                                                                 :AUTHORITY-CONTRACT :ABSENT-V1
                                                                                                 :EXECUTION-CONTRACT-REF :TYPED-AFSM-NETWORK-CALL-V1
                                                                                                 :SEMANTIC-RESULT-PROJECTION-REF :TYPED-AFSM-NETWORK-TERMINAL-RETURN-V1
                                                                                                 :SURFACE-IDENTITY "4DE608F8")
                                                                           :COMPOSITION-RELATIONS ((:ORDINAL
                                                                                                    0
                                                                                                    :CHILD
                                                                                                    "EB79AB0C")
                                                                                                   (:ORDINAL
                                                                                                    1
                                                                                                    :CHILD
                                                                                                    "4DF97F32"))
                                                                           :SEMANTIC-IDENTITY "4388A7FB"
                                                                           :EXPRESSION (:SCHEMA
                                                                                        :SEMANTIC-ALGEBRA-EXPRESSION-V1
                                                                                        :OPERATOR-CONSTITUTION-REF
                                                                                        "1D230063"
                                                                                        :PARAMETERS
                                                                                        NIL
                                                                                        :OPERANDS
                                                                                        ((:SCHEMA
                                                                                          :SEMANTIC-ALGEBRA-EXPRESSION-LEAF-V1
                                                                                          :PRODUCT-REF
                                                                                          "EB79AB0C")
                                                                                         (:SCHEMA
                                                                                          :SEMANTIC-ALGEBRA-EXPRESSION-LEAF-V1
                                                                                          :PRODUCT-REF
                                                                                          "4DF97F32"))
                                                                                        :ALGEBRA-REGISTRY-REF
                                                                                        "5E74A06B")
                                                                           :ALGEBRA-REGISTRY-REF "5E74A06B"
                                                                           :SELECTION-REF NIL)
                                                                        #S(SEMANTIC-COMPOSITION-WITNESS-V1
                                                                           :COMPOSITION-PLAN-REF "4388A7FB"
                                                                           :COMBINATOR-CONSTITUTION-REF "1D230063"
                                                                           :CHILD-PRODUCT-REFS ("EB79AB0C"
                                                                                                "4DF97F32")
                                                                           :CHILD-SURFACE-REFS ("72344775"
                                                                                                "0BD73E46")
                                                                           :COMPOSITION-RELATIONS ((:ORDINAL
                                                                                                    0
                                                                                                    :CHILD
                                                                                                    "EB79AB0C")
                                                                                                   (:ORDINAL
                                                                                                    1
                                                                                                    :CHILD
                                                                                                    "4DF97F32"))
                                                                           :RESULT-PRODUCT-REF "4388A7FB"
                                                                           :RESULT-SURFACE-REF "4DE608F8"
                                                                           :EXTENSION-LAW-RECEIPT-REFS NIL
                                                                           :WITNESS-IDENTITY "86E39B48")).

Backtrace for: #<SB-THREAD:THREAD "main thread" RUNNING {1001398003}>
0: (SB-DEBUG::DEBUGGER-DISABLED-HOOK #<SIMPLE-ERROR "Semantic algebra law assertion ~S failed: ~S." {10118096C3}> #<unused argument> :QUIT T)
1: (SB-DEBUG::RUN-HOOK SB-EXT:*INVOKE-DEBUGGER-HOOK* #<SIMPLE-ERROR "Semantic algebra law assertion ~S failed: ~S." {10118096C3}>)
2: (INVOKE-DEBUGGER #<SIMPLE-ERROR "Semantic algebra law assertion ~S failed: ~S." {10118096C3}>)
3: (ERROR "Semantic algebra law assertion ~S failed: ~S." :TYPED-EXECUTION-MATERIALIZES (#S(SEMANTIC-COMPOSITION-PRODUCT-V1 :IDENTITY #1="4388A7FB" :COMPOSITION-PLAN-REF #1# :SURFACE #2=#S(SEMANTIC-COMPOSITIONAL-SURFACE-V1 :SOURCE-PRODUCT-REF #3="E3279D14" :SOURCE-SEMANTIC-IDENTITY #3# :SURFACE-KIND :TYPED-AFSM-NETWORK :INPUT-CONTRACT :APPLICATION-REQUEST-V1 :OUTPUT-CONTRACT :COMPLETION-RECEIPT-V1 :STATE-CONTRACT (:COMPOSED-CONTRACT :SERIAL :STATE-CONTRACT (# #)) :EFFECT-CONTRACT :ABSENT-V1 :FAILURE-CONTRACT :ABSENT-V1 :EVIDENCE-CONTRACT :ABSENT-V1 :AUTHORITY-CONTRACT :ABSENT-V1 :EXECUTION-CONTRACT-REF :TYPED-AFSM-NETWORK-CALL-V1 :SEMANTIC-RESULT-PROJECTION-REF :TYPED-AFSM-NETWORK-TERMINAL-RETURN-V1 ...) :GRAPH (:SCHEMA :L8-GOVERNANCE-COMPOSITION-REALIZATION-V1 :OPERATOR :SERIAL :ORDERED-OPERANDS (#4="EB79AB0C" #5="4DF97F32") :PARAMETERS NIL :COMPOSITION-RELATIONS ((:ORDINAL 0 :CHILD #4#) (:ORDINAL 1 :CHILD #5#))) :CALLABLE #<FUNCTION (LAMBDA (INPUT) :IN L8-DESCRIPTOR-REACTOR-CALLABLE-V1) {1010F9C2EB}>) #S(SEMANTIC-COMPOSITION-PLAN-V1 :COMBINATOR-REF #6="1D230063" :CHILD-PRODUCT-REFS (#4# #5#) :CHILD-SURFACE-REFS (#7="72344775" #8="0BD73E46") :PARAMETERS NIL :RESULTING-SURFACE #2# :COMPOSITION-RELATIONS ((:ORDINAL 0 :CHILD #4#) (:ORDINAL 1 :CHILD #5#)) :SEMANTIC-IDENTITY #1# :EXPRESSION (:SCHEMA :SEMANTIC-ALGEBRA-EXPRESSION-V1 :OPERATOR-CONSTITUTION-REF #6# :PARAMETERS NIL :OPERANDS ((:SCHEMA :SEMANTIC-ALGEBRA-EXPRESSION-LEAF-V1 :PRODUCT-REF #4#) (:SCHEMA :SEMANTIC-ALGEBRA-EXPRESSION-LEAF-V1 :PRODUCT-REF #5#)) :ALGEBRA-REGISTRY-REF #9="5E74A06B") :ALGEBRA-REGISTRY-REF #9# :SELECTION-REF NIL) #S(SEMANTIC-COMPOSITION-WITNESS-V1 :COMPOSITION-PLAN-REF #1# :COMBINATOR-CONSTITUTION-REF #6# :CHILD-PRODUCT-REFS (#4# #5#) :CHILD-SURFACE-REFS (#7# #8#) :COMPOSITION-RELATIONS ((:ORDINAL 0 :CHILD #4#) (:ORDINAL 1 :CHILD #5#)) :RESULT-PRODUCT-REF #1# :RESULT-SURFACE-REF "4DE608F8" :EXTENSION-LAW-RECEIPT-REFS NIL :WITNESS-IDENTITY "86E39B48")))
4: (LAW-ASSERT-V1 :TYPED-EXECUTION-MATERIALIZES NIL #S(SEMANTIC-COMPOSITION-PRODUCT-V1 :IDENTITY #1="4388A7FB" :COMPOSITION-PLAN-REF #1# :SURFACE #S(SEMANTIC-COMPOSITIONAL-SURFACE-V1 :SOURCE-PRODUCT-REF #2="E3279D14" :SOURCE-SEMANTIC-IDENTITY #2# :SURFACE-KIND :TYPED-AFSM-NETWORK :INPUT-CONTRACT :APPLICATION-REQUEST-V1 :OUTPUT-CONTRACT :COMPLETION-RECEIPT-V1 :STATE-CONTRACT (:COMPOSED-CONTRACT :SERIAL :STATE-CONTRACT ((:NETWORK-CONTRACT :STATE #) (:FAMILY-STATE :COMPLETION :STATES # :INITIAL :READY))) :EFFECT-CONTRACT :ABSENT-V1 :FAILURE-CONTRACT :ABSENT-V1 :EVIDENCE-CONTRACT :ABSENT-V1 :AUTHORITY-CONTRACT :ABSENT-V1 :EXECUTION-CONTRACT-REF :TYPED-AFSM-NETWORK-CALL-V1 :SEMANTIC-RESULT-PROJECTION-REF :TYPED-AFSM-NETWORK-TERMINAL-RETURN-V1 ...) :GRAPH (:SCHEMA :L8-GOVERNANCE-COMPOSITION-REALIZATION-V1 :OPERATOR :SERIAL :ORDERED-OPERANDS (#3="EB79AB0C" #4="4DF97F32") :PARAMETERS NIL :COMPOSITION-RELATIONS ((:ORDINAL 0 :CHILD #3#) (:ORDINAL 1 :CHILD #4#))) :CALLABLE #<FUNCTION (LAMBDA (INPUT) :IN L8-DESCRIPTOR-REACTOR-CALLABLE-V1) {1010F9C2EB}>) #S(SEMANTIC-COMPOSITION-PLAN-V1 :COMBINATOR-REF #1="1D230063" :CHILD-PRODUCT-REFS (#2="EB79AB0C" #3="4DF97F32") :CHILD-SURFACE-REFS ("72344775" "0BD73E46") :PARAMETERS NIL :RESULTING-SURFACE #S(SEMANTIC-COMPOSITIONAL-SURFACE-V1 :SOURCE-PRODUCT-REF #4="E3279D14" :SOURCE-SEMANTIC-IDENTITY #4# :SURFACE-KIND :TYPED-AFSM-NETWORK :INPUT-CONTRACT :APPLICATION-REQUEST-V1 :OUTPUT-CONTRACT :COMPLETION-RECEIPT-V1 :STATE-CONTRACT (:COMPOSED-CONTRACT :SERIAL :STATE-CONTRACT ((:NETWORK-CONTRACT :STATE #) (:FAMILY-STATE :COMPLETION :STATES # :INITIAL :READY))) :EFFECT-CONTRACT :ABSENT-V1 :FAILURE-CONTRACT :ABSENT-V1 :EVIDENCE-CONTRACT :ABSENT-V1 :AUTHORITY-CONTRACT :ABSENT-V1 :EXECUTION-CONTRACT-REF :TYPED-AFSM-NETWORK-CALL-V1 :SEMANTIC-RESULT-PROJECTION-REF :TYPED-AFSM-NETWORK-TERMINAL-RETURN-V1 ...) :COMPOSITION-RELATIONS ((:ORDINAL 0 :CHILD #2#) (:ORDINAL 1 :CHILD #3#)) :SEMANTIC-IDENTITY "4388A7FB" :EXPRESSION (:SCHEMA :SEMANTIC-ALGEBRA-EXPRESSION-V1 :OPERATOR-CONSTITUTION-REF #1# :PARAMETERS NIL :OPERANDS ((:SCHEMA :SEMANTIC-ALGEBRA-EXPRESSION-LEAF-V1 :PRODUCT-REF #2#) (:SCHEMA :SEMANTIC-ALGEBRA-EXPRESSION-LEAF-V1 :PRODUCT-REF #3#)) :ALGEBRA-REGISTRY-REF #5="5E74A06B") :ALGEBRA-REGISTRY-REF #5# :SELECTION-REF NIL) #S(SEMANTIC-COMPOSITION-WITNESS-V1 :COMPOSITION-PLAN-REF #1="4388A7FB" :COMBINATOR-CONSTITUTION-REF "1D230063" :CHILD-PRODUCT-REFS (#2="EB79AB0C" #3="4DF97F32") :CHILD-SURFACE-REFS ("72344775" "0BD73E46") :COMPOSITION-RELATIONS ((:ORDINAL 0 :CHILD #2#) (:ORDINAL 1 :CHILD #3#)) :RESULT-PRODUCT-REF #1# :RESULT-SURFACE-REF "4DE608F8" :EXTENSION-LAW-RECEIPT-REFS NIL :WITNESS-IDENTITY "86E39B48"))
5: ((LAMBDA NIL :IN "/home/user0/FIM/deps/goggles-shg-growth/scripts/check_semantic_algebra_law_registry_v1.lisp"))
6: (SB-INT:SIMPLE-EVAL-IN-LEXENV (LET* ((CONSTITUTIONS (MAPCAR (FUNCTION FIND-SEMANTIC-COMBINATOR-CONSTITUTION-V1) (QUOTE #))) (LAW-REGISTRY-ID (SEMANTIC-ALGEBRA-LAW-REGISTRY-V1-IDENTITY)) (LAW-FORM (SEMANTIC-ALGEBRA-LAW-REGISTRY-V1-FORM))) (DOLIST (CONSTITUTION CONSTITUTIONS) (LET ((LAWS #)) (LAW-ASSERT-V1 :CONSTITUTION-LAW-COUNT (= # 7) CONSTITUTION LAWS) (DOLIST (LAW LAWS) (LAW-ASSERT-V1 :LAW-IDENTITY # LAW)))) (LET* ((SERIAL (FIND-SEMANTIC-COMBINATOR-CONSTITUTION-V1 :SERIAL)) (MACHINE (MAKE-DEFAULT-MACHINE-STATE :ID "machine:law-registry-v1")) (APPLICATION (L7-1-APPLICATION-FAMILY-V1 :MACHINE MACHINE)) (OBSERVATION (L7-1-OBSERVATION-FAMILY-V1 :MACHINE MACHINE)) (COMPLETION (L7-1-COMPLETION-FAMILY-V1 :MACHINE MACHINE)) (NETWORK (NTH-VALUE 0 #)) (CHILDREN (LIST NETWORK COMPLETION)) (ADMISSIBILITY (INVOKE-SEMANTIC-ALGEBRA-LAW-V1 :TYPED-AFSM-COMPOSITION-ADMISSIBILITY-V1 :ADMISSIBILITY SERIAL CHILDREN)) (SURFACE (INVOKE-SEMANTIC-ALGEBRA-LAW-V1 :TYPED-AFSM-SURFACE-TRANSFORM-V1 :SURFACE-TRANSFORM SERIAL CHILDREN)) (IDENTITY (INVOKE-SEMANTIC-ALGEBRA-LAW-V1 :SEMANTIC-COMPOSITION-IDENTITY-V1 :IDENTITY SERIAL CHILDREN)) (PRODUCT NIL) (PLAN NIL) ...) (MULTIPLE-VALUE-SETQ (PRODUCT PLAN WITNESS) (INVOKE-SEMANTIC-ALGEBRA-LAW-V1 :TYPED-AFSM-COMPOSITION-EXECUTION-V1 :EXECUTION SERIAL CHILDREN)) (MULTIPLE-VALUE-SETQ (PUBLIC-PRODUCT PUBLIC-PLAN PUBLIC-WITNESS) (COMPOSE-SEMANTIC-OBJECTS-V1 :SERIAL CHILDREN)) (LAW-ASSERT-V1 :TYPED-ADMISSIBILITY-EXECUTES (AND (GETF ADMISSIBILITY :ADMISSIBLE-P) (EQUAL # #)) ADMISSIBILITY) (LAW-ASSERT-V1 :TYPED-SURFACE-TRANSFORM-EXECUTES (AND (TYPEP SURFACE #) (EQ # :TYPED-AFSM-NETWORK)) SURFACE) (LAW-ASSERT-V1 :TYPED-EXECUTION-MATERIALIZES (AND (TYPEP PRODUCT #) (TYPEP PLAN #) (TYPEP WITNESS #) (EQUAL # #) (EQUAL # #)) PRODUCT PLAN WITNESS) (LAW-ASSERT-V1 :TYPED-IDENTITY-MATCHES-EXECUTION-PLAN (EQUAL IDENTITY (SEMANTIC-COMPOSITION-PLAN-V1-SEMANTIC-IDENTITY PLAN)) IDENTITY (SEMANTIC-COMPOSITION-PLAN-V1-SEMANTIC-IDENTITY PLAN)) (LAW-ASSERT-V1 :PUBLIC-COMPOSITION-DISPATCHES-THROUGH-LAW-RESULT (AND (EQUAL # #) (EQUAL # #) (EQUAL # #)) PUBLIC-PRODUCT PUBLIC-PLAN PUBLIC-WITNESS PRODUCT PLAN WITNESS) (LAW-ASSERT-V1 :TYPED-LAW-ATTACHMENTS-NOT-GENERIC-PLACEHOLDERS (AND (EQ # #) (EQ # #)) (SEMANTIC-ALGEBRA-LAW-REGISTRY-V1-FORM)) (LAW-ASSERT-V1 :TYPED-ADMISSIBILITY-REJECTS-REVERSED-SERIAL-CONTRACT (HANDLER-CASE (PROGN # NIL) (ERROR NIL T)) CHILDREN)) (LET* ((EXECUTION-LAW (FIND-SEMANTIC-ALGEBRA-LAW-V1 :TYPED-AFSM-COMPOSITION-EXECUTION-V1)) (ORIGINAL-ATTACHMENT (SEMANTIC-ALGEBRA-LAW-V1-IMPLEMENTATION-ATTACHMENT EXECUTION-LAW)) (ORIGINAL-DESCRIPTOR (COPY-TREE #))) (UNWIND-PROTECT (PROGN (REGISTER-SEMANTIC-ALGEBRA-LAW-V1 :TYPED-AFSM-COMPOSITION-EXECUTION-V1 :EXECUTION # #) (LAW-ASSERT-V1 :PUBLIC-COMPOSITION-OBEYS-EXECUTION-LAW-OVERRIDE #)) (REGISTER-SEMANTIC-ALGEBRA-LAW-V1 :TYPED-AFSM-COMPOSITION-EXECUTION-V1 :EXECUTION ORIGINAL-ATTACHMENT ORIGINAL-DESCRIPTOR))) (LAW-ASSERT-V1 :REGISTRY-RESTORED-AFTER-EXECUTION-LAW-OVERRIDE (EQUAL LAW-REGISTRY-ID (SEMANTIC-ALGEBRA-LAW-REGISTRY-V1-IDENTITY)) LAW-REGISTRY-ID (SEMANTIC-ALGEBRA-LAW-REGISTRY-V1-IDENTITY)) (LAW-ASSERT-V1 :REGISTRY-FORM (AND (EQ (FIRST LAW-FORM) :SCHEMA) (= (LENGTH #) 11)) LAW-FORM) (LAW-ASSERT-V1 :REGISTRY-REPEATABILITY (EQUAL LAW-REGISTRY-ID (SEMANTIC-ALGEBRA-LAW-REGISTRY-V1-IDENTITY)) LAW-REGISTRY-ID) (LAW-ASSERT-V1 :KIND-MISMATCH-REJECTION (HANDLER-CASE (PROGN (RESOLVE-SEMANTIC-ALGEBRA-LAW-V1 :TYPED-AFSM-COMPOSITION-EXECUTION-V1 :IDENTITY) NIL) (ERROR NIL T))) (UNWIND-PROTECT (PROGN (REGISTER-SEMANTIC-ALGEBRA-LAW-V1 :TEMPORARY-UNRESOLVED-LAW-V1 :EXECUTION (QUOTE NOT-AN-INSTALLED-LAW-FUNCTION) (QUOTE #)) (LAW-ASSERT-V1 :UNRESOLVED-ATTACHMENT-REJECTION (HANDLER-CASE # #)) (LAW-ASSERT-V1 :LAW-REGISTRY-PERTURBATION (NOT #) LAW-REGISTRY-ID (SEMANTIC-ALGEBRA-LAW-REGISTRY-V1-IDENTITY))) (REMHASH :TEMPORARY-UNRESOLVED-LAW-V1 *SEMANTIC-ALGEBRA-LAWS-V1*)) (FORMAT T "SemanticAlgebraLawRegistryGreen level=C10 status=algorithm-proven~%") (FORMAT T "OUTPUT ~S~%" (LIST :REGISTRY LAW-REGISTRY-ID :CONSTITUTION-COUNT (LENGTH CONSTITUTIONS) :LAW-COUNT (LENGTH (GETF # :LAWS))))) #<NULL-LEXENV>)
7: (SB-EXT:EVAL-TLF (LET* ((CONSTITUTIONS (MAPCAR (FUNCTION FIND-SEMANTIC-COMBINATOR-CONSTITUTION-V1) (QUOTE #))) (LAW-REGISTRY-ID (SEMANTIC-ALGEBRA-LAW-REGISTRY-V1-IDENTITY)) (LAW-FORM (SEMANTIC-ALGEBRA-LAW-REGISTRY-V1-FORM))) (DOLIST (CONSTITUTION CONSTITUTIONS) (LET ((LAWS #)) (LAW-ASSERT-V1 :CONSTITUTION-LAW-COUNT (= # 7) CONSTITUTION LAWS) (DOLIST (LAW LAWS) (LAW-ASSERT-V1 :LAW-IDENTITY # LAW)))) (LET* ((SERIAL (FIND-SEMANTIC-COMBINATOR-CONSTITUTION-V1 :SERIAL)) (MACHINE (MAKE-DEFAULT-MACHINE-STATE :ID "machine:law-registry-v1")) (APPLICATION (L7-1-APPLICATION-FAMILY-V1 :MACHINE MACHINE)) (OBSERVATION (L7-1-OBSERVATION-FAMILY-V1 :MACHINE MACHINE)) (COMPLETION (L7-1-COMPLETION-FAMILY-V1 :MACHINE MACHINE)) (NETWORK (NTH-VALUE 0 #)) (CHILDREN (LIST NETWORK COMPLETION)) (ADMISSIBILITY (INVOKE-SEMANTIC-ALGEBRA-LAW-V1 :TYPED-AFSM-COMPOSITION-ADMISSIBILITY-V1 :ADMISSIBILITY SERIAL CHILDREN)) (SURFACE (INVOKE-SEMANTIC-ALGEBRA-LAW-V1 :TYPED-AFSM-SURFACE-TRANSFORM-V1 :SURFACE-TRANSFORM SERIAL CHILDREN)) (IDENTITY (INVOKE-SEMANTIC-ALGEBRA-LAW-V1 :SEMANTIC-COMPOSITION-IDENTITY-V1 :IDENTITY SERIAL CHILDREN)) (PRODUCT NIL) (PLAN NIL) ...) (MULTIPLE-VALUE-SETQ (PRODUCT PLAN WITNESS) (INVOKE-SEMANTIC-ALGEBRA-LAW-V1 :TYPED-AFSM-COMPOSITION-EXECUTION-V1 :EXECUTION SERIAL CHILDREN)) (MULTIPLE-VALUE-SETQ (PUBLIC-PRODUCT PUBLIC-PLAN PUBLIC-WITNESS) (COMPOSE-SEMANTIC-OBJECTS-V1 :SERIAL CHILDREN)) (LAW-ASSERT-V1 :TYPED-ADMISSIBILITY-EXECUTES (AND (GETF ADMISSIBILITY :ADMISSIBLE-P) (EQUAL # #)) ADMISSIBILITY) (LAW-ASSERT-V1 :TYPED-SURFACE-TRANSFORM-EXECUTES (AND (TYPEP SURFACE #) (EQ # :TYPED-AFSM-NETWORK)) SURFACE) (LAW-ASSERT-V1 :TYPED-EXECUTION-MATERIALIZES (AND (TYPEP PRODUCT #) (TYPEP PLAN #) (TYPEP WITNESS #) (EQUAL # #) (EQUAL # #)) PRODUCT PLAN WITNESS) (LAW-ASSERT-V1 :TYPED-IDENTITY-MATCHES-EXECUTION-PLAN (EQUAL IDENTITY (SEMANTIC-COMPOSITION-PLAN-V1-SEMANTIC-IDENTITY PLAN)) IDENTITY (SEMANTIC-COMPOSITION-PLAN-V1-SEMANTIC-IDENTITY PLAN)) (LAW-ASSERT-V1 :PUBLIC-COMPOSITION-DISPATCHES-THROUGH-LAW-RESULT (AND (EQUAL # #) (EQUAL # #) (EQUAL # #)) PUBLIC-PRODUCT PUBLIC-PLAN PUBLIC-WITNESS PRODUCT PLAN WITNESS) (LAW-ASSERT-V1 :TYPED-LAW-ATTACHMENTS-NOT-GENERIC-PLACEHOLDERS (AND (EQ # #) (EQ # #)) (SEMANTIC-ALGEBRA-LAW-REGISTRY-V1-FORM)) (LAW-ASSERT-V1 :TYPED-ADMISSIBILITY-REJECTS-REVERSED-SERIAL-CONTRACT (HANDLER-CASE (PROGN # NIL) (ERROR NIL T)) CHILDREN)) (LET* ((EXECUTION-LAW (FIND-SEMANTIC-ALGEBRA-LAW-V1 :TYPED-AFSM-COMPOSITION-EXECUTION-V1)) (ORIGINAL-ATTACHMENT (SEMANTIC-ALGEBRA-LAW-V1-IMPLEMENTATION-ATTACHMENT EXECUTION-LAW)) (ORIGINAL-DESCRIPTOR (COPY-TREE #))) (UNWIND-PROTECT (PROGN (REGISTER-SEMANTIC-ALGEBRA-LAW-V1 :TYPED-AFSM-COMPOSITION-EXECUTION-V1 :EXECUTION # #) (LAW-ASSERT-V1 :PUBLIC-COMPOSITION-OBEYS-EXECUTION-LAW-OVERRIDE #)) (REGISTER-SEMANTIC-ALGEBRA-LAW-V1 :TYPED-AFSM-COMPOSITION-EXECUTION-V1 :EXECUTION ORIGINAL-ATTACHMENT ORIGINAL-DESCRIPTOR))) (LAW-ASSERT-V1 :REGISTRY-RESTORED-AFTER-EXECUTION-LAW-OVERRIDE (EQUAL LAW-REGISTRY-ID (SEMANTIC-ALGEBRA-LAW-REGISTRY-V1-IDENTITY)) LAW-REGISTRY-ID (SEMANTIC-ALGEBRA-LAW-REGISTRY-V1-IDENTITY)) (LAW-ASSERT-V1 :REGISTRY-FORM (AND (EQ (FIRST LAW-FORM) :SCHEMA) (= (LENGTH #) 11)) LAW-FORM) (LAW-ASSERT-V1 :REGISTRY-REPEATABILITY (EQUAL LAW-REGISTRY-ID (SEMANTIC-ALGEBRA-LAW-REGISTRY-V1-IDENTITY)) LAW-REGISTRY-ID) (LAW-ASSERT-V1 :KIND-MISMATCH-REJECTION (HANDLER-CASE (PROGN (RESOLVE-SEMANTIC-ALGEBRA-LAW-V1 :TYPED-AFSM-COMPOSITION-EXECUTION-V1 :IDENTITY) NIL) (ERROR NIL T))) (UNWIND-PROTECT (PROGN (REGISTER-SEMANTIC-ALGEBRA-LAW-V1 :TEMPORARY-UNRESOLVED-LAW-V1 :EXECUTION (QUOTE NOT-AN-INSTALLED-LAW-FUNCTION) (QUOTE #)) (LAW-ASSERT-V1 :UNRESOLVED-ATTACHMENT-REJECTION (HANDLER-CASE # #)) (LAW-ASSERT-V1 :LAW-REGISTRY-PERTURBATION (NOT #) LAW-REGISTRY-ID (SEMANTIC-ALGEBRA-LAW-REGISTRY-V1-IDENTITY))) (REMHASH :TEMPORARY-UNRESOLVED-LAW-V1 *SEMANTIC-ALGEBRA-LAWS-V1*)) (FORMAT T "SemanticAlgebraLawRegistryGreen level=C10 status=algorithm-proven~%") (FORMAT T "OUTPUT ~S~%" (LIST :REGISTRY LAW-REGISTRY-ID :CONSTITUTION-COUNT (LENGTH CONSTITUTIONS) :LAW-COUNT (LENGTH (GETF # :LAWS))))) 9 NIL)
8: ((LABELS SB-FASL::EVAL-FORM :IN SB-INT:LOAD-AS-SOURCE) (LET* ((CONSTITUTIONS (MAPCAR (FUNCTION FIND-SEMANTIC-COMBINATOR-CONSTITUTION-V1) (QUOTE #))) (LAW-REGISTRY-ID (SEMANTIC-ALGEBRA-LAW-REGISTRY-V1-IDENTITY)) (LAW-FORM (SEMANTIC-ALGEBRA-LAW-REGISTRY-V1-FORM))) (DOLIST (CONSTITUTION CONSTITUTIONS) (LET ((LAWS #)) (LAW-ASSERT-V1 :CONSTITUTION-LAW-COUNT (= # 7) CONSTITUTION LAWS) (DOLIST (LAW LAWS) (LAW-ASSERT-V1 :LAW-IDENTITY # LAW)))) (LET* ((SERIAL (FIND-SEMANTIC-COMBINATOR-CONSTITUTION-V1 :SERIAL)) (MACHINE (MAKE-DEFAULT-MACHINE-STATE :ID "machine:law-registry-v1")) (APPLICATION (L7-1-APPLICATION-FAMILY-V1 :MACHINE MACHINE)) (OBSERVATION (L7-1-OBSERVATION-FAMILY-V1 :MACHINE MACHINE)) (COMPLETION (L7-1-COMPLETION-FAMILY-V1 :MACHINE MACHINE)) (NETWORK (NTH-VALUE 0 #)) (CHILDREN (LIST NETWORK COMPLETION)) (ADMISSIBILITY (INVOKE-SEMANTIC-ALGEBRA-LAW-V1 :TYPED-AFSM-COMPOSITION-ADMISSIBILITY-V1 :ADMISSIBILITY SERIAL CHILDREN)) (SURFACE (INVOKE-SEMANTIC-ALGEBRA-LAW-V1 :TYPED-AFSM-SURFACE-TRANSFORM-V1 :SURFACE-TRANSFORM SERIAL CHILDREN)) (IDENTITY (INVOKE-SEMANTIC-ALGEBRA-LAW-V1 :SEMANTIC-COMPOSITION-IDENTITY-V1 :IDENTITY SERIAL CHILDREN)) (PRODUCT NIL) (PLAN NIL) ...) (MULTIPLE-VALUE-SETQ (PRODUCT PLAN WITNESS) (INVOKE-SEMANTIC-ALGEBRA-LAW-V1 :TYPED-AFSM-COMPOSITION-EXECUTION-V1 :EXECUTION SERIAL CHILDREN)) (MULTIPLE-VALUE-SETQ (PUBLIC-PRODUCT PUBLIC-PLAN PUBLIC-WITNESS) (COMPOSE-SEMANTIC-OBJECTS-V1 :SERIAL CHILDREN)) (LAW-ASSERT-V1 :TYPED-ADMISSIBILITY-EXECUTES (AND (GETF ADMISSIBILITY :ADMISSIBLE-P) (EQUAL # #)) ADMISSIBILITY) (LAW-ASSERT-V1 :TYPED-SURFACE-TRANSFORM-EXECUTES (AND (TYPEP SURFACE #) (EQ # :TYPED-AFSM-NETWORK)) SURFACE) (LAW-ASSERT-V1 :TYPED-EXECUTION-MATERIALIZES (AND (TYPEP PRODUCT #) (TYPEP PLAN #) (TYPEP WITNESS #) (EQUAL # #) (EQUAL # #)) PRODUCT PLAN WITNESS) (LAW-ASSERT-V1 :TYPED-IDENTITY-MATCHES-EXECUTION-PLAN (EQUAL IDENTITY (SEMANTIC-COMPOSITION-PLAN-V1-SEMANTIC-IDENTITY PLAN)) IDENTITY (SEMANTIC-COMPOSITION-PLAN-V1-SEMANTIC-IDENTITY PLAN)) (LAW-ASSERT-V1 :PUBLIC-COMPOSITION-DISPATCHES-THROUGH-LAW-RESULT (AND (EQUAL # #) (EQUAL # #) (EQUAL # #)) PUBLIC-PRODUCT PUBLIC-PLAN PUBLIC-WITNESS PRODUCT PLAN WITNESS) (LAW-ASSERT-V1 :TYPED-LAW-ATTACHMENTS-NOT-GENERIC-PLACEHOLDERS (AND (EQ # #) (EQ # #)) (SEMANTIC-ALGEBRA-LAW-REGISTRY-V1-FORM)) (LAW-ASSERT-V1 :TYPED-ADMISSIBILITY-REJECTS-REVERSED-SERIAL-CONTRACT (HANDLER-CASE (PROGN # NIL) (ERROR NIL T)) CHILDREN)) (LET* ((EXECUTION-LAW (FIND-SEMANTIC-ALGEBRA-LAW-V1 :TYPED-AFSM-COMPOSITION-EXECUTION-V1)) (ORIGINAL-ATTACHMENT (SEMANTIC-ALGEBRA-LAW-V1-IMPLEMENTATION-ATTACHMENT EXECUTION-LAW)) (ORIGINAL-DESCRIPTOR (COPY-TREE #))) (UNWIND-PROTECT (PROGN (REGISTER-SEMANTIC-ALGEBRA-LAW-V1 :TYPED-AFSM-COMPOSITION-EXECUTION-V1 :EXECUTION # #) (LAW-ASSERT-V1 :PUBLIC-COMPOSITION-OBEYS-EXECUTION-LAW-OVERRIDE #)) (REGISTER-SEMANTIC-ALGEBRA-LAW-V1 :TYPED-AFSM-COMPOSITION-EXECUTION-V1 :EXECUTION ORIGINAL-ATTACHMENT ORIGINAL-DESCRIPTOR))) (LAW-ASSERT-V1 :REGISTRY-RESTORED-AFTER-EXECUTION-LAW-OVERRIDE (EQUAL LAW-REGISTRY-ID (SEMANTIC-ALGEBRA-LAW-REGISTRY-V1-IDENTITY)) LAW-REGISTRY-ID (SEMANTIC-ALGEBRA-LAW-REGISTRY-V1-IDENTITY)) (LAW-ASSERT-V1 :REGISTRY-FORM (AND (EQ (FIRST LAW-FORM) :SCHEMA) (= (LENGTH #) 11)) LAW-FORM) (LAW-ASSERT-V1 :REGISTRY-REPEATABILITY (EQUAL LAW-REGISTRY-ID (SEMANTIC-ALGEBRA-LAW-REGISTRY-V1-IDENTITY)) LAW-REGISTRY-ID) (LAW-ASSERT-V1 :KIND-MISMATCH-REJECTION (HANDLER-CASE (PROGN (RESOLVE-SEMANTIC-ALGEBRA-LAW-V1 :TYPED-AFSM-COMPOSITION-EXECUTION-V1 :IDENTITY) NIL) (ERROR NIL T))) (UNWIND-PROTECT (PROGN (REGISTER-SEMANTIC-ALGEBRA-LAW-V1 :TEMPORARY-UNRESOLVED-LAW-V1 :EXECUTION (QUOTE NOT-AN-INSTALLED-LAW-FUNCTION) (QUOTE #)) (LAW-ASSERT-V1 :UNRESOLVED-ATTACHMENT-REJECTION (HANDLER-CASE # #)) (LAW-ASSERT-V1 :LAW-REGISTRY-PERTURBATION (NOT #) LAW-REGISTRY-ID (SEMANTIC-ALGEBRA-LAW-REGISTRY-V1-IDENTITY))) (REMHASH :TEMPORARY-UNRESOLVED-LAW-V1 *SEMANTIC-ALGEBRA-LAWS-V1*)) (FORMAT T "SemanticAlgebraLawRegistryGreen level=C10 status=algorithm-proven~%") (FORMAT T "OUTPUT ~S~%" (LIST :REGISTRY LAW-REGISTRY-ID :CONSTITUTION-COUNT (LENGTH CONSTITUTIONS) :LAW-COUNT (LENGTH (GETF # :LAWS))))) 9)
9: ((LAMBDA (SB-KERNEL:FORM &KEY :CURRENT-INDEX &ALLOW-OTHER-KEYS) :IN SB-INT:LOAD-AS-SOURCE) (LET* ((CONSTITUTIONS (MAPCAR (FUNCTION FIND-SEMANTIC-COMBINATOR-CONSTITUTION-V1) (QUOTE #))) (LAW-REGISTRY-ID (SEMANTIC-ALGEBRA-LAW-REGISTRY-V1-IDENTITY)) (LAW-FORM (SEMANTIC-ALGEBRA-LAW-REGISTRY-V1-FORM))) (DOLIST (CONSTITUTION CONSTITUTIONS) (LET ((LAWS #)) (LAW-ASSERT-V1 :CONSTITUTION-LAW-COUNT (= # 7) CONSTITUTION LAWS) (DOLIST (LAW LAWS) (LAW-ASSERT-V1 :LAW-IDENTITY # LAW)))) (LET* ((SERIAL (FIND-SEMANTIC-COMBINATOR-CONSTITUTION-V1 :SERIAL)) (MACHINE (MAKE-DEFAULT-MACHINE-STATE :ID "machine:law-registry-v1")) (APPLICATION (L7-1-APPLICATION-FAMILY-V1 :MACHINE MACHINE)) (OBSERVATION (L7-1-OBSERVATION-FAMILY-V1 :MACHINE MACHINE)) (COMPLETION (L7-1-COMPLETION-FAMILY-V1 :MACHINE MACHINE)) (NETWORK (NTH-VALUE 0 #)) (CHILDREN (LIST NETWORK COMPLETION)) (ADMISSIBILITY (INVOKE-SEMANTIC-ALGEBRA-LAW-V1 :TYPED-AFSM-COMPOSITION-ADMISSIBILITY-V1 :ADMISSIBILITY SERIAL CHILDREN)) (SURFACE (INVOKE-SEMANTIC-ALGEBRA-LAW-V1 :TYPED-AFSM-SURFACE-TRANSFORM-V1 :SURFACE-TRANSFORM SERIAL CHILDREN)) (IDENTITY (INVOKE-SEMANTIC-ALGEBRA-LAW-V1 :SEMANTIC-COMPOSITION-IDENTITY-V1 :IDENTITY SERIAL CHILDREN)) (PRODUCT NIL) (PLAN NIL) ...) (MULTIPLE-VALUE-SETQ (PRODUCT PLAN WITNESS) (INVOKE-SEMANTIC-ALGEBRA-LAW-V1 :TYPED-AFSM-COMPOSITION-EXECUTION-V1 :EXECUTION SERIAL CHILDREN)) (MULTIPLE-VALUE-SETQ (PUBLIC-PRODUCT PUBLIC-PLAN PUBLIC-WITNESS) (COMPOSE-SEMANTIC-OBJECTS-V1 :SERIAL CHILDREN)) (LAW-ASSERT-V1 :TYPED-ADMISSIBILITY-EXECUTES (AND (GETF ADMISSIBILITY :ADMISSIBLE-P) (EQUAL # #)) ADMISSIBILITY) (LAW-ASSERT-V1 :TYPED-SURFACE-TRANSFORM-EXECUTES (AND (TYPEP SURFACE #) (EQ # :TYPED-AFSM-NETWORK)) SURFACE) (LAW-ASSERT-V1 :TYPED-EXECUTION-MATERIALIZES (AND (TYPEP PRODUCT #) (TYPEP PLAN #) (TYPEP WITNESS #) (EQUAL # #) (EQUAL # #)) PRODUCT PLAN WITNESS) (LAW-ASSERT-V1 :TYPED-IDENTITY-MATCHES-EXECUTION-PLAN (EQUAL IDENTITY (SEMANTIC-COMPOSITION-PLAN-V1-SEMANTIC-IDENTITY PLAN)) IDENTITY (SEMANTIC-COMPOSITION-PLAN-V1-SEMANTIC-IDENTITY PLAN)) (LAW-ASSERT-V1 :PUBLIC-COMPOSITION-DISPATCHES-THROUGH-LAW-RESULT (AND (EQUAL # #) (EQUAL # #) (EQUAL # #)) PUBLIC-PRODUCT PUBLIC-PLAN PUBLIC-WITNESS PRODUCT PLAN WITNESS) (LAW-ASSERT-V1 :TYPED-LAW-ATTACHMENTS-NOT-GENERIC-PLACEHOLDERS (AND (EQ # #) (EQ # #)) (SEMANTIC-ALGEBRA-LAW-REGISTRY-V1-FORM)) (LAW-ASSERT-V1 :TYPED-ADMISSIBILITY-REJECTS-REVERSED-SERIAL-CONTRACT (HANDLER-CASE (PROGN # NIL) (ERROR NIL T)) CHILDREN)) (LET* ((EXECUTION-LAW (FIND-SEMANTIC-ALGEBRA-LAW-V1 :TYPED-AFSM-COMPOSITION-EXECUTION-V1)) (ORIGINAL-ATTACHMENT (SEMANTIC-ALGEBRA-LAW-V1-IMPLEMENTATION-ATTACHMENT EXECUTION-LAW)) (ORIGINAL-DESCRIPTOR (COPY-TREE #))) (UNWIND-PROTECT (PROGN (REGISTER-SEMANTIC-ALGEBRA-LAW-V1 :TYPED-AFSM-COMPOSITION-EXECUTION-V1 :EXECUTION # #) (LAW-ASSERT-V1 :PUBLIC-COMPOSITION-OBEYS-EXECUTION-LAW-OVERRIDE #)) (REGISTER-SEMANTIC-ALGEBRA-LAW-V1 :TYPED-AFSM-COMPOSITION-EXECUTION-V1 :EXECUTION ORIGINAL-ATTACHMENT ORIGINAL-DESCRIPTOR))) (LAW-ASSERT-V1 :REGISTRY-RESTORED-AFTER-EXECUTION-LAW-OVERRIDE (EQUAL LAW-REGISTRY-ID (SEMANTIC-ALGEBRA-LAW-REGISTRY-V1-IDENTITY)) LAW-REGISTRY-ID (SEMANTIC-ALGEBRA-LAW-REGISTRY-V1-IDENTITY)) (LAW-ASSERT-V1 :REGISTRY-FORM (AND (EQ (FIRST LAW-FORM) :SCHEMA) (= (LENGTH #) 11)) LAW-FORM) (LAW-ASSERT-V1 :REGISTRY-REPEATABILITY (EQUAL LAW-REGISTRY-ID (SEMANTIC-ALGEBRA-LAW-REGISTRY-V1-IDENTITY)) LAW-REGISTRY-ID) (LAW-ASSERT-V1 :KIND-MISMATCH-REJECTION (HANDLER-CASE (PROGN (RESOLVE-SEMANTIC-ALGEBRA-LAW-V1 :TYPED-AFSM-COMPOSITION-EXECUTION-V1 :IDENTITY) NIL) (ERROR NIL T))) (UNWIND-PROTECT (PROGN (REGISTER-SEMANTIC-ALGEBRA-LAW-V1 :TEMPORARY-UNRESOLVED-LAW-V1 :EXECUTION (QUOTE NOT-AN-INSTALLED-LAW-FUNCTION) (QUOTE #)) (LAW-ASSERT-V1 :UNRESOLVED-ATTACHMENT-REJECTION (HANDLER-CASE # #)) (LAW-ASSERT-V1 :LAW-REGISTRY-PERTURBATION (NOT #) LAW-REGISTRY-ID (SEMANTIC-ALGEBRA-LAW-REGISTRY-V1-IDENTITY))) (REMHASH :TEMPORARY-UNRESOLVED-LAW-V1 *SEMANTIC-ALGEBRA-LAWS-V1*)) (FORMAT T "SemanticAlgebraLawRegistryGreen level=C10 status=algorithm-proven~%") (FORMAT T "OUTPUT ~S~%" (LIST :REGISTRY LAW-REGISTRY-ID :CONSTITUTION-COUNT (LENGTH CONSTITUTIONS) :LAW-COUNT (LENGTH (GETF # :LAWS))))) :CURRENT-INDEX 9)
10: (SB-C::%DO-FORMS-FROM-INFO #<FUNCTION (LAMBDA (SB-KERNEL:FORM &KEY :CURRENT-INDEX &ALLOW-OTHER-KEYS) :IN SB-INT:LOAD-AS-SOURCE) {1001360E2B}> #<SB-C::SOURCE-INFO {1001360DF3}> SB-C::INPUT-ERROR-IN-LOAD)
11: (SB-INT:LOAD-AS-SOURCE #<SB-SYS:FD-STREAM for "file /home/user0/FIM/deps/goggles-shg-growth/scripts/check_semantic_algebra_law_registry_v1.lisp" {10013375A3}> :VERBOSE NIL :PRINT NIL :CONTEXT "loading")
12: ((LABELS SB-FASL::LOAD-STREAM-1 :IN LOAD) #<SB-SYS:FD-STREAM for "file /home/user0/FIM/deps/goggles-shg-growth/scripts/check_semantic_algebra_law_registry_v1.lisp" {10013375A3}> NIL)
13: (SB-FASL::CALL-WITH-LOAD-BINDINGS #<FUNCTION (LABELS SB-FASL::LOAD-STREAM-1 :IN LOAD) {76226D97F82B}> #<SB-SYS:FD-STREAM for "file /home/user0/FIM/deps/goggles-shg-growth/scripts/check_semantic_algebra_law_registry_v1.lisp" {10013375A3}> NIL #<SB-SYS:FD-STREAM for "file /home/user0/FIM/deps/goggles-shg-growth/scripts/check_semantic_algebra_law_registry_v1.lisp" {10013375A3}>)
14: (LOAD #<SB-SYS:FD-STREAM for "file /home/user0/FIM/deps/goggles-shg-growth/scripts/check_semantic_algebra_law_registry_v1.lisp" {10013375A3}> :VERBOSE NIL :PRINT NIL :IF-DOES-NOT-EXIST :ERROR :EXTERNAL-FORMAT :DEFAULT)
15: ((FLET SB-IMPL::LOAD-SCRIPT :IN SB-IMPL::PROCESS-SCRIPT) #<SB-SYS:FD-STREAM for "file /home/user0/FIM/deps/goggles-shg-growth/scripts/check_semantic_algebra_law_registry_v1.lisp" {10013375A3}>)
16: ((FLET SB-UNIX::BODY :IN SB-IMPL::PROCESS-SCRIPT))
17: ((FLET "WITHOUT-INTERRUPTS-BODY-11" :IN SB-IMPL::PROCESS-SCRIPT))
18: (SB-IMPL::PROCESS-SCRIPT "scripts/check_semantic_algebra_law_registry_v1.lisp")
19: (SB-IMPL::TOPLEVEL-INIT)
20: ((FLET SB-UNIX::BODY :IN SB-IMPL::START-LISP))
21: ((FLET "WITHOUT-INTERRUPTS-BODY-3" :IN SB-IMPL::START-LISP))
22: (SB-IMPL::%START-LISP)

unhandled condition in --disable-debugger mode, quitting
